detail_id,order_id,item_id,quantity,unit_price,subtotal,notes
DTL00001,ORD00001,ITEM012,1,51000,51000,
DTL00002,ORD00002,ITEM076,1,28000,28000,
DTL00003,ORD00003,ITEM004,3,29000,87000,
DTL00004,ORD00004,ITEM016,1,40000,40000,
DTL00005,ORD00004,ITEM068,1,39000,39000,
DTL00006,ORD00004,ITEM017,2,36000,72000,panas
DTL00007,ORD00004,ITEM024,1,27000,27000,
DTL00008,ORD00005,ITEM074,1,27000,27000,
DTL00009,ORD00006,ITEM050,1,27000,27000,
DTL00010,ORD00007,ITEM069,1,60000,60000,
DTL00011,ORD00008,ITEM013,2,40000,80000,
DTL00012,ORD00009,ITEM040,1,24000,24000,
DTL00013,ORD00009,ITEM051,1,49000,49000,
DTL00014,ORD00010,ITEM043,3,27000,81000,
DTL00015,ORD00011,ITEM008,1,36000,36000,
DTL00016,ORD00012,ITEM056,1,51000,51000,
DTL00017,ORD00013,ITEM080,1,34000,34000,
DTL00018,ORD00013,ITEM025,1,41000,41000,
DTL00019,ORD00013,ITEM010,1,35000,35000,
DTL00020,ORD00014,ITEM044,3,39000,117000,
DTL00021,ORD00014,ITEM003,1,37000,37000,
DTL00022,ORD00015,ITEM030,1,27000,27000,
DTL00023,ORD00016,ITEM018,2,29000,58000,
DTL00024,ORD00016,ITEM012,1,51000,51000,
DTL00025,ORD00017,ITEM051,1,49000,49000,
DTL00026,ORD00017,ITEM016,1,40000,40000,
DTL00027,ORD00018,ITEM067,1,63000,63000,
DTL00028,ORD00019,ITEM049,2,28000,56000,
DTL00029,ORD00020,ITEM045,1,36000,36000,extra shot
DTL00030,ORD00020,ITEM073,1,22000,22000,
DTL00031,ORD00020,ITEM016,2,40000,80000,
DTL00032,ORD00021,ITEM042,1,33000,33000,
DTL00033,ORD00021,ITEM005,1,28000,28000,
DTL00034,ORD00022,ITEM030,3,27000,81000,less ice
DTL00035,ORD00023,ITEM032,1,27000,27000,
DTL00036,ORD00023,ITEM009,2,24000,48000,
DTL00037,ORD00023,ITEM033,2,39000,78000,
DTL00038,ORD00023,ITEM035,1,30000,30000,
DTL00039,ORD00024,ITEM028,1,27000,27000,
DTL00040,ORD00025,ITEM066,1,45000,45000,
DTL00041,ORD00025,ITEM074,1,27000,27000,gula sedikit
DTL00042,ORD00026,ITEM064,1,38000,38000,
DTL00043,ORD00027,ITEM077,1,23000,23000,
DTL00044,ORD00028,ITEM033,1,39000,39000,
DTL00045,ORD00028,ITEM063,1,67000,67000,
DTL00046,ORD00029,ITEM009,1,24000,24000,
DTL00047,ORD00029,ITEM012,1,51000,51000,
DTL00048,ORD00029,ITEM011,1,49000,49000,
DTL00049,ORD00030,ITEM007,1,24000,24000,
DTL00050,ORD00030,ITEM043,1,27000,27000,
DTL00051,ORD00030,ITEM046,1,29000,29000,
DTL00052,ORD00031,ITEM004,1,29000,29000,
DTL00053,ORD00031,ITEM041,1,26000,26000,tanpa gula
DTL00054,ORD00032,ITEM077,1,23000,23000,
DTL00055,ORD00033,ITEM024,1,27000,27000,
DTL00056,ORD00033,ITEM025,1,41000,41000,
DTL00057,ORD00033,ITEM007,1,24000,24000,
DTL00058,ORD00034,ITEM006,1,50000,50000,
DTL00059,ORD00034,ITEM034,1,30000,30000,
DTL00060,ORD00035,ITEM018,1,29000,29000,
DTL00061,ORD00036,ITEM010,2,35000,70000,
DTL00062,ORD00037,ITEM067,1,63000,63000,
DTL00063,ORD00037,ITEM054,1,65000,65000,
DTL00064,ORD00038,ITEM016,1,40000,40000,
DTL00065,ORD00039,ITEM024,1,27000,27000,
DTL00066,ORD00040,ITEM049,1,28000,28000,
DTL00067,ORD00040,ITEM047,1,20000,20000,
DTL00068,ORD00040,ITEM024,1,27000,27000,
DTL00069,ORD00041,ITEM074,1,27000,27000,
DTL00070,ORD00041,ITEM057,1,72000,72000,less ice
DTL00071,ORD00042,ITEM028,1,27000,27000,
DTL00072,ORD00043,ITEM007,1,24000,24000,
DTL00073,ORD00043,ITEM050,1,27000,27000,
DTL00074,ORD00044,ITEM011,1,49000,49000,
DTL00075,ORD00045,ITEM046,1,29000,29000,
DTL00076,ORD00046,ITEM077,1,23000,23000,tanpa susu
DTL00077,ORD00046,ITEM005,1,28000,28000,
DTL00078,ORD00047,ITEM036,1,25000,25000,
DTL00079,ORD00047,ITEM064,1,38000,38000,
DTL00080,ORD00048,ITEM064,1,38000,38000,
DTL00081,ORD00048,ITEM068,1,39000,39000,
DTL00082,ORD00048,ITEM043,1,27000,27000,
DTL00083,ORD00049,ITEM043,1,27000,27000,extra shot
DTL00084,ORD00049,ITEM011,2,49000,98000,
DTL00085,ORD00049,ITEM025,2,41000,82000,
DTL00086,ORD00050,ITEM004,1,29000,29000,
DTL00087,ORD00051,ITEM069,1,60000,60000,less sugar
DTL00088,ORD00051,ITEM066,1,45000,45000,
DTL00089,ORD00052,ITEM067,1,63000,63000,
DTL00090,ORD00053,ITEM053,1,68000,68000,
DTL00091,ORD00054,ITEM069,1,60000,60000,
DTL00092,ORD00055,ITEM050,1,27000,27000,
DTL00093,ORD00055,ITEM019,2,47000,94000,
DTL00094,ORD00056,ITEM006,1,50000,50000,tanpa gula
DTL00095,ORD00057,ITEM053,2,68000,136000,
DTL00096,ORD00058,ITEM057,1,72000,72000,
DTL00097,ORD00058,ITEM051,2,49000,98000,
DTL00098,ORD00058,ITEM029,2,37000,74000,
DTL00099,ORD00059,ITEM044,1,39000,39000,
DTL00100,ORD00060,ITEM042,1,33000,33000,
DTL00101,ORD00060,ITEM008,1,36000,36000,extra shot
DTL00102,ORD00060,ITEM010,2,35000,70000,
DTL00103,ORD00060,ITEM059,1,73000,73000,
DTL00104,ORD00061,ITEM055,1,52000,52000,
DTL00105,ORD00062,ITEM073,1,22000,22000,
DTL00106,ORD00062,ITEM076,1,28000,28000,
DTL00107,ORD00063,ITEM010,1,35000,35000,less ice
DTL00108,ORD00064,ITEM045,2,36000,72000,
DTL00109,ORD00065,ITEM055,1,52000,52000,extra shot
DTL00110,ORD00066,ITEM010,3,35000,105000,
DTL00111,ORD00066,ITEM018,1,29000,29000,
DTL00112,ORD00067,ITEM076,1,28000,28000,
DTL00113,ORD00067,ITEM024,2,27000,54000,
DTL00114,ORD00068,ITEM012,1,51000,51000,
DTL00115,ORD00068,ITEM074,1,27000,27000,
DTL00116,ORD00069,ITEM032,1,27000,27000,
DTL00117,ORD00070,ITEM010,1,35000,35000,
DTL00118,ORD00071,ITEM052,1,56000,56000,
DTL00119,ORD00071,ITEM059,1,73000,73000,
DTL00120,ORD00072,ITEM061,2,59000,118000,ekstra creamer
DTL00121,ORD00072,ITEM037,1,27000,27000,
DTL00122,ORD00072,ITEM025,1,41000,41000,
DTL00123,ORD00073,ITEM043,1,27000,27000,gula sedikit
DTL00124,ORD00074,ITEM054,1,65000,65000,
DTL00125,ORD00074,ITEM006,1,50000,50000,
DTL00126,ORD00075,ITEM013,1,40000,40000,
DTL00127,ORD00076,ITEM005,1,28000,28000,
DTL00128,ORD00077,ITEM045,1,36000,36000,
DTL00129,ORD00078,ITEM061,1,59000,59000,
DTL00130,ORD00078,ITEM046,1,29000,29000,
DTL00131,ORD00079,ITEM056,1,51000,51000,
DTL00132,ORD00080,ITEM032,1,27000,27000,
DTL00133,ORD00081,ITEM028,1,27000,27000,
DTL00134,ORD00082,ITEM034,1,30000,30000,
DTL00135,ORD00082,ITEM045,1,36000,36000,
DTL00136,ORD00083,ITEM058,2,52000,104000,extra shot
DTL00137,ORD00084,ITEM033,2,39000,78000,
DTL00138,ORD00084,ITEM031,1,21000,21000,
DTL00139,ORD00085,ITEM007,1,24000,24000,
DTL00140,ORD00085,ITEM013,1,40000,40000,
DTL00141,ORD00086,ITEM043,1,27000,27000,
DTL00142,ORD00086,ITEM049,1,28000,28000,
DTL00143,ORD00087,ITEM005,1,28000,28000,
DTL00144,ORD00087,ITEM058,2,52000,104000,
DTL00145,ORD00087,ITEM073,1,22000,22000,
DTL00146,ORD00088,ITEM030,2,27000,54000,
DTL00147,ORD00089,ITEM028,2,27000,54000,
DTL00148,ORD00089,ITEM059,1,73000,73000,
DTL00149,ORD00090,ITEM050,1,27000,27000,
DTL00150,ORD00090,ITEM045,1,36000,36000,
DTL00151,ORD00091,ITEM046,1,29000,29000,
DTL00152,ORD00091,ITEM017,3,36000,108000,
DTL00153,ORD00091,ITEM044,1,39000,39000,tanpa gula
DTL00154,ORD00092,ITEM011,1,49000,49000,
DTL00155,ORD00092,ITEM077,2,23000,46000,
DTL00156,ORD00092,ITEM066,2,45000,90000,panas
DTL00157,ORD00093,ITEM075,1,29000,29000,
DTL00158,ORD00094,ITEM058,2,52000,104000,
DTL00159,ORD00094,ITEM038,1,39000,39000,
DTL00160,ORD00095,ITEM029,1,37000,37000,
DTL00161,ORD00096,ITEM080,1,34000,34000,
DTL00162,ORD00096,ITEM019,1,47000,47000,
DTL00163,ORD00097,ITEM056,2,51000,102000,
DTL00164,ORD00098,ITEM003,1,37000,37000,
DTL00165,ORD00098,ITEM036,1,25000,25000,
DTL00166,ORD00099,ITEM044,1,39000,39000,tanpa susu
DTL00167,ORD00100,ITEM076,1,28000,28000,
DTL00168,ORD00100,ITEM034,1,30000,30000,
DTL00169,ORD00100,ITEM060,1,73000,73000,
DTL00170,ORD00100,ITEM045,1,36000,36000,
DTL00171,ORD00101,ITEM078,1,18000,18000,
DTL00172,ORD00102,ITEM019,1,47000,47000,
DTL00173,ORD00102,ITEM057,1,72000,72000,tanpa gula
DTL00174,ORD00103,ITEM010,2,35000,70000,
DTL00175,ORD00103,ITEM030,1,27000,27000,
DTL00176,ORD00104,ITEM071,1,26000,26000,
DTL00177,ORD00104,ITEM037,1,27000,27000,
DTL00178,ORD00105,ITEM073,1,22000,22000,
DTL00179,ORD00106,ITEM061,1,59000,59000,
DTL00180,ORD00107,ITEM072,3,18000,54000,
DTL00181,ORD00108,ITEM080,3,34000,102000,tambah whip cream
DTL00182,ORD00109,ITEM024,1,27000,27000,
DTL00183,ORD00110,ITEM002,1,40000,40000,
DTL00184,ORD00110,ITEM003,3,37000,111000,
DTL00185,ORD00111,ITEM053,1,68000,68000,
DTL00186,ORD00112,ITEM005,1,28000,28000,
DTL00187,ORD00112,ITEM012,1,51000,51000,
DTL00188,ORD00113,ITEM006,2,50000,100000,
DTL00189,ORD00113,ITEM035,1,30000,30000,
DTL00190,ORD00113,ITEM033,2,39000,78000,
DTL00191,ORD00114,ITEM058,1,52000,52000,
DTL00192,ORD00114,ITEM010,1,35000,35000,
DTL00193,ORD00115,ITEM052,1,56000,56000,
DTL00194,ORD00115,ITEM007,1,24000,24000,
DTL00195,ORD00116,ITEM056,1,51000,51000,
DTL00196,ORD00117,ITEM056,1,51000,51000,
DTL00197,ORD00118,ITEM012,1,51000,51000,
DTL00198,ORD00119,ITEM057,1,72000,72000,
DTL00199,ORD00119,ITEM002,1,40000,40000,panas
DTL00200,ORD00120,ITEM063,1,67000,67000,
DTL00201,ORD00121,ITEM015,1,50000,50000,
DTL00202,ORD00122,ITEM019,1,47000,47000,
DTL00203,ORD00123,ITEM037,1,27000,27000,
DTL00204,ORD00124,ITEM068,2,39000,78000,
DTL00205,ORD00125,ITEM045,1,36000,36000,
DTL00206,ORD00126,ITEM061,1,59000,59000,
DTL00207,ORD00126,ITEM080,2,34000,68000,
DTL00208,ORD00126,ITEM005,1,28000,28000,
DTL00209,ORD00127,ITEM059,3,73000,219000,
DTL00210,ORD00127,ITEM050,1,27000,27000,
DTL00211,ORD00128,ITEM074,1,27000,27000,
DTL00212,ORD00128,ITEM024,1,27000,27000,
DTL00213,ORD00129,ITEM052,1,56000,56000,
DTL00214,ORD00130,ITEM027,1,35000,35000,
DTL00215,ORD00130,ITEM037,1,27000,27000,
DTL00216,ORD00131,ITEM031,1,21000,21000,
DTL00217,ORD00132,ITEM078,1,18000,18000,
DTL00218,ORD00132,ITEM029,1,37000,37000,
DTL00219,ORD00133,ITEM067,1,63000,63000,
DTL00220,ORD00134,ITEM055,1,52000,52000,
DTL00221,ORD00135,ITEM028,1,27000,27000,
DTL00222,ORD00135,ITEM027,1,35000,35000,
DTL00223,ORD00136,ITEM060,1,73000,73000,
DTL00224,ORD00136,ITEM072,1,18000,18000,
DTL00225,ORD00137,ITEM073,1,22000,22000,
DTL00226,ORD00137,ITEM075,1,29000,29000,
DTL00227,ORD00138,ITEM015,1,50000,50000,
DTL00228,ORD00138,ITEM037,2,27000,54000,
DTL00229,ORD00138,ITEM045,3,36000,108000,
DTL00230,ORD00138,ITEM005,1,28000,28000,
DTL00231,ORD00139,ITEM078,1,18000,18000,
DTL00232,ORD00139,ITEM042,3,33000,99000,
DTL00233,ORD00140,ITEM018,1,29000,29000,
DTL00234,ORD00140,ITEM037,1,27000,27000,
DTL00235,ORD00140,ITEM022,1,52000,52000,
DTL00236,ORD00141,ITEM042,1,33000,33000,less ice
DTL00237,ORD00142,ITEM053,1,68000,68000,
DTL00238,ORD00142,ITEM009,3,24000,72000,
DTL00239,ORD00143,ITEM007,1,24000,24000,
DTL00240,ORD00143,ITEM006,1,50000,50000,
DTL00241,ORD00144,ITEM042,1,33000,33000,
DTL00242,ORD00145,ITEM012,1,51000,51000,
DTL00243,ORD00146,ITEM062,1,44000,44000,
DTL00244,ORD00146,ITEM018,1,29000,29000,
DTL00245,ORD00147,ITEM022,1,52000,52000,
DTL00246,ORD00147,ITEM009,1,24000,24000,
DTL00247,ORD00148,ITEM019,1,47000,47000,
DTL00248,ORD00148,ITEM017,1,36000,36000,
DTL00249,ORD00148,ITEM057,1,72000,72000,
DTL00250,ORD00149,ITEM030,1,27000,27000,
DTL00251,ORD00149,ITEM058,2,52000,104000,less ice
DTL00252,ORD00150,ITEM018,1,29000,29000,
DTL00253,ORD00150,ITEM057,1,72000,72000,no ice
DTL00254,ORD00150,ITEM061,1,59000,59000,
DTL00255,ORD00151,ITEM061,1,59000,59000,
DTL00256,ORD00151,ITEM062,1,44000,44000,
DTL00257,ORD00152,ITEM009,1,24000,24000,
DTL00258,ORD00153,ITEM028,1,27000,27000,
DTL00259,ORD00154,ITEM041,1,26000,26000,
DTL00260,ORD00155,ITEM073,1,22000,22000,
DTL00261,ORD00155,ITEM067,2,63000,126000,
DTL00262,ORD00156,ITEM002,1,40000,40000,
DTL00263,ORD00156,ITEM037,1,27000,27000,less sugar
DTL00264,ORD00156,ITEM006,1,50000,50000,ekstra creamer
DTL00265,ORD00157,ITEM017,1,36000,36000,
DTL00266,ORD00157,ITEM074,1,27000,27000,
DTL00267,ORD00158,ITEM067,1,63000,63000,
DTL00268,ORD00159,ITEM080,1,34000,34000,less sugar
DTL00269,ORD00159,ITEM037,1,27000,27000,
DTL00270,ORD00160,ITEM077,3,23000,69000,
DTL00271,ORD00161,ITEM055,3,52000,156000,
DTL00272,ORD00161,ITEM067,1,63000,63000,
DTL00273,ORD00162,ITEM047,2,20000,40000,
DTL00274,ORD00163,ITEM015,1,50000,50000,
DTL00275,ORD00164,ITEM012,2,51000,102000,
DTL00276,ORD00164,ITEM025,1,41000,41000,
DTL00277,ORD00164,ITEM045,1,36000,36000,
DTL00278,ORD00165,ITEM066,1,45000,45000,
DTL00279,ORD00165,ITEM037,1,27000,27000,
DTL00280,ORD00165,ITEM013,2,40000,80000,extra shot
DTL00281,ORD00166,ITEM010,1,35000,35000,
DTL00282,ORD00166,ITEM003,2,37000,74000,
DTL00283,ORD00166,ITEM009,2,24000,48000,
DTL00284,ORD00167,ITEM056,1,51000,51000,
DTL00285,ORD00168,ITEM044,1,39000,39000,
DTL00286,ORD00168,ITEM073,1,22000,22000,
DTL00287,ORD00169,ITEM053,1,68000,68000,
DTL00288,ORD00169,ITEM071,1,26000,26000,
DTL00289,ORD00169,ITEM080,1,34000,34000,
DTL00290,ORD00169,ITEM072,1,18000,18000,
DTL00291,ORD00170,ITEM013,1,40000,40000,
DTL00292,ORD00170,ITEM037,1,27000,27000,
DTL00293,ORD00170,ITEM036,2,25000,50000,
DTL00294,ORD00170,ITEM041,3,26000,78000,
DTL00295,ORD00171,ITEM053,2,68000,136000,
DTL00296,ORD00172,ITEM003,1,37000,37000,
DTL00297,ORD00172,ITEM077,1,23000,23000,
DTL00298,ORD00173,ITEM077,3,23000,69000,
DTL00299,ORD00173,ITEM054,2,65000,130000,
DTL00300,ORD00174,ITEM028,1,27000,27000,
DTL00301,ORD00174,ITEM053,1,68000,68000,
DTL00302,ORD00175,ITEM047,2,20000,40000,panas
DTL00303,ORD00176,ITEM012,1,51000,51000,
DTL00304,ORD00176,ITEM050,1,27000,27000,
DTL00305,ORD00177,ITEM073,1,22000,22000,
DTL00306,ORD00177,ITEM056,1,51000,51000,gula sedikit
DTL00307,ORD00177,ITEM052,1,56000,56000,
DTL00308,ORD00178,ITEM027,2,35000,70000,
DTL00309,ORD00179,ITEM027,1,35000,35000,
DTL00310,ORD00180,ITEM043,1,27000,27000,
DTL00311,ORD00181,ITEM071,1,26000,26000,
DTL00312,ORD00182,ITEM040,1,24000,24000,
DTL00313,ORD00183,ITEM034,2,30000,60000,
DTL00314,ORD00184,ITEM057,1,72000,72000,
DTL00315,ORD00184,ITEM076,2,28000,56000,
DTL00316,ORD00185,ITEM076,1,28000,28000,
DTL00317,ORD00185,ITEM022,1,52000,52000,panas
DTL00318,ORD00186,ITEM040,2,24000,48000,no ice
DTL00319,ORD00186,ITEM047,1,20000,20000,
DTL00320,ORD00187,ITEM061,1,59000,59000,
DTL00321,ORD00188,ITEM072,1,18000,18000,
DTL00322,ORD00189,ITEM050,1,27000,27000,
DTL00323,ORD00190,ITEM013,1,40000,40000,
DTL00324,ORD00190,ITEM035,1,30000,30000,
DTL00325,ORD00190,ITEM019,1,47000,47000,
DTL00326,ORD00191,ITEM008,1,36000,36000,
DTL00327,ORD00191,ITEM075,1,29000,29000,
DTL00328,ORD00191,ITEM025,1,41000,41000,
DTL00329,ORD00192,ITEM054,1,65000,65000,
DTL00330,ORD00193,ITEM028,1,27000,27000,
DTL00331,ORD00193,ITEM069,1,60000,60000,ekstra creamer
DTL00332,ORD00194,ITEM034,1,30000,30000,
DTL00333,ORD00194,ITEM032,2,27000,54000,gula sedikit
DTL00334,ORD00194,ITEM041,1,26000,26000,gula sedikit
DTL00335,ORD00195,ITEM062,2,44000,88000,
DTL00336,ORD00195,ITEM056,1,51000,51000,
DTL00337,ORD00196,ITEM043,1,27000,27000,
DTL00338,ORD00196,ITEM045,1,36000,36000,
DTL00339,ORD00197,ITEM036,2,25000,50000,
DTL00340,ORD00198,ITEM061,1,59000,59000,
DTL00341,ORD00199,ITEM045,2,36000,72000,
DTL00342,ORD00200,ITEM050,1,27000,27000,
DTL00343,ORD00200,ITEM012,1,51000,51000,
DTL00344,ORD00200,ITEM034,1,30000,30000,
DTL00345,ORD00201,ITEM010,1,35000,35000,extra hot
DTL00346,ORD00201,ITEM069,1,60000,60000,
DTL00347,ORD00201,ITEM030,2,27000,54000,
DTL00348,ORD00202,ITEM029,1,37000,37000,tanpa gula
DTL00349,ORD00202,ITEM011,1,49000,49000,
DTL00350,ORD00202,ITEM072,1,18000,18000,
DTL00351,ORD00203,ITEM062,1,44000,44000,
DTL00352,ORD00203,ITEM059,1,73000,73000,
DTL00353,ORD00204,ITEM052,1,56000,56000,
DTL00354,ORD00205,ITEM077,1,23000,23000,extra shot
DTL00355,ORD00206,ITEM018,1,29000,29000,
DTL00356,ORD00207,ITEM007,1,24000,24000,
DTL00357,ORD00207,ITEM015,1,50000,50000,
DTL00358,ORD00208,ITEM013,1,40000,40000,
DTL00359,ORD00209,ITEM015,1,50000,50000,
DTL00360,ORD00210,ITEM032,1,27000,27000,
DTL00361,ORD00211,ITEM012,1,51000,51000,
DTL00362,ORD00212,ITEM006,1,50000,50000,
DTL00363,ORD00212,ITEM044,1,39000,39000,
DTL00364,ORD00213,ITEM012,1,51000,51000,
DTL00365,ORD00213,ITEM055,3,52000,156000,
DTL00366,ORD00213,ITEM051,1,49000,49000,extra hot
DTL00367,ORD00214,ITEM071,1,26000,26000,
DTL00368,ORD00214,ITEM064,1,38000,38000,ekstra creamer
DTL00369,ORD00214,ITEM029,3,37000,111000,
DTL00370,ORD00215,ITEM034,1,30000,30000,
DTL00371,ORD00215,ITEM051,1,49000,49000,
DTL00372,ORD00216,ITEM025,1,41000,41000,
DTL00373,ORD00217,ITEM056,1,51000,51000,
DTL00374,ORD00218,ITEM073,1,22000,22000,
DTL00375,ORD00219,ITEM075,1,29000,29000,
DTL00376,ORD00219,ITEM032,1,27000,27000,
DTL00377,ORD00220,ITEM066,1,45000,45000,
DTL00378,ORD00221,ITEM015,1,50000,50000,
DTL00379,ORD00222,ITEM030,1,27000,27000,
DTL00380,ORD00223,ITEM074,3,27000,81000,
DTL00381,ORD00223,ITEM019,1,47000,47000,
DTL00382,ORD00224,ITEM018,1,29000,29000,
DTL00383,ORD00225,ITEM051,3,49000,147000,
DTL00384,ORD00226,ITEM033,1,39000,39000,
DTL00385,ORD00226,ITEM031,1,21000,21000,extra shot
DTL00386,ORD00227,ITEM061,1,59000,59000,
DTL00387,ORD00227,ITEM078,2,18000,36000,
DTL00388,ORD00228,ITEM038,1,39000,39000,
DTL00389,ORD00228,ITEM022,1,52000,52000,
DTL00390,ORD00228,ITEM008,1,36000,36000,
DTL00391,ORD00228,ITEM044,1,39000,39000,
DTL00392,ORD00229,ITEM056,1,51000,51000,gula sedikit
DTL00393,ORD00230,ITEM055,1,52000,52000,
DTL00394,ORD00230,ITEM080,1,34000,34000,
DTL00395,ORD00231,ITEM062,1,44000,44000,
DTL00396,ORD00232,ITEM049,1,28000,28000,
DTL00397,ORD00233,ITEM029,1,37000,37000,
DTL00398,ORD00234,ITEM054,1,65000,65000,tanpa susu
DTL00399,ORD00235,ITEM037,1,27000,27000,
DTL00400,ORD00235,ITEM006,1,50000,50000,
DTL00401,ORD00235,ITEM049,1,28000,28000,
DTL00402,ORD00236,ITEM011,2,49000,98000,
DTL00403,ORD00237,ITEM015,1,50000,50000,
DTL00404,ORD00238,ITEM005,1,28000,28000,
DTL00405,ORD00238,ITEM012,1,51000,51000,
DTL00406,ORD00239,ITEM017,1,36000,36000,
DTL00407,ORD00240,ITEM045,1,36000,36000,extra hot
DTL00408,ORD00240,ITEM012,1,51000,51000,
DTL00409,ORD00241,ITEM055,3,52000,156000,
DTL00410,ORD00242,ITEM052,1,56000,56000,tambah whip cream
DTL00411,ORD00243,ITEM007,1,24000,24000,
DTL00412,ORD00243,ITEM068,1,39000,39000,
DTL00413,ORD00244,ITEM009,2,24000,48000,
DTL00414,ORD00245,ITEM047,3,20000,60000,
DTL00415,ORD00246,ITEM068,1,39000,39000,
DTL00416,ORD00246,ITEM066,1,45000,45000,
DTL00417,ORD00246,ITEM053,1,68000,68000,
DTL00418,ORD00247,ITEM074,1,27000,27000,
DTL00419,ORD00247,ITEM004,1,29000,29000,
DTL00420,ORD00247,ITEM059,2,73000,146000,
DTL00421,ORD00248,ITEM012,1,51000,51000,
DTL00422,ORD00249,ITEM022,2,52000,104000,
DTL00423,ORD00249,ITEM071,1,26000,26000,
DTL00424,ORD00250,ITEM006,1,50000,50000,
DTL00425,ORD00250,ITEM049,2,28000,56000,
DTL00426,ORD00250,ITEM015,1,50000,50000,
DTL00427,ORD00251,ITEM034,1,30000,30000,
DTL00428,ORD00252,ITEM075,1,29000,29000,
DTL00429,ORD00253,ITEM016,1,40000,40000,
DTL00430,ORD00253,ITEM071,1,26000,26000,
DTL00431,ORD00254,ITEM022,1,52000,52000,
DTL00432,ORD00255,ITEM033,2,39000,78000,
DTL00433,ORD00255,ITEM066,2,45000,90000,
DTL00434,ORD00255,ITEM069,1,60000,60000,
DTL00435,ORD00256,ITEM009,1,24000,24000,
DTL00436,ORD00256,ITEM035,1,30000,30000,
DTL00437,ORD00257,ITEM078,1,18000,18000,
DTL00438,ORD00257,ITEM074,2,27000,54000,
DTL00439,ORD00257,ITEM017,1,36000,36000,gula sedikit
DTL00440,ORD00258,ITEM071,1,26000,26000,
DTL00441,ORD00258,ITEM056,1,51000,51000,
DTL00442,ORD00258,ITEM052,1,56000,56000,
DTL00443,ORD00259,ITEM017,1,36000,36000,
DTL00444,ORD00259,ITEM076,1,28000,28000,
DTL00445,ORD00260,ITEM042,1,33000,33000,
DTL00446,ORD00260,ITEM058,1,52000,52000,
DTL00447,ORD00261,ITEM017,1,36000,36000,
DTL00448,ORD00261,ITEM035,1,30000,30000,
DTL00449,ORD00262,ITEM001,2,29000,58000,
DTL00450,ORD00263,ITEM059,1,73000,73000,less sugar
DTL00451,ORD00263,ITEM076,2,28000,56000,
DTL00452,ORD00264,ITEM075,1,29000,29000,
DTL00453,ORD00265,ITEM053,1,68000,68000,
DTL00454,ORD00265,ITEM058,1,52000,52000,
DTL00455,ORD00266,ITEM042,1,33000,33000,
DTL00456,ORD00266,ITEM034,1,30000,30000,
DTL00457,ORD00266,ITEM030,1,27000,27000,
DTL00458,ORD00267,ITEM071,3,26000,78000,
DTL00459,ORD00267,ITEM037,1,27000,27000,
DTL00460,ORD00267,ITEM051,1,49000,49000,
DTL00461,ORD00268,ITEM076,1,28000,28000,
DTL00462,ORD00268,ITEM078,1,18000,18000,
DTL00463,ORD00268,ITEM002,1,40000,40000,
DTL00464,ORD00269,ITEM031,1,21000,21000,
DTL00465,ORD00270,ITEM017,1,36000,36000,
DTL00466,ORD00270,ITEM011,1,49000,49000,
DTL00467,ORD00271,ITEM075,1,29000,29000,
DTL00468,ORD00272,ITEM028,1,27000,27000,
DTL00469,ORD00273,ITEM040,1,24000,24000,
DTL00470,ORD00274,ITEM055,1,52000,52000,
DTL00471,ORD00275,ITEM063,1,67000,67000,
DTL00472,ORD00275,ITEM056,1,51000,51000,
DTL00473,ORD00276,ITEM072,1,18000,18000,less sugar
DTL00474,ORD00276,ITEM045,1,36000,36000,
DTL00475,ORD00277,ITEM054,1,65000,65000,dingin
DTL00476,ORD00278,ITEM078,3,18000,54000,
DTL00477,ORD00278,ITEM028,1,27000,27000,
DTL00478,ORD00279,ITEM051,1,49000,49000,
DTL00479,ORD00279,ITEM061,2,59000,118000,
DTL00480,ORD00280,ITEM041,1,26000,26000,ekstra creamer
DTL00481,ORD00280,ITEM064,1,38000,38000,extra hot
DTL00482,ORD00281,ITEM011,1,49000,49000,
DTL00483,ORD00281,ITEM032,1,27000,27000,tambah whip cream
DTL00484,ORD00282,ITEM057,1,72000,72000,
DTL00485,ORD00282,ITEM046,1,29000,29000,
DTL00486,ORD00283,ITEM080,3,34000,102000,
DTL00487,ORD00283,ITEM041,1,26000,26000,
DTL00488,ORD00283,ITEM064,1,38000,38000,
DTL00489,ORD00283,ITEM019,1,47000,47000,
DTL00490,ORD00284,ITEM024,1,27000,27000,
DTL00491,ORD00285,ITEM063,1,67000,67000,
DTL00492,ORD00286,ITEM057,2,72000,144000,
DTL00493,ORD00287,ITEM009,1,24000,24000,
DTL00494,ORD00288,ITEM078,1,18000,18000,dingin
DTL00495,ORD00289,ITEM061,1,59000,59000,
DTL00496,ORD00290,ITEM058,1,52000,52000,
DTL00497,ORD00291,ITEM064,1,38000,38000,
DTL00498,ORD00291,ITEM037,1,27000,27000,
DTL00499,ORD00292,ITEM076,1,28000,28000,
DTL00500,ORD00292,ITEM017,1,36000,36000,gula sedikit
DTL00501,ORD00293,ITEM037,1,27000,27000,
DTL00502,ORD00294,ITEM008,1,36000,36000,
DTL00503,ORD00294,ITEM053,1,68000,68000,
DTL00504,ORD00295,ITEM056,1,51000,51000,
DTL00505,ORD00296,ITEM052,1,56000,56000,
DTL00506,ORD00297,ITEM074,1,27000,27000,
DTL00507,ORD00298,ITEM030,1,27000,27000,
DTL00508,ORD00298,ITEM077,1,23000,23000,
DTL00509,ORD00299,ITEM005,1,28000,28000,
DTL00510,ORD00300,ITEM038,1,39000,39000,
DTL00511,ORD00300,ITEM007,1,24000,24000,panas
DTL00512,ORD00301,ITEM008,1,36000,36000,
DTL00513,ORD00301,ITEM041,2,26000,52000,
DTL00514,ORD00302,ITEM037,1,27000,27000,tambah whip cream
DTL00515,ORD00303,ITEM027,1,35000,35000,
DTL00516,ORD00303,ITEM029,1,37000,37000,
DTL00517,ORD00303,ITEM059,2,73000,146000,tambah whip cream
DTL00518,ORD00304,ITEM080,1,34000,34000,
DTL00519,ORD00305,ITEM076,3,28000,84000,
DTL00520,ORD00305,ITEM019,1,47000,47000,
DTL00521,ORD00306,ITEM024,1,27000,27000,
DTL00522,ORD00306,ITEM013,1,40000,40000,panas
DTL00523,ORD00306,ITEM005,1,28000,28000,
DTL00524,ORD00307,ITEM013,1,40000,40000,
DTL00525,ORD00308,ITEM035,1,30000,30000,
DTL00526,ORD00308,ITEM002,1,40000,40000,
DTL00527,ORD00308,ITEM056,1,51000,51000,
DTL00528,ORD00309,ITEM044,1,39000,39000,
DTL00529,ORD00310,ITEM063,1,67000,67000,
DTL00530,ORD00311,ITEM041,1,26000,26000,
DTL00531,ORD00312,ITEM004,1,29000,29000,
DTL00532,ORD00312,ITEM046,2,29000,58000,
DTL00533,ORD00313,ITEM011,1,49000,49000,
DTL00534,ORD00313,ITEM016,1,40000,40000,
DTL00535,ORD00314,ITEM078,1,18000,18000,
DTL00536,ORD00315,ITEM077,1,23000,23000,
DTL00537,ORD00316,ITEM041,1,26000,26000,tanpa gula
DTL00538,ORD00317,ITEM072,1,18000,18000,
DTL00539,ORD00317,ITEM078,1,18000,18000,less sugar
DTL00540,ORD00317,ITEM012,1,51000,51000,dingin
DTL00541,ORD00318,ITEM036,1,25000,25000,
DTL00542,ORD00318,ITEM074,1,27000,27000,
DTL00543,ORD00319,ITEM056,1,51000,51000,
DTL00544,ORD00320,ITEM032,1,27000,27000,
DTL00545,ORD00321,ITEM025,1,41000,41000,
DTL00546,ORD00321,ITEM047,1,20000,20000,
DTL00547,ORD00322,ITEM030,1,27000,27000,
DTL00548,ORD00323,ITEM071,1,26000,26000,
DTL00549,ORD00324,ITEM060,1,73000,73000,
DTL00550,ORD00325,ITEM064,2,38000,76000,extra hot
DTL00551,ORD00325,ITEM072,1,18000,18000,
DTL00552,ORD00325,ITEM049,1,28000,28000,
DTL00553,ORD00326,ITEM037,1,27000,27000,
DTL00554,ORD00326,ITEM076,1,28000,28000,
DTL00555,ORD00326,ITEM078,1,18000,18000,
DTL00556,ORD00327,ITEM007,1,24000,24000,less ice
DTL00557,ORD00328,ITEM060,1,73000,73000,
DTL00558,ORD00329,ITEM025,1,41000,41000,
DTL00559,ORD00329,ITEM017,1,36000,36000,
DTL00560,ORD00330,ITEM024,1,27000,27000,
DTL00561,ORD00330,ITEM025,1,41000,41000,
DTL00562,ORD00330,ITEM022,1,52000,52000,
DTL00563,ORD00331,ITEM073,1,22000,22000,
DTL00564,ORD00332,ITEM037,1,27000,27000,
DTL00565,ORD00332,ITEM042,2,33000,66000,
DTL00566,ORD00333,ITEM012,1,51000,51000,
DTL00567,ORD00334,ITEM045,1,36000,36000,no ice
DTL00568,ORD00335,ITEM077,1,23000,23000,
DTL00569,ORD00336,ITEM043,1,27000,27000,
DTL00570,ORD00336,ITEM062,1,44000,44000,tanpa susu
DTL00571,ORD00336,ITEM047,1,20000,20000,
DTL00572,ORD00337,ITEM017,1,36000,36000,
DTL00573,ORD00338,ITEM043,1,27000,27000,
DTL00574,ORD00338,ITEM038,1,39000,39000,
DTL00575,ORD00339,ITEM030,2,27000,54000,less ice
DTL00576,ORD00339,ITEM050,2,27000,54000,
DTL00577,ORD00340,ITEM060,2,73000,146000,
DTL00578,ORD00340,ITEM008,1,36000,36000,
DTL00579,ORD00341,ITEM004,1,29000,29000,
DTL00580,ORD00342,ITEM041,1,26000,26000,tanpa gula
DTL00581,ORD00342,ITEM060,1,73000,73000,panas
DTL00582,ORD00343,ITEM071,2,26000,52000,
DTL00583,ORD00344,ITEM076,1,28000,28000,
DTL00584,ORD00344,ITEM018,1,29000,29000,no ice
DTL00585,ORD00345,ITEM046,1,29000,29000,
DTL00586,ORD00345,ITEM003,2,37000,74000,
DTL00587,ORD00346,ITEM042,1,33000,33000,tambah whip cream
DTL00588,ORD00347,ITEM027,1,35000,35000,tambah whip cream
DTL00589,ORD00347,ITEM010,1,35000,35000,
DTL00590,ORD00348,ITEM066,1,45000,45000,
DTL00591,ORD00348,ITEM053,1,68000,68000,
DTL00592,ORD00348,ITEM046,1,29000,29000,less ice
DTL00593,ORD00349,ITEM034,1,30000,30000,dingin
DTL00594,ORD00350,ITEM069,1,60000,60000,
DTL00595,ORD00351,ITEM010,1,35000,35000,
DTL00596,ORD00352,ITEM032,2,27000,54000,
DTL00597,ORD00353,ITEM072,1,18000,18000,
DTL00598,ORD00353,ITEM016,1,40000,40000,
DTL00599,ORD00353,ITEM068,1,39000,39000,
DTL00600,ORD00354,ITEM001,1,29000,29000,
DTL00601,ORD00354,ITEM022,1,52000,52000,
DTL00602,ORD00354,ITEM024,1,27000,27000,dingin
DTL00603,ORD00355,ITEM018,2,29000,58000,
DTL00604,ORD00356,ITEM058,1,52000,52000,
DTL00605,ORD00357,ITEM054,1,65000,65000,gula sedikit
DTL00606,ORD00357,ITEM061,1,59000,59000,
DTL00607,ORD00358,ITEM061,2,59000,118000,
DTL00608,ORD00358,ITEM067,2,63000,126000,
DTL00609,ORD00359,ITEM001,1,29000,29000,
DTL00610,ORD00360,ITEM071,1,26000,26000,
DTL00611,ORD00360,ITEM055,3,52000,156000,dingin
DTL00612,ORD00360,ITEM016,1,40000,40000,
DTL00613,ORD00360,ITEM011,2,49000,98000,
DTL00614,ORD00361,ITEM051,1,49000,49000,
DTL00615,ORD00361,ITEM078,1,18000,18000,
DTL00616,ORD00362,ITEM040,1,24000,24000,
DTL00617,ORD00362,ITEM008,1,36000,36000,
DTL00618,ORD00363,ITEM042,1,33000,33000,
DTL00619,ORD00364,ITEM040,1,24000,24000,
DTL00620,ORD00364,ITEM036,2,25000,50000,
DTL00621,ORD00365,ITEM036,1,25000,25000,
DTL00622,ORD00365,ITEM064,1,38000,38000,
DTL00623,ORD00366,ITEM069,1,60000,60000,
DTL00624,ORD00367,ITEM066,1,45000,45000,
DTL00625,ORD00368,ITEM041,2,26000,52000,
DTL00626,ORD00369,ITEM029,1,37000,37000,
DTL00627,ORD00370,ITEM043,1,27000,27000,
DTL00628,ORD00371,ITEM018,1,29000,29000,
DTL00629,ORD00372,ITEM042,1,33000,33000,
DTL00630,ORD00373,ITEM008,1,36000,36000,
DTL00631,ORD00374,ITEM080,1,34000,34000,
DTL00632,ORD00375,ITEM003,1,37000,37000,
DTL00633,ORD00375,ITEM073,2,22000,44000,
DTL00634,ORD00376,ITEM059,2,73000,146000,
DTL00635,ORD00377,ITEM053,1,68000,68000,
DTL00636,ORD00377,ITEM050,1,27000,27000,no ice
DTL00637,ORD00378,ITEM028,3,27000,81000,
DTL00638,ORD00378,ITEM006,1,50000,50000,
DTL00639,ORD00379,ITEM030,1,27000,27000,panas
DTL00640,ORD00380,ITEM051,1,49000,49000,
DTL00641,ORD00381,ITEM010,1,35000,35000,
DTL00642,ORD00382,ITEM007,2,24000,48000,
DTL00643,ORD00383,ITEM034,2,30000,60000,
DTL00644,ORD00383,ITEM009,2,24000,48000,gula sedikit
DTL00645,ORD00384,ITEM028,1,27000,27000,
DTL00646,ORD00384,ITEM050,1,27000,27000,
DTL00647,ORD00385,ITEM056,1,51000,51000,
DTL00648,ORD00385,ITEM025,1,41000,41000,
DTL00649,ORD00386,ITEM041,1,26000,26000,
DTL00650,ORD00387,ITEM045,1,36000,36000,
DTL00651,ORD00387,ITEM052,1,56000,56000,no ice
DTL00652,ORD00388,ITEM016,1,40000,40000,
DTL00653,ORD00389,ITEM050,1,27000,27000,less ice
DTL00654,ORD00390,ITEM036,1,25000,25000,
DTL00655,ORD00391,ITEM013,1,40000,40000,
DTL00656,ORD00392,ITEM067,1,63000,63000,
DTL00657,ORD00393,ITEM042,1,33000,33000,
DTL00658,ORD00393,ITEM019,1,47000,47000,
DTL00659,ORD00394,ITEM072,2,18000,36000,
DTL00660,ORD00394,ITEM033,1,39000,39000,
DTL00661,ORD00394,ITEM069,1,60000,60000,
DTL00662,ORD00395,ITEM005,1,28000,28000,
DTL00663,ORD00395,ITEM062,1,44000,44000,
DTL00664,ORD00396,ITEM018,1,29000,29000,less sugar
DTL00665,ORD00396,ITEM053,1,68000,68000,
DTL00666,ORD00396,ITEM044,1,39000,39000,ekstra creamer
DTL00667,ORD00397,ITEM001,1,29000,29000,
DTL00668,ORD00397,ITEM010,1,35000,35000,
DTL00669,ORD00398,ITEM008,2,36000,72000,
DTL00670,ORD00398,ITEM075,2,29000,58000,
DTL00671,ORD00399,ITEM032,3,27000,81000,
DTL00672,ORD00399,ITEM019,1,47000,47000,
DTL00673,ORD00400,ITEM052,1,56000,56000,
DTL00674,ORD00401,ITEM067,1,63000,63000,
DTL00675,ORD00402,ITEM024,2,27000,54000,
DTL00676,ORD00403,ITEM003,1,37000,37000,
DTL00677,ORD00404,ITEM077,2,23000,46000,
DTL00678,ORD00405,ITEM043,1,27000,27000,
DTL00679,ORD00406,ITEM028,2,27000,54000,
DTL00680,ORD00407,ITEM032,1,27000,27000,
DTL00681,ORD00408,ITEM059,2,73000,146000,extra shot
DTL00682,ORD00408,ITEM073,1,22000,22000,
DTL00683,ORD00408,ITEM022,3,52000,156000,
DTL00684,ORD00409,ITEM071,1,26000,26000,
DTL00685,ORD00409,ITEM006,1,50000,50000,
DTL00686,ORD00410,ITEM042,1,33000,33000,
DTL00687,ORD00411,ITEM008,2,36000,72000,
DTL00688,ORD00412,ITEM012,2,51000,102000,
DTL00689,ORD00412,ITEM033,2,39000,78000,extra hot
DTL00690,ORD00412,ITEM064,1,38000,38000,
DTL00691,ORD00412,ITEM061,2,59000,118000,
DTL00692,ORD00413,ITEM060,1,73000,73000,
DTL00693,ORD00414,ITEM044,1,39000,39000,
DTL00694,ORD00414,ITEM072,2,18000,36000,
DTL00695,ORD00415,ITEM043,1,27000,27000,
DTL00696,ORD00416,ITEM063,1,67000,67000,
DTL00697,ORD00416,ITEM040,1,24000,24000,
DTL00698,ORD00417,ITEM019,1,47000,47000,
DTL00699,ORD00417,ITEM053,1,68000,68000,less sugar
DTL00700,ORD00417,ITEM025,1,41000,41000,
DTL00701,ORD00418,ITEM047,2,20000,40000,
DTL00702,ORD00419,ITEM076,1,28000,28000,
DTL00703,ORD00420,ITEM077,1,23000,23000,
DTL00704,ORD00420,ITEM078,2,18000,36000,
DTL00705,ORD00421,ITEM064,2,38000,76000,
DTL00706,ORD00422,ITEM022,1,52000,52000,
DTL00707,ORD00422,ITEM035,1,30000,30000,
DTL00708,ORD00422,ITEM046,1,29000,29000,
DTL00709,ORD00423,ITEM038,1,39000,39000,
DTL00710,ORD00424,ITEM022,2,52000,104000,tanpa susu
DTL00711,ORD00425,ITEM013,1,40000,40000,
DTL00712,ORD00425,ITEM002,3,40000,120000,
DTL00713,ORD00426,ITEM015,2,50000,100000,extra hot
DTL00714,ORD00426,ITEM029,1,37000,37000,
DTL00715,ORD00427,ITEM006,1,50000,50000,
DTL00716,ORD00427,ITEM011,1,49000,49000,
DTL00717,ORD00428,ITEM009,2,24000,48000,
DTL00718,ORD00429,ITEM011,1,49000,49000,
DTL00719,ORD00430,ITEM062,1,44000,44000,
DTL00720,ORD00431,ITEM022,1,52000,52000,
DTL00721,ORD00432,ITEM073,3,22000,66000,
DTL00722,ORD00432,ITEM004,1,29000,29000,
DTL00723,ORD00433,ITEM040,1,24000,24000,
DTL00724,ORD00434,ITEM056,1,51000,51000,
DTL00725,ORD00435,ITEM057,1,72000,72000,
DTL00726,ORD00436,ITEM073,1,22000,22000,
DTL00727,ORD00437,ITEM004,1,29000,29000,
DTL00728,ORD00437,ITEM051,3,49000,147000,
DTL00729,ORD00438,ITEM016,1,40000,40000,
DTL00730,ORD00438,ITEM051,1,49000,49000,tanpa susu
DTL00731,ORD00438,ITEM027,1,35000,35000,
DTL00732,ORD00439,ITEM072,1,18000,18000,
DTL00733,ORD00439,ITEM013,1,40000,40000,
DTL00734,ORD00440,ITEM078,1,18000,18000,
DTL00735,ORD00440,ITEM033,3,39000,117000,
DTL00736,ORD00441,ITEM009,1,24000,24000,
DTL00737,ORD00442,ITEM080,1,34000,34000,
DTL00738,ORD00443,ITEM029,1,37000,37000,ekstra creamer
DTL00739,ORD00443,ITEM073,2,22000,44000,
DTL00740,ORD00444,ITEM045,2,36000,72000,
DTL00741,ORD00445,ITEM036,1,25000,25000,
DTL00742,ORD00446,ITEM005,1,28000,28000,
DTL00743,ORD00447,ITEM072,2,18000,36000,
DTL00744,ORD00447,ITEM003,1,37000,37000,extra hot
DTL00745,ORD00447,ITEM008,2,36000,72000,
DTL00746,ORD00448,ITEM076,1,28000,28000,
DTL00747,ORD00448,ITEM077,1,23000,23000,
DTL00748,ORD00448,ITEM038,1,39000,39000,
DTL00749,ORD00449,ITEM042,1,33000,33000,
DTL00750,ORD00450,ITEM042,1,33000,33000,
DTL00751,ORD00450,ITEM022,2,52000,104000,
DTL00752,ORD00451,ITEM046,2,29000,58000,
DTL00753,ORD00451,ITEM054,1,65000,65000,
DTL00754,ORD00452,ITEM036,2,25000,50000,
DTL00755,ORD00452,ITEM045,1,36000,36000,
DTL00756,ORD00452,ITEM032,2,27000,54000,
DTL00757,ORD00453,ITEM013,1,40000,40000,
DTL00758,ORD00453,ITEM025,1,41000,41000,
DTL00759,ORD00453,ITEM040,1,24000,24000,
DTL00760,ORD00454,ITEM046,1,29000,29000,
DTL00761,ORD00455,ITEM047,1,20000,20000,
DTL00762,ORD00455,ITEM066,1,45000,45000,
DTL00763,ORD00456,ITEM003,2,37000,74000,
DTL00764,ORD00457,ITEM040,1,24000,24000,
DTL00765,ORD00457,ITEM024,2,27000,54000,
DTL00766,ORD00458,ITEM041,1,26000,26000,
DTL00767,ORD00458,ITEM043,1,27000,27000,
DTL00768,ORD00458,ITEM073,2,22000,44000,
DTL00769,ORD00459,ITEM037,1,27000,27000,
DTL00770,ORD00459,ITEM055,1,52000,52000,
DTL00771,ORD00460,ITEM013,1,40000,40000,
DTL00772,ORD00461,ITEM058,1,52000,52000,
DTL00773,ORD00462,ITEM077,1,23000,23000,
DTL00774,ORD00463,ITEM043,1,27000,27000,tanpa gula
DTL00775,ORD00463,ITEM040,1,24000,24000,
DTL00776,ORD00463,ITEM076,3,28000,84000,
DTL00777,ORD00464,ITEM068,1,39000,39000,less ice
DTL00778,ORD00465,ITEM022,1,52000,52000,
DTL00779,ORD00465,ITEM017,1,36000,36000,
DTL00780,ORD00466,ITEM010,1,35000,35000,
DTL00781,ORD00467,ITEM015,1,50000,50000,
DTL00782,ORD00467,ITEM049,1,28000,28000,
DTL00783,ORD00467,ITEM024,1,27000,27000,
DTL00784,ORD00468,ITEM007,2,24000,48000,
DTL00785,ORD00469,ITEM059,1,73000,73000,extra shot
DTL00786,ORD00470,ITEM063,1,67000,67000,gula sedikit
DTL00787,ORD00471,ITEM062,1,44000,44000,
DTL00788,ORD00472,ITEM034,1,30000,30000,
DTL00789,ORD00472,ITEM024,1,27000,27000,
DTL00790,ORD00472,ITEM073,2,22000,44000,
DTL00791,ORD00472,ITEM077,1,23000,23000,
DTL00792,ORD00473,ITEM075,1,29000,29000,
DTL00793,ORD00474,ITEM028,2,27000,54000,
DTL00794,ORD00474,ITEM029,1,37000,37000,
DTL00795,ORD00475,ITEM011,1,49000,49000,
DTL00796,ORD00476,ITEM059,2,73000,146000,tanpa susu
DTL00797,ORD00477,ITEM012,1,51000,51000,
DTL00798,ORD00477,ITEM018,2,29000,58000,
DTL00799,ORD00478,ITEM078,1,18000,18000,
DTL00800,ORD00478,ITEM030,1,27000,27000,
DTL00801,ORD00478,ITEM012,1,51000,51000,
DTL00802,ORD00479,ITEM058,1,52000,52000,
DTL00803,ORD00479,ITEM007,2,24000,48000,
DTL00804,ORD00480,ITEM072,1,18000,18000,
DTL00805,ORD00480,ITEM035,1,30000,30000,
DTL00806,ORD00481,ITEM052,1,56000,56000,
DTL00807,ORD00481,ITEM066,1,45000,45000,
DTL00808,ORD00481,ITEM063,1,67000,67000,
DTL00809,ORD00482,ITEM054,1,65000,65000,
DTL00810,ORD00482,ITEM069,1,60000,60000,
DTL00811,ORD00482,ITEM025,1,41000,41000,
DTL00812,ORD00483,ITEM053,2,68000,136000,less sugar
DTL00813,ORD00483,ITEM040,2,24000,48000,
DTL00814,ORD00483,ITEM025,1,41000,41000,
DTL00815,ORD00483,ITEM028,1,27000,27000,
DTL00816,ORD00484,ITEM007,1,24000,24000,no ice
DTL00817,ORD00484,ITEM064,3,38000,114000,
DTL00818,ORD00485,ITEM044,1,39000,39000,
DTL00819,ORD00486,ITEM001,1,29000,29000,
DTL00820,ORD00486,ITEM037,1,27000,27000,
DTL00821,ORD00486,ITEM069,1,60000,60000,
DTL00822,ORD00487,ITEM067,2,63000,126000,
DTL00823,ORD00487,ITEM076,1,28000,28000,
DTL00824,ORD00487,ITEM054,1,65000,65000,
DTL00825,ORD00488,ITEM024,3,27000,81000,gula sedikit
DTL00826,ORD00488,ITEM008,2,36000,72000,extra hot
DTL00827,ORD00489,ITEM077,1,23000,23000,
DTL00828,ORD00489,ITEM022,1,52000,52000,
DTL00829,ORD00490,ITEM057,1,72000,72000,
DTL00830,ORD00491,ITEM025,1,41000,41000,tambah whip cream
DTL00831,ORD00492,ITEM055,1,52000,52000,
DTL00832,ORD00493,ITEM036,2,25000,50000,tanpa susu
DTL00833,ORD00494,ITEM056,1,51000,51000,
DTL00834,ORD00495,ITEM060,1,73000,73000,
DTL00835,ORD00495,ITEM011,1,49000,49000,
DTL00836,ORD00496,ITEM073,1,22000,22000,ekstra creamer
DTL00837,ORD00496,ITEM062,3,44000,132000,
DTL00838,ORD00496,ITEM064,1,38000,38000,
DTL00839,ORD00497,ITEM055,1,52000,52000,
DTL00840,ORD00497,ITEM017,1,36000,36000,
DTL00841,ORD00498,ITEM022,1,52000,52000,
DTL00842,ORD00499,ITEM052,1,56000,56000,
DTL00843,ORD00500,ITEM019,1,47000,47000,
DTL00844,ORD00501,ITEM035,2,30000,60000,
DTL00845,ORD00502,ITEM046,1,29000,29000,
DTL00846,ORD00502,ITEM017,3,36000,108000,
DTL00847,ORD00503,ITEM003,1,37000,37000,
DTL00848,ORD00504,ITEM029,1,37000,37000,tanpa gula
DTL00849,ORD00505,ITEM012,1,51000,51000,gula sedikit
DTL00850,ORD00506,ITEM047,1,20000,20000,dingin
DTL00851,ORD00507,ITEM073,1,22000,22000,
DTL00852,ORD00507,ITEM075,1,29000,29000,
DTL00853,ORD00508,ITEM013,1,40000,40000,
DTL00854,ORD00509,ITEM022,1,52000,52000,
DTL00855,ORD00509,ITEM055,1,52000,52000,tambah whip cream
DTL00856,ORD00510,ITEM071,1,26000,26000,
DTL00857,ORD00511,ITEM078,1,18000,18000,
DTL00858,ORD00512,ITEM047,1,20000,20000,ekstra creamer
DTL00859,ORD00512,ITEM051,1,49000,49000,
DTL00860,ORD00513,ITEM001,1,29000,29000,
DTL00861,ORD00513,ITEM002,2,40000,80000,
DTL00862,ORD00514,ITEM053,2,68000,136000,
DTL00863,ORD00514,ITEM056,1,51000,51000,
DTL00864,ORD00515,ITEM053,1,68000,68000,
DTL00865,ORD00515,ITEM030,1,27000,27000,
DTL00866,ORD00516,ITEM031,3,21000,63000,
DTL00867,ORD00517,ITEM028,1,27000,27000,
DTL00868,ORD00517,ITEM009,1,24000,24000,panas
DTL00869,ORD00518,ITEM067,2,63000,126000,
DTL00870,ORD00518,ITEM001,2,29000,58000,
DTL00871,ORD00519,ITEM076,1,28000,28000,panas
DTL00872,ORD00520,ITEM004,3,29000,87000,
DTL00873,ORD00521,ITEM004,1,29000,29000,
DTL00874,ORD00521,ITEM071,1,26000,26000,dingin
DTL00875,ORD00522,ITEM064,1,38000,38000,
DTL00876,ORD00522,ITEM013,1,40000,40000,
DTL00877,ORD00522,ITEM066,1,45000,45000,
DTL00878,ORD00523,ITEM008,1,36000,36000,
DTL00879,ORD00524,ITEM057,1,72000,72000,
DTL00880,ORD00525,ITEM002,1,40000,40000,
DTL00881,ORD00526,ITEM029,1,37000,37000,
DTL00882,ORD00526,ITEM037,1,27000,27000,
DTL00883,ORD00527,ITEM044,3,39000,117000,
DTL00884,ORD00527,ITEM055,1,52000,52000,
DTL00885,ORD00528,ITEM009,1,24000,24000,
DTL00886,ORD00528,ITEM051,3,49000,147000,
DTL00887,ORD00528,ITEM030,1,27000,27000,
DTL00888,ORD00529,ITEM001,1,29000,29000,
DTL00889,ORD00530,ITEM029,2,37000,74000,
DTL00890,ORD00531,ITEM054,3,65000,195000,
DTL00891,ORD00531,ITEM006,1,50000,50000,
DTL00892,ORD00532,ITEM013,2,40000,80000,
DTL00893,ORD00532,ITEM003,1,37000,37000,tanpa gula
DTL00894,ORD00533,ITEM063,2,67000,134000,
DTL00895,ORD00533,ITEM009,1,24000,24000,
DTL00896,ORD00533,ITEM017,1,36000,36000,
DTL00897,ORD00533,ITEM022,1,52000,52000,
DTL00898,ORD00534,ITEM042,2,33000,66000,tanpa susu
DTL00899,ORD00535,ITEM076,1,28000,28000,
DTL00900,ORD00536,ITEM032,2,27000,54000,
DTL00901,ORD00536,ITEM034,1,30000,30000,
DTL00902,ORD00537,ITEM044,1,39000,39000,
DTL00903,ORD00537,ITEM064,1,38000,38000,
DTL00904,ORD00538,ITEM028,1,27000,27000,
DTL00905,ORD00539,ITEM035,1,30000,30000,
DTL00906,ORD00539,ITEM013,1,40000,40000,
DTL00907,ORD00540,ITEM080,1,34000,34000,
DTL00908,ORD00540,ITEM040,3,24000,72000,tanpa susu
DTL00909,ORD00540,ITEM002,1,40000,40000,
DTL00910,ORD00540,ITEM045,1,36000,36000,extra shot
DTL00911,ORD00541,ITEM068,1,39000,39000,
DTL00912,ORD00541,ITEM051,1,49000,49000,
DTL00913,ORD00542,ITEM046,2,29000,58000,
DTL00914,ORD00542,ITEM002,1,40000,40000,
DTL00915,ORD00542,ITEM073,1,22000,22000,
DTL00916,ORD00543,ITEM058,1,52000,52000,
DTL00917,ORD00543,ITEM056,1,51000,51000,
DTL00918,ORD00544,ITEM028,1,27000,27000,
DTL00919,ORD00545,ITEM008,1,36000,36000,
DTL00920,ORD00546,ITEM032,1,27000,27000,
DTL00921,ORD00547,ITEM067,1,63000,63000,less ice
DTL00922,ORD00547,ITEM042,1,33000,33000,
DTL00923,ORD00548,ITEM012,1,51000,51000,less ice
DTL00924,ORD00549,ITEM063,1,67000,67000,extra shot
DTL00925,ORD00550,ITEM009,1,24000,24000,
DTL00926,ORD00551,ITEM049,1,28000,28000,
DTL00927,ORD00552,ITEM051,1,49000,49000,extra hot
DTL00928,ORD00553,ITEM009,1,24000,24000,
DTL00929,ORD00554,ITEM044,1,39000,39000,
DTL00930,ORD00555,ITEM005,2,28000,56000,
DTL00931,ORD00556,ITEM007,1,24000,24000,tanpa gula
DTL00932,ORD00556,ITEM056,2,51000,102000,
DTL00933,ORD00557,ITEM013,1,40000,40000,
DTL00934,ORD00558,ITEM032,1,27000,27000,
DTL00935,ORD00558,ITEM080,1,34000,34000,
DTL00936,ORD00559,ITEM042,1,33000,33000,
DTL00937,ORD00560,ITEM027,3,35000,105000,
DTL00938,ORD00560,ITEM038,3,39000,117000,
DTL00939,ORD00561,ITEM003,1,37000,37000,
DTL00940,ORD00562,ITEM017,1,36000,36000,
DTL00941,ORD00563,ITEM005,1,28000,28000,
DTL00942,ORD00564,ITEM061,1,59000,59000,
DTL00943,ORD00564,ITEM043,1,27000,27000,
DTL00944,ORD00565,ITEM056,1,51000,51000,
DTL00945,ORD00566,ITEM028,1,27000,27000,
DTL00946,ORD00567,ITEM062,1,44000,44000,
DTL00947,ORD00568,ITEM027,1,35000,35000,
DTL00948,ORD00569,ITEM045,1,36000,36000,
DTL00949,ORD00569,ITEM078,1,18000,18000,
DTL00950,ORD00570,ITEM024,2,27000,54000,
DTL00951,ORD00571,ITEM010,1,35000,35000,
DTL00952,ORD00572,ITEM072,1,18000,18000,
DTL00953,ORD00573,ITEM054,1,65000,65000,
DTL00954,ORD00573,ITEM004,1,29000,29000,
DTL00955,ORD00573,ITEM022,1,52000,52000,extra shot
DTL00956,ORD00574,ITEM062,1,44000,44000,
DTL00957,ORD00574,ITEM027,1,35000,35000,tanpa susu
DTL00958,ORD00574,ITEM038,1,39000,39000,
DTL00959,ORD00575,ITEM058,3,52000,156000,
DTL00960,ORD00575,ITEM046,1,29000,29000,
DTL00961,ORD00575,ITEM001,1,29000,29000,
DTL00962,ORD00576,ITEM016,1,40000,40000,
DTL00963,ORD00577,ITEM015,2,50000,100000,
DTL00964,ORD00578,ITEM013,1,40000,40000,
DTL00965,ORD00579,ITEM041,1,26000,26000,
DTL00966,ORD00579,ITEM072,1,18000,18000,
DTL00967,ORD00580,ITEM050,2,27000,54000,
DTL00968,ORD00580,ITEM013,2,40000,80000,less sugar
DTL00969,ORD00580,ITEM001,1,29000,29000,dingin
DTL00970,ORD00580,ITEM067,3,63000,189000,
DTL00971,ORD00581,ITEM001,1,29000,29000,
DTL00972,ORD00581,ITEM049,1,28000,28000,
DTL00973,ORD00582,ITEM069,3,60000,180000,no ice
DTL00974,ORD00583,ITEM073,1,22000,22000,
DTL00975,ORD00584,ITEM012,1,51000,51000,less sugar
DTL00976,ORD00585,ITEM017,1,36000,36000,
DTL00977,ORD00585,ITEM019,1,47000,47000,
DTL00978,ORD00585,ITEM078,1,18000,18000,
DTL00979,ORD00586,ITEM063,1,67000,67000,
DTL00980,ORD00586,ITEM035,1,30000,30000,
DTL00981,ORD00586,ITEM034,1,30000,30000,
DTL00982,ORD00587,ITEM078,1,18000,18000,
DTL00983,ORD00588,ITEM002,1,40000,40000,
DTL00984,ORD00589,ITEM005,1,28000,28000,
DTL00985,ORD00590,ITEM056,3,51000,153000,
DTL00986,ORD00590,ITEM008,2,36000,72000,
DTL00987,ORD00591,ITEM025,1,41000,41000,
DTL00988,ORD00591,ITEM003,1,37000,37000,
DTL00989,ORD00591,ITEM058,1,52000,52000,
DTL00990,ORD00591,ITEM051,1,49000,49000,ekstra creamer
DTL00991,ORD00592,ITEM025,1,41000,41000,
DTL00992,ORD00593,ITEM015,1,50000,50000,extra shot
DTL00993,ORD00594,ITEM007,1,24000,24000,
DTL00994,ORD00595,ITEM058,1,52000,52000,
DTL00995,ORD00596,ITEM064,1,38000,38000,
DTL00996,ORD00596,ITEM055,1,52000,52000,
DTL00997,ORD00597,ITEM029,1,37000,37000,
DTL00998,ORD00597,ITEM057,1,72000,72000,
DTL00999,ORD00598,ITEM078,1,18000,18000,
DTL01000,ORD00599,ITEM029,1,37000,37000,
DTL01001,ORD00600,ITEM005,1,28000,28000,
DTL01002,ORD00601,ITEM076,2,28000,56000,
DTL01003,ORD00602,ITEM013,1,40000,40000,
DTL01004,ORD00603,ITEM053,1,68000,68000,
DTL01005,ORD00604,ITEM038,1,39000,39000,extra shot
DTL01006,ORD00605,ITEM075,1,29000,29000,
DTL01007,ORD00605,ITEM025,3,41000,123000,
DTL01008,ORD00606,ITEM050,1,27000,27000,
DTL01009,ORD00607,ITEM034,1,30000,30000,
DTL01010,ORD00607,ITEM056,1,51000,51000,
DTL01011,ORD00607,ITEM015,1,50000,50000,
DTL01012,ORD00607,ITEM017,1,36000,36000,tambah whip cream
DTL01013,ORD00608,ITEM078,1,18000,18000,extra hot
DTL01014,ORD00609,ITEM041,1,26000,26000,
DTL01015,ORD00610,ITEM074,1,27000,27000,
DTL01016,ORD00610,ITEM043,2,27000,54000,panas
DTL01017,ORD00611,ITEM036,2,25000,50000,
DTL01018,ORD00612,ITEM019,1,47000,47000,tambah whip cream
DTL01019,ORD00612,ITEM071,1,26000,26000,
DTL01020,ORD00612,ITEM073,1,22000,22000,ekstra creamer
DTL01021,ORD00613,ITEM066,3,45000,135000,
DTL01022,ORD00614,ITEM027,1,35000,35000,
DTL01023,ORD00615,ITEM058,1,52000,52000,
DTL01024,ORD00616,ITEM053,1,68000,68000,
DTL01025,ORD00617,ITEM024,1,27000,27000,less sugar
DTL01026,ORD00618,ITEM078,3,18000,54000,
DTL01027,ORD00618,ITEM041,1,26000,26000,
DTL01028,ORD00618,ITEM015,1,50000,50000,
DTL01029,ORD00619,ITEM025,3,41000,123000,no ice
DTL01030,ORD00619,ITEM031,1,21000,21000,
DTL01031,ORD00619,ITEM071,1,26000,26000,
DTL01032,ORD00620,ITEM003,1,37000,37000,
DTL01033,ORD00620,ITEM018,1,29000,29000,
DTL01034,ORD00620,ITEM024,2,27000,54000,
DTL01035,ORD00621,ITEM075,1,29000,29000,
DTL01036,ORD00621,ITEM029,2,37000,74000,panas
DTL01037,ORD00622,ITEM030,1,27000,27000,
DTL01038,ORD00622,ITEM024,1,27000,27000,extra shot
DTL01039,ORD00623,ITEM035,1,30000,30000,
DTL01040,ORD00624,ITEM061,2,59000,118000,
DTL01041,ORD00624,ITEM037,1,27000,27000,
DTL01042,ORD00624,ITEM047,1,20000,20000,
DTL01043,ORD00625,ITEM002,1,40000,40000,
DTL01044,ORD00626,ITEM042,1,33000,33000,
DTL01045,ORD00627,ITEM013,2,40000,80000,
DTL01046,ORD00627,ITEM010,1,35000,35000,
DTL01047,ORD00628,ITEM052,2,56000,112000,
DTL01048,ORD00629,ITEM018,1,29000,29000,
DTL01049,ORD00629,ITEM044,1,39000,39000,
DTL01050,ORD00630,ITEM057,1,72000,72000,
DTL01051,ORD00630,ITEM059,1,73000,73000,
DTL01052,ORD00631,ITEM041,1,26000,26000,
DTL01053,ORD00632,ITEM007,1,24000,24000,
DTL01054,ORD00632,ITEM037,1,27000,27000,
DTL01055,ORD00632,ITEM032,1,27000,27000,
DTL01056,ORD00633,ITEM034,1,30000,30000,tambah whip cream
DTL01057,ORD00633,ITEM042,1,33000,33000,tanpa susu
DTL01058,ORD00634,ITEM064,1,38000,38000,
DTL01059,ORD00634,ITEM034,1,30000,30000,extra hot
DTL01060,ORD00635,ITEM067,1,63000,63000,panas
DTL01061,ORD00636,ITEM022,1,52000,52000,
DTL01062,ORD00637,ITEM003,1,37000,37000,
DTL01063,ORD00638,ITEM002,1,40000,40000,
DTL01064,ORD00638,ITEM015,2,50000,100000,
DTL01065,ORD00639,ITEM008,1,36000,36000,
DTL01066,ORD00640,ITEM034,1,30000,30000,
DTL01067,ORD00641,ITEM016,1,40000,40000,dingin
DTL01068,ORD00642,ITEM062,1,44000,44000,
DTL01069,ORD00643,ITEM073,1,22000,22000,ekstra creamer
DTL01070,ORD00644,ITEM071,2,26000,52000,
DTL01071,ORD00645,ITEM062,1,44000,44000,tanpa susu
DTL01072,ORD00646,ITEM078,1,18000,18000,
DTL01073,ORD00647,ITEM003,1,37000,37000,
DTL01074,ORD00648,ITEM061,1,59000,59000,
DTL01075,ORD00649,ITEM062,1,44000,44000,
DTL01076,ORD00649,ITEM055,1,52000,52000,
DTL01077,ORD00650,ITEM061,1,59000,59000,
DTL01078,ORD00650,ITEM024,1,27000,27000,
DTL01079,ORD00651,ITEM024,1,27000,27000,
DTL01080,ORD00652,ITEM040,1,24000,24000,
DTL01081,ORD00652,ITEM074,2,27000,54000,
DTL01082,ORD00653,ITEM029,2,37000,74000,tanpa susu
DTL01083,ORD00654,ITEM055,1,52000,52000,
DTL01084,ORD00655,ITEM080,1,34000,34000,
DTL01085,ORD00656,ITEM006,1,50000,50000,
DTL01086,ORD00657,ITEM047,1,20000,20000,
DTL01087,ORD00658,ITEM024,1,27000,27000,
DTL01088,ORD00659,ITEM035,1,30000,30000,
DTL01089,ORD00659,ITEM033,3,39000,117000,
DTL01090,ORD00659,ITEM022,1,52000,52000,
DTL01091,ORD00660,ITEM057,3,72000,216000,
DTL01092,ORD00660,ITEM036,3,25000,75000,
DTL01093,ORD00660,ITEM032,3,27000,81000,
DTL01094,ORD00661,ITEM027,2,35000,70000,
DTL01095,ORD00662,ITEM069,3,60000,180000,
DTL01096,ORD00663,ITEM018,1,29000,29000,
DTL01097,ORD00663,ITEM064,1,38000,38000,
DTL01098,ORD00663,ITEM054,1,65000,65000,
DTL01099,ORD00664,ITEM015,1,50000,50000,
DTL01100,ORD00665,ITEM078,2,18000,36000,
DTL01101,ORD00666,ITEM051,3,49000,147000,
DTL01102,ORD00667,ITEM005,3,28000,84000,
DTL01103,ORD00668,ITEM028,1,27000,27000,
DTL01104,ORD00669,ITEM040,2,24000,48000,
DTL01105,ORD00669,ITEM029,2,37000,74000,
DTL01106,ORD00670,ITEM063,2,67000,134000,
DTL01107,ORD00670,ITEM053,2,68000,136000,
DTL01108,ORD00670,ITEM057,1,72000,72000,
DTL01109,ORD00671,ITEM016,1,40000,40000,
DTL01110,ORD00671,ITEM060,1,73000,73000,
DTL01111,ORD00671,ITEM040,1,24000,24000,
DTL01112,ORD00672,ITEM033,1,39000,39000,
DTL01113,ORD00672,ITEM052,1,56000,56000,tanpa gula
DTL01114,ORD00673,ITEM067,1,63000,63000,
DTL01115,ORD00673,ITEM060,1,73000,73000,
DTL01116,ORD00674,ITEM063,1,67000,67000,
DTL01117,ORD00675,ITEM003,1,37000,37000,
DTL01118,ORD00676,ITEM033,1,39000,39000,
DTL01119,ORD00676,ITEM034,2,30000,60000,tanpa gula
DTL01120,ORD00676,ITEM067,3,63000,189000,extra hot
DTL01121,ORD00677,ITEM061,1,59000,59000,
DTL01122,ORD00678,ITEM027,3,35000,105000,panas
DTL01123,ORD00679,ITEM057,2,72000,144000,
DTL01124,ORD00679,ITEM028,1,27000,27000,
DTL01125,ORD00679,ITEM059,2,73000,146000,
DTL01126,ORD00680,ITEM004,1,29000,29000,
DTL01127,ORD00681,ITEM053,1,68000,68000,
DTL01128,ORD00681,ITEM029,1,37000,37000,
DTL01129,ORD00681,ITEM036,1,25000,25000,
DTL01130,ORD00681,ITEM034,1,30000,30000,
DTL01131,ORD00682,ITEM043,1,27000,27000,
DTL01132,ORD00683,ITEM010,1,35000,35000,
DTL01133,ORD00684,ITEM005,3,28000,84000,less ice
DTL01134,ORD00684,ITEM017,3,36000,108000,
DTL01135,ORD00685,ITEM076,1,28000,28000,
DTL01136,ORD00686,ITEM071,1,26000,26000,
DTL01137,ORD00687,ITEM031,1,21000,21000,dingin
DTL01138,ORD00688,ITEM066,1,45000,45000,
DTL01139,ORD00689,ITEM009,2,24000,48000,dingin
DTL01140,ORD00689,ITEM066,1,45000,45000,
DTL01141,ORD00689,ITEM027,2,35000,70000,
DTL01142,ORD00690,ITEM033,1,39000,39000,
DTL01143,ORD00691,ITEM049,1,28000,28000,
DTL01144,ORD00691,ITEM035,1,30000,30000,
DTL01145,ORD00692,ITEM061,2,59000,118000,
DTL01146,ORD00692,ITEM063,1,67000,67000,
DTL01147,ORD00692,ITEM047,1,20000,20000,
DTL01148,ORD00693,ITEM003,1,37000,37000,less sugar
DTL01149,ORD00694,ITEM003,1,37000,37000,
DTL01150,ORD00695,ITEM007,1,24000,24000,
DTL01151,ORD00696,ITEM002,1,40000,40000,ekstra creamer
DTL01152,ORD00697,ITEM007,1,24000,24000,no ice
DTL01153,ORD00697,ITEM040,1,24000,24000,
DTL01154,ORD00697,ITEM006,1,50000,50000,
DTL01155,ORD00698,ITEM060,1,73000,73000,
DTL01156,ORD00698,ITEM066,1,45000,45000,
DTL01157,ORD00698,ITEM017,1,36000,36000,
DTL01158,ORD00699,ITEM032,1,27000,27000,
DTL01159,ORD00699,ITEM010,1,35000,35000,
DTL01160,ORD00700,ITEM047,1,20000,20000,
DTL01161,ORD00701,ITEM075,1,29000,29000,
DTL01162,ORD00701,ITEM031,1,21000,21000,tanpa susu
DTL01163,ORD00701,ITEM059,1,73000,73000,
DTL01164,ORD00701,ITEM030,2,27000,54000,
DTL01165,ORD00702,ITEM040,1,24000,24000,
DTL01166,ORD00703,ITEM055,1,52000,52000,
DTL01167,ORD00704,ITEM063,1,67000,67000,
DTL01168,ORD00705,ITEM013,1,40000,40000,ekstra creamer
DTL01169,ORD00706,ITEM032,1,27000,27000,
DTL01170,ORD00707,ITEM036,1,25000,25000,
DTL01171,ORD00708,ITEM028,3,27000,81000,extra shot
DTL01172,ORD00709,ITEM003,1,37000,37000,panas
DTL01173,ORD00710,ITEM052,3,56000,168000,
DTL01174,ORD00711,ITEM076,1,28000,28000,
DTL01175,ORD00712,ITEM063,1,67000,67000,
DTL01176,ORD00712,ITEM054,2,65000,130000,
DTL01177,ORD00713,ITEM058,1,52000,52000,
DTL01178,ORD00713,ITEM061,1,59000,59000,
DTL01179,ORD00713,ITEM042,1,33000,33000,
DTL01180,ORD00714,ITEM024,1,27000,27000,
DTL01181,ORD00715,ITEM043,2,27000,54000,
DTL01182,ORD00716,ITEM043,1,27000,27000,
DTL01183,ORD00717,ITEM005,1,28000,28000,
DTL01184,ORD00718,ITEM063,1,67000,67000,
DTL01185,ORD00719,ITEM045,1,36000,36000,
DTL01186,ORD00720,ITEM053,1,68000,68000,
DTL01187,ORD00721,ITEM045,1,36000,36000,
DTL01188,ORD00721,ITEM037,1,27000,27000,dingin
DTL01189,ORD00722,ITEM011,1,49000,49000,no ice
DTL01190,ORD00722,ITEM008,1,36000,36000,
DTL01191,ORD00723,ITEM007,1,24000,24000,
DTL01192,ORD00723,ITEM032,3,27000,81000,
DTL01193,ORD00724,ITEM001,1,29000,29000,tambah whip cream
DTL01194,ORD00725,ITEM017,1,36000,36000,
DTL01195,ORD00726,ITEM063,1,67000,67000,
DTL01196,ORD00726,ITEM022,2,52000,104000,
DTL01197,ORD00727,ITEM073,1,22000,22000,
DTL01198,ORD00728,ITEM017,1,36000,36000,
DTL01199,ORD00729,ITEM067,3,63000,189000,
DTL01200,ORD00729,ITEM042,2,33000,66000,
DTL01201,ORD00729,ITEM002,1,40000,40000,
DTL01202,ORD00730,ITEM019,1,47000,47000,
DTL01203,ORD00731,ITEM074,1,27000,27000,
DTL01204,ORD00731,ITEM077,1,23000,23000,
DTL01205,ORD00732,ITEM069,1,60000,60000,
DTL01206,ORD00733,ITEM008,1,36000,36000,
DTL01207,ORD00733,ITEM038,1,39000,39000,
DTL01208,ORD00733,ITEM016,1,40000,40000,
DTL01209,ORD00734,ITEM038,1,39000,39000,
DTL01210,ORD00735,ITEM013,1,40000,40000,
DTL01211,ORD00736,ITEM032,1,27000,27000,
DTL01212,ORD00737,ITEM011,1,49000,49000,
DTL01213,ORD00737,ITEM018,1,29000,29000,
DTL01214,ORD00737,ITEM076,1,28000,28000,
DTL01215,ORD00738,ITEM036,2,25000,50000,tambah whip cream
DTL01216,ORD00739,ITEM061,1,59000,59000,
DTL01217,ORD00740,ITEM010,2,35000,70000,
DTL01218,ORD00741,ITEM018,1,29000,29000,
DTL01219,ORD00742,ITEM008,1,36000,36000,
DTL01220,ORD00743,ITEM057,1,72000,72000,
DTL01221,ORD00744,ITEM063,2,67000,134000,
DTL01222,ORD00745,ITEM002,1,40000,40000,
DTL01223,ORD00745,ITEM037,1,27000,27000,
DTL01224,ORD00745,ITEM008,1,36000,36000,dingin
DTL01225,ORD00745,ITEM010,1,35000,35000,
DTL01226,ORD00746,ITEM034,2,30000,60000,
DTL01227,ORD00746,ITEM064,1,38000,38000,
DTL01228,ORD00746,ITEM045,1,36000,36000,
DTL01229,ORD00747,ITEM019,2,47000,94000,
DTL01230,ORD00748,ITEM067,1,63000,63000,
DTL01231,ORD00748,ITEM016,1,40000,40000,
DTL01232,ORD00749,ITEM006,1,50000,50000,
DTL01233,ORD00750,ITEM051,1,49000,49000,
DTL01234,ORD00750,ITEM040,2,24000,48000,
DTL01235,ORD00750,ITEM033,1,39000,39000,
DTL01236,ORD00751,ITEM076,1,28000,28000,less ice
DTL01237,ORD00752,ITEM044,1,39000,39000,
DTL01238,ORD00752,ITEM051,1,49000,49000,
DTL01239,ORD00753,ITEM028,1,27000,27000,
DTL01240,ORD00753,ITEM064,1,38000,38000,less ice
DTL01241,ORD00754,ITEM064,1,38000,38000,
DTL01242,ORD00754,ITEM029,2,37000,74000,
DTL01243,ORD00754,ITEM040,1,24000,24000,
DTL01244,ORD00755,ITEM035,1,30000,30000,
DTL01245,ORD00756,ITEM036,1,25000,25000,
DTL01246,ORD00757,ITEM062,2,44000,88000,
DTL01247,ORD00758,ITEM044,1,39000,39000,
DTL01248,ORD00758,ITEM004,1,29000,29000,
DTL01249,ORD00758,ITEM025,1,41000,41000,
DTL01250,ORD00759,ITEM011,3,49000,147000,panas
DTL01251,ORD00760,ITEM077,1,23000,23000,
DTL01252,ORD00760,ITEM076,2,28000,56000,
DTL01253,ORD00761,ITEM036,1,25000,25000,
DTL01254,ORD00761,ITEM064,1,38000,38000,
DTL01255,ORD00761,ITEM060,1,73000,73000,
DTL01256,ORD00761,ITEM054,1,65000,65000,
DTL01257,ORD00762,ITEM051,1,49000,49000,
DTL01258,ORD00762,ITEM047,1,20000,20000,
DTL01259,ORD00763,ITEM069,1,60000,60000,
DTL01260,ORD00763,ITEM013,1,40000,40000,
DTL01261,ORD00764,ITEM036,1,25000,25000,
DTL01262,ORD00765,ITEM060,1,73000,73000,
DTL01263,ORD00765,ITEM066,1,45000,45000,
DTL01264,ORD00765,ITEM063,1,67000,67000,tambah whip cream
DTL01265,ORD00766,ITEM075,1,29000,29000,
DTL01266,ORD00767,ITEM062,1,44000,44000,
DTL01267,ORD00768,ITEM047,1,20000,20000,
DTL01268,ORD00769,ITEM015,1,50000,50000,
DTL01269,ORD00769,ITEM035,1,30000,30000,
DTL01270,ORD00769,ITEM042,1,33000,33000,
DTL01271,ORD00769,ITEM022,2,52000,104000,
DTL01272,ORD00770,ITEM064,1,38000,38000,
DTL01273,ORD00771,ITEM019,3,47000,141000,
DTL01274,ORD00772,ITEM067,1,63000,63000,
DTL01275,ORD00773,ITEM005,2,28000,56000,
DTL01276,ORD00774,ITEM029,1,37000,37000,
DTL01277,ORD00775,ITEM028,1,27000,27000,
DTL01278,ORD00775,ITEM005,1,28000,28000,
DTL01279,ORD00776,ITEM058,1,52000,52000,
DTL01280,ORD00777,ITEM062,1,44000,44000,
DTL01281,ORD00778,ITEM072,1,18000,18000,
DTL01282,ORD00778,ITEM060,1,73000,73000,
DTL01283,ORD00779,ITEM062,1,44000,44000,
DTL01284,ORD00779,ITEM059,1,73000,73000,
DTL01285,ORD00780,ITEM016,1,40000,40000,
DTL01286,ORD00780,ITEM050,3,27000,81000,
DTL01287,ORD00781,ITEM007,1,24000,24000,
DTL01288,ORD00782,ITEM050,1,27000,27000,
DTL01289,ORD00782,ITEM060,1,73000,73000,
DTL01290,ORD00782,ITEM033,1,39000,39000,
DTL01291,ORD00783,ITEM041,1,26000,26000,
DTL01292,ORD00784,ITEM061,1,59000,59000,
DTL01293,ORD00785,ITEM062,1,44000,44000,
DTL01294,ORD00785,ITEM075,1,29000,29000,
DTL01295,ORD00786,ITEM078,1,18000,18000,ekstra creamer
DTL01296,ORD00786,ITEM074,1,27000,27000,
DTL01297,ORD00786,ITEM037,1,27000,27000,
DTL01298,ORD00787,ITEM046,1,29000,29000,
DTL01299,ORD00787,ITEM050,1,27000,27000,
DTL01300,ORD00788,ITEM035,1,30000,30000,
DTL01301,ORD00788,ITEM008,1,36000,36000,
DTL01302,ORD00789,ITEM072,1,18000,18000,panas
DTL01303,ORD00789,ITEM080,1,34000,34000,
DTL01304,ORD00790,ITEM017,1,36000,36000,
DTL01305,ORD00791,ITEM061,1,59000,59000,
DTL01306,ORD00791,ITEM059,3,73000,219000,
DTL01307,ORD00792,ITEM032,2,27000,54000,tanpa gula
DTL01308,ORD00793,ITEM069,1,60000,60000,
DTL01309,ORD00794,ITEM050,1,27000,27000,
DTL01310,ORD00795,ITEM042,1,33000,33000,
DTL01311,ORD00795,ITEM043,1,27000,27000,
DTL01312,ORD00795,ITEM062,1,44000,44000,
DTL01313,ORD00796,ITEM018,1,29000,29000,
DTL01314,ORD00796,ITEM076,1,28000,28000,
DTL01315,ORD00797,ITEM022,1,52000,52000,
DTL01316,ORD00798,ITEM074,1,27000,27000,
DTL01317,ORD00799,ITEM033,3,39000,117000,dingin
DTL01318,ORD00800,ITEM063,1,67000,67000,less ice
DTL01319,ORD00800,ITEM052,1,56000,56000,
DTL01320,ORD00801,ITEM054,1,65000,65000,
DTL01321,ORD00802,ITEM042,1,33000,33000,
DTL01322,ORD00803,ITEM028,1,27000,27000,tambah whip cream
DTL01323,ORD00804,ITEM018,2,29000,58000,
DTL01324,ORD00804,ITEM011,1,49000,49000,
DTL01325,ORD00804,ITEM061,1,59000,59000,dingin
DTL01326,ORD00805,ITEM054,1,65000,65000,extra hot
DTL01327,ORD00806,ITEM011,1,49000,49000,
DTL01328,ORD00806,ITEM028,1,27000,27000,
DTL01329,ORD00807,ITEM012,1,51000,51000,
DTL01330,ORD00808,ITEM002,1,40000,40000,
DTL01331,ORD00808,ITEM033,2,39000,78000,dingin
DTL01332,ORD00809,ITEM060,2,73000,146000,
DTL01333,ORD00809,ITEM034,1,30000,30000,dingin
DTL01334,ORD00810,ITEM027,1,35000,35000,
DTL01335,ORD00811,ITEM074,1,27000,27000,
DTL01336,ORD00812,ITEM076,1,28000,28000,
DTL01337,ORD00812,ITEM029,1,37000,37000,
DTL01338,ORD00812,ITEM069,1,60000,60000,
DTL01339,ORD00813,ITEM013,2,40000,80000,
DTL01340,ORD00813,ITEM029,1,37000,37000,
DTL01341,ORD00814,ITEM037,1,27000,27000,
DTL01342,ORD00815,ITEM062,1,44000,44000,extra hot
DTL01343,ORD00816,ITEM019,1,47000,47000,
DTL01344,ORD00816,ITEM018,1,29000,29000,
DTL01345,ORD00816,ITEM050,1,27000,27000,
DTL01346,ORD00817,ITEM036,2,25000,50000,
DTL01347,ORD00818,ITEM058,1,52000,52000,gula sedikit
DTL01348,ORD00819,ITEM019,1,47000,47000,
DTL01349,ORD00820,ITEM004,1,29000,29000,
DTL01350,ORD00821,ITEM035,1,30000,30000,
DTL01351,ORD00821,ITEM019,1,47000,47000,
DTL01352,ORD00821,ITEM073,1,22000,22000,
DTL01353,ORD00822,ITEM076,2,28000,56000,
DTL01354,ORD00823,ITEM074,1,27000,27000,
DTL01355,ORD00824,ITEM066,1,45000,45000,
DTL01356,ORD00824,ITEM074,1,27000,27000,
DTL01357,ORD00825,ITEM051,2,49000,98000,
DTL01358,ORD00826,ITEM006,1,50000,50000,
DTL01359,ORD00827,ITEM004,1,29000,29000,
DTL01360,ORD00827,ITEM080,1,34000,34000,
DTL01361,ORD00828,ITEM028,1,27000,27000,
DTL01362,ORD00829,ITEM077,1,23000,23000,
DTL01363,ORD00829,ITEM067,1,63000,63000,gula sedikit
DTL01364,ORD00829,ITEM006,2,50000,100000,
DTL01365,ORD00830,ITEM011,3,49000,147000,
DTL01366,ORD00830,ITEM063,1,67000,67000,tanpa susu
DTL01367,ORD00831,ITEM029,1,37000,37000,
DTL01368,ORD00832,ITEM018,1,29000,29000,
DTL01369,ORD00832,ITEM042,3,33000,99000,
DTL01370,ORD00833,ITEM067,1,63000,63000,
DTL01371,ORD00833,ITEM061,1,59000,59000,less sugar
DTL01372,ORD00834,ITEM027,1,35000,35000,
DTL01373,ORD00835,ITEM077,1,23000,23000,
DTL01374,ORD00836,ITEM063,1,67000,67000,
DTL01375,ORD00837,ITEM017,1,36000,36000,
DTL01376,ORD00837,ITEM013,1,40000,40000,
DTL01377,ORD00838,ITEM054,1,65000,65000,
DTL01378,ORD00839,ITEM066,1,45000,45000,extra hot
DTL01379,ORD00840,ITEM057,1,72000,72000,
DTL01380,ORD00840,ITEM061,1,59000,59000,
DTL01381,ORD00840,ITEM060,1,73000,73000,
DTL01382,ORD00841,ITEM055,1,52000,52000,
DTL01383,ORD00842,ITEM036,1,25000,25000,
DTL01384,ORD00842,ITEM028,1,27000,27000,
DTL01385,ORD00843,ITEM028,2,27000,54000,
DTL01386,ORD00843,ITEM068,2,39000,78000,panas
DTL01387,ORD00843,ITEM074,1,27000,27000,less sugar
DTL01388,ORD00843,ITEM016,1,40000,40000,
DTL01389,ORD00844,ITEM078,1,18000,18000,
DTL01390,ORD00845,ITEM017,1,36000,36000,
DTL01391,ORD00846,ITEM050,1,27000,27000,
DTL01392,ORD00847,ITEM005,1,28000,28000,
DTL01393,ORD00847,ITEM019,1,47000,47000,
DTL01394,ORD00848,ITEM044,1,39000,39000,
DTL01395,ORD00848,ITEM024,1,27000,27000,
DTL01396,ORD00849,ITEM040,1,24000,24000,
DTL01397,ORD00849,ITEM054,3,65000,195000,
DTL01398,ORD00850,ITEM077,1,23000,23000,
DTL01399,ORD00851,ITEM017,1,36000,36000,
DTL01400,ORD00852,ITEM005,1,28000,28000,
DTL01401,ORD00853,ITEM008,1,36000,36000,
DTL01402,ORD00853,ITEM066,1,45000,45000,panas
DTL01403,ORD00853,ITEM076,1,28000,28000,
DTL01404,ORD00853,ITEM037,1,27000,27000,dingin
DTL01405,ORD00854,ITEM035,1,30000,30000,
DTL01406,ORD00855,ITEM064,1,38000,38000,
DTL01407,ORD00856,ITEM064,1,38000,38000,
DTL01408,ORD00856,ITEM030,1,27000,27000,dingin
DTL01409,ORD00857,ITEM045,1,36000,36000,
DTL01410,ORD00858,ITEM047,2,20000,40000,
DTL01411,ORD00859,ITEM078,1,18000,18000,
DTL01412,ORD00859,ITEM029,1,37000,37000,
DTL01413,ORD00860,ITEM024,1,27000,27000,
DTL01414,ORD00860,ITEM049,1,28000,28000,tanpa susu
DTL01415,ORD00861,ITEM040,1,24000,24000,dingin
DTL01416,ORD00862,ITEM058,1,52000,52000,
DTL01417,ORD00863,ITEM031,1,21000,21000,
DTL01418,ORD00864,ITEM033,1,39000,39000,
DTL01419,ORD00864,ITEM074,1,27000,27000,
DTL01420,ORD00865,ITEM042,3,33000,99000,
DTL01421,ORD00866,ITEM019,2,47000,94000,
DTL01422,ORD00867,ITEM080,1,34000,34000,
DTL01423,ORD00868,ITEM054,1,65000,65000,
DTL01424,ORD00868,ITEM066,1,45000,45000,
DTL01425,ORD00868,ITEM033,1,39000,39000,
DTL01426,ORD00869,ITEM072,1,18000,18000,
DTL01427,ORD00870,ITEM050,1,27000,27000,
DTL01428,ORD00871,ITEM030,1,27000,27000,
DTL01429,ORD00871,ITEM010,1,35000,35000,
DTL01430,ORD00872,ITEM059,1,73000,73000,
DTL01431,ORD00872,ITEM044,1,39000,39000,
DTL01432,ORD00872,ITEM001,1,29000,29000,tanpa susu
DTL01433,ORD00873,ITEM022,1,52000,52000,
DTL01434,ORD00874,ITEM047,2,20000,40000,
DTL01435,ORD00875,ITEM064,1,38000,38000,less sugar
DTL01436,ORD00876,ITEM017,3,36000,108000,
DTL01437,ORD00876,ITEM012,1,51000,51000,
DTL01438,ORD00877,ITEM032,3,27000,81000,
DTL01439,ORD00878,ITEM013,1,40000,40000,no ice
DTL01440,ORD00879,ITEM042,1,33000,33000,less sugar
DTL01441,ORD00880,ITEM008,2,36000,72000,
DTL01442,ORD00880,ITEM032,1,27000,27000,
DTL01443,ORD00881,ITEM016,1,40000,40000,
DTL01444,ORD00881,ITEM025,1,41000,41000,dingin
DTL01445,ORD00881,ITEM004,1,29000,29000,
DTL01446,ORD00882,ITEM077,1,23000,23000,
DTL01447,ORD00883,ITEM001,1,29000,29000,
DTL01448,ORD00884,ITEM031,1,21000,21000,
DTL01449,ORD00885,ITEM038,1,39000,39000,
DTL01450,ORD00886,ITEM022,1,52000,52000,less sugar
DTL01451,ORD00887,ITEM036,1,25000,25000,
DTL01452,ORD00887,ITEM025,1,41000,41000,panas
DTL01453,ORD00888,ITEM075,1,29000,29000,dingin
DTL01454,ORD00888,ITEM051,1,49000,49000,tambah whip cream
DTL01455,ORD00889,ITEM004,3,29000,87000,
DTL01456,ORD00890,ITEM063,1,67000,67000,tambah whip cream
DTL01457,ORD00891,ITEM053,1,68000,68000,
DTL01458,ORD00892,ITEM013,1,40000,40000,
DTL01459,ORD00893,ITEM059,2,73000,146000,less ice
DTL01460,ORD00893,ITEM044,1,39000,39000,
DTL01461,ORD00893,ITEM057,2,72000,144000,
DTL01462,ORD00894,ITEM008,1,36000,36000,
DTL01463,ORD00894,ITEM060,1,73000,73000,
DTL01464,ORD00894,ITEM019,3,47000,141000,
DTL01465,ORD00895,ITEM042,1,33000,33000,
DTL01466,ORD00895,ITEM019,2,47000,94000,
DTL01467,ORD00895,ITEM059,1,73000,73000,
DTL01468,ORD00896,ITEM064,1,38000,38000,
DTL01469,ORD00897,ITEM038,1,39000,39000,
DTL01470,ORD00898,ITEM054,1,65000,65000,
DTL01471,ORD00899,ITEM038,1,39000,39000,
DTL01472,ORD00900,ITEM063,1,67000,67000,
DTL01473,ORD00901,ITEM013,3,40000,120000,
DTL01474,ORD00901,ITEM017,1,36000,36000,
DTL01475,ORD00902,ITEM005,1,28000,28000,
DTL01476,ORD00902,ITEM059,1,73000,73000,
DTL01477,ORD00902,ITEM063,2,67000,134000,
DTL01478,ORD00903,ITEM037,1,27000,27000,
DTL01479,ORD00903,ITEM042,1,33000,33000,
DTL01480,ORD00903,ITEM066,1,45000,45000,
DTL01481,ORD00903,ITEM007,2,24000,48000,
DTL01482,ORD00904,ITEM078,1,18000,18000,
DTL01483,ORD00905,ITEM073,1,22000,22000,
DTL01484,ORD00906,ITEM049,1,28000,28000,
DTL01485,ORD00906,ITEM003,1,37000,37000,
DTL01486,ORD00906,ITEM016,1,40000,40000,
DTL01487,ORD00907,ITEM059,1,73000,73000,
DTL01488,ORD00907,ITEM040,1,24000,24000,no ice
DTL01489,ORD00907,ITEM022,2,52000,104000,
DTL01490,ORD00908,ITEM042,1,33000,33000,
DTL01491,ORD00909,ITEM003,2,37000,74000,
DTL01492,ORD00910,ITEM057,1,72000,72000,
DTL01493,ORD00911,ITEM019,1,47000,47000,
DTL01494,ORD00912,ITEM015,2,50000,100000,
DTL01495,ORD00913,ITEM073,1,22000,22000,less sugar
DTL01496,ORD00913,ITEM063,1,67000,67000,
DTL01497,ORD00914,ITEM042,1,33000,33000,
DTL01498,ORD00914,ITEM038,1,39000,39000,extra hot
DTL01499,ORD00914,ITEM004,1,29000,29000,
DTL01500,ORD00915,ITEM047,3,20000,60000,
DTL01501,ORD00915,ITEM001,1,29000,29000,
DTL01502,ORD00916,ITEM028,1,27000,27000,
DTL01503,ORD00916,ITEM029,1,37000,37000,
DTL01504,ORD00916,ITEM004,1,29000,29000,
DTL01505,ORD00916,ITEM073,2,22000,44000,
DTL01506,ORD00917,ITEM029,1,37000,37000,
DTL01507,ORD00918,ITEM008,3,36000,108000,
DTL01508,ORD00919,ITEM055,2,52000,104000,panas
DTL01509,ORD00920,ITEM028,2,27000,54000,
DTL01510,ORD00921,ITEM017,1,36000,36000,
DTL01511,ORD00921,ITEM046,1,29000,29000,
DTL01512,ORD00921,ITEM044,1,39000,39000,
DTL01513,ORD00922,ITEM009,1,24000,24000,
DTL01514,ORD00922,ITEM051,2,49000,98000,
DTL01515,ORD00922,ITEM037,1,27000,27000,
DTL01516,ORD00923,ITEM078,1,18000,18000,
DTL01517,ORD00923,ITEM076,1,28000,28000,
DTL01518,ORD00923,ITEM058,1,52000,52000,
DTL01519,ORD00924,ITEM057,1,72000,72000,
DTL01520,ORD00924,ITEM046,1,29000,29000,
DTL01521,ORD00925,ITEM047,1,20000,20000,
DTL01522,ORD00926,ITEM028,1,27000,27000,
DTL01523,ORD00927,ITEM073,1,22000,22000,
DTL01524,ORD00927,ITEM032,1,27000,27000,
DTL01525,ORD00928,ITEM055,1,52000,52000,
DTL01526,ORD00928,ITEM059,1,73000,73000,
DTL01527,ORD00929,ITEM041,1,26000,26000,
DTL01528,ORD00929,ITEM060,1,73000,73000,
DTL01529,ORD00930,ITEM018,1,29000,29000,
DTL01530,ORD00930,ITEM034,1,30000,30000,
DTL01531,ORD00931,ITEM043,1,27000,27000,
DTL01532,ORD00932,ITEM005,1,28000,28000,
DTL01533,ORD00933,ITEM055,1,52000,52000,
DTL01534,ORD00934,ITEM024,2,27000,54000,
DTL01535,ORD00934,ITEM051,1,49000,49000,
DTL01536,ORD00935,ITEM064,1,38000,38000,
DTL01537,ORD00936,ITEM009,1,24000,24000,
DTL01538,ORD00937,ITEM008,2,36000,72000,
DTL01539,ORD00938,ITEM057,2,72000,144000,
DTL01540,ORD00938,ITEM043,1,27000,27000,
DTL01541,ORD00938,ITEM066,3,45000,135000,
DTL01542,ORD00939,ITEM057,1,72000,72000,
DTL01543,ORD00939,ITEM038,2,39000,78000,
DTL01544,ORD00939,ITEM025,1,41000,41000,
DTL01545,ORD00940,ITEM066,1,45000,45000,
DTL01546,ORD00941,ITEM030,1,27000,27000,ekstra creamer
DTL01547,ORD00942,ITEM022,1,52000,52000,
DTL01548,ORD00943,ITEM057,1,72000,72000,
DTL01549,ORD00943,ITEM076,1,28000,28000,
DTL01550,ORD00943,ITEM063,1,67000,67000,
DTL01551,ORD00944,ITEM018,1,29000,29000,
DTL01552,ORD00945,ITEM047,1,20000,20000,dingin
DTL01553,ORD00945,ITEM053,2,68000,136000,
DTL01554,ORD00945,ITEM031,2,21000,42000,
DTL01555,ORD00946,ITEM024,1,27000,27000,extra hot
DTL01556,ORD00946,ITEM025,1,41000,41000,
DTL01557,ORD00946,ITEM061,1,59000,59000,ekstra creamer
DTL01558,ORD00947,ITEM056,1,51000,51000,
DTL01559,ORD00948,ITEM003,3,37000,111000,tanpa susu
DTL01560,ORD00949,ITEM024,3,27000,81000,
DTL01561,ORD00949,ITEM016,1,40000,40000,tanpa gula
DTL01562,ORD00950,ITEM061,2,59000,118000,
DTL01563,ORD00950,ITEM027,1,35000,35000,
DTL01564,ORD00950,ITEM054,2,65000,130000,
DTL01565,ORD00951,ITEM067,1,63000,63000,
DTL01566,ORD00952,ITEM069,1,60000,60000,
DTL01567,ORD00953,ITEM052,1,56000,56000,
DTL01568,ORD00954,ITEM016,2,40000,80000,
DTL01569,ORD00954,ITEM003,1,37000,37000,
DTL01570,ORD00954,ITEM018,1,29000,29000,
DTL01571,ORD00955,ITEM067,1,63000,63000,
DTL01572,ORD00956,ITEM012,1,51000,51000,
DTL01573,ORD00957,ITEM031,1,21000,21000,
DTL01574,ORD00958,ITEM011,1,49000,49000,
DTL01575,ORD00959,ITEM049,1,28000,28000,
DTL01576,ORD00960,ITEM038,2,39000,78000,
DTL01577,ORD00961,ITEM052,2,56000,112000,
DTL01578,ORD00962,ITEM054,1,65000,65000,
DTL01579,ORD00962,ITEM009,1,24000,24000,
DTL01580,ORD00963,ITEM006,1,50000,50000,tanpa gula
DTL01581,ORD00963,ITEM053,2,68000,136000,
DTL01582,ORD00964,ITEM004,2,29000,58000,
DTL01583,ORD00965,ITEM029,1,37000,37000,
DTL01584,ORD00966,ITEM030,1,27000,27000,
DTL01585,ORD00967,ITEM049,1,28000,28000,
DTL01586,ORD00968,ITEM025,1,41000,41000,
DTL01587,ORD00968,ITEM051,1,49000,49000,
DTL01588,ORD00968,ITEM046,1,29000,29000,
DTL01589,ORD00969,ITEM049,1,28000,28000,tanpa gula
DTL01590,ORD00970,ITEM035,2,30000,60000,
DTL01591,ORD00970,ITEM036,1,25000,25000,tanpa gula
DTL01592,ORD00971,ITEM041,1,26000,26000,
DTL01593,ORD00971,ITEM009,1,24000,24000,
DTL01594,ORD00971,ITEM066,1,45000,45000,
DTL01595,ORD00972,ITEM041,3,26000,78000,
DTL01596,ORD00973,ITEM044,1,39000,39000,
DTL01597,ORD00973,ITEM008,1,36000,36000,
DTL01598,ORD00974,ITEM061,1,59000,59000,
DTL01599,ORD00975,ITEM067,1,63000,63000,
DTL01600,ORD00975,ITEM042,1,33000,33000,
DTL01601,ORD00975,ITEM031,3,21000,63000,
DTL01602,ORD00976,ITEM063,1,67000,67000,
DTL01603,ORD00977,ITEM075,1,29000,29000,
DTL01604,ORD00978,ITEM036,3,25000,75000,
DTL01605,ORD00978,ITEM012,1,51000,51000,
DTL01606,ORD00978,ITEM054,1,65000,65000,
DTL01607,ORD00979,ITEM040,1,24000,24000,
DTL01608,ORD00980,ITEM019,1,47000,47000,
DTL01609,ORD00980,ITEM074,1,27000,27000,
DTL01610,ORD00980,ITEM047,1,20000,20000,
DTL01611,ORD00981,ITEM052,1,56000,56000,
DTL01612,ORD00982,ITEM043,1,27000,27000,
DTL01613,ORD00982,ITEM041,1,26000,26000,
DTL01614,ORD00982,ITEM055,1,52000,52000,
DTL01615,ORD00983,ITEM059,1,73000,73000,
DTL01616,ORD00983,ITEM032,2,27000,54000,
DTL01617,ORD00984,ITEM054,1,65000,65000,
DTL01618,ORD00984,ITEM068,1,39000,39000,dingin
DTL01619,ORD00985,ITEM057,1,72000,72000,
DTL01620,ORD00986,ITEM015,2,50000,100000,tanpa susu
DTL01621,ORD00987,ITEM013,1,40000,40000,
DTL01622,ORD00987,ITEM007,1,24000,24000,no ice
DTL01623,ORD00987,ITEM055,1,52000,52000,
DTL01624,ORD00988,ITEM004,1,29000,29000,
DTL01625,ORD00988,ITEM069,1,60000,60000,tanpa susu
DTL01626,ORD00988,ITEM028,1,27000,27000,
DTL01627,ORD00989,ITEM056,1,51000,51000,
DTL01628,ORD00990,ITEM042,1,33000,33000,
DTL01629,ORD00990,ITEM043,1,27000,27000,panas
DTL01630,ORD00990,ITEM071,1,26000,26000,
DTL01631,ORD00991,ITEM007,1,24000,24000,
DTL01632,ORD00991,ITEM043,1,27000,27000,
DTL01633,ORD00992,ITEM052,1,56000,56000,
DTL01634,ORD00992,ITEM060,1,73000,73000,
DTL01635,ORD00993,ITEM038,2,39000,78000,
DTL01636,ORD00994,ITEM022,1,52000,52000,
DTL01637,ORD00995,ITEM016,1,40000,40000,
DTL01638,ORD00995,ITEM074,1,27000,27000,
DTL01639,ORD00996,ITEM058,1,52000,52000,
DTL01640,ORD00997,ITEM024,1,27000,27000,tambah whip cream
DTL01641,ORD00997,ITEM030,1,27000,27000,
DTL01642,ORD00998,ITEM030,1,27000,27000,
DTL01643,ORD00998,ITEM004,1,29000,29000,
DTL01644,ORD00999,ITEM045,1,36000,36000,
DTL01645,ORD00999,ITEM051,1,49000,49000,
DTL01646,ORD01000,ITEM069,2,60000,120000,
DTL01647,ORD01001,ITEM056,1,51000,51000,
DTL01648,ORD01001,ITEM005,1,28000,28000,
DTL01649,ORD01001,ITEM072,1,18000,18000,less ice
DTL01650,ORD01001,ITEM012,1,51000,51000,
DTL01651,ORD01002,ITEM002,1,40000,40000,
DTL01652,ORD01003,ITEM078,1,18000,18000,
DTL01653,ORD01004,ITEM050,1,27000,27000,
DTL01654,ORD01005,ITEM006,1,50000,50000,
DTL01655,ORD01005,ITEM045,1,36000,36000,
DTL01656,ORD01006,ITEM004,1,29000,29000,
DTL01657,ORD01006,ITEM064,1,38000,38000,tanpa gula
DTL01658,ORD01006,ITEM073,1,22000,22000,
DTL01659,ORD01006,ITEM054,1,65000,65000,
DTL01660,ORD01007,ITEM037,2,27000,54000,no ice
DTL01661,ORD01008,ITEM040,1,24000,24000,gula sedikit
DTL01662,ORD01009,ITEM058,1,52000,52000,
DTL01663,ORD01010,ITEM037,2,27000,54000,
DTL01664,ORD01011,ITEM080,1,34000,34000,
DTL01665,ORD01011,ITEM010,1,35000,35000,no ice
DTL01666,ORD01012,ITEM054,2,65000,130000,
DTL01667,ORD01012,ITEM034,1,30000,30000,
DTL01668,ORD01013,ITEM034,1,30000,30000,tambah whip cream
DTL01669,ORD01013,ITEM018,2,29000,58000,
DTL01670,ORD01014,ITEM009,1,24000,24000,
DTL01671,ORD01015,ITEM078,1,18000,18000,less ice
DTL01672,ORD01016,ITEM012,1,51000,51000,tambah whip cream
DTL01673,ORD01017,ITEM049,2,28000,56000,
DTL01674,ORD01018,ITEM030,2,27000,54000,
DTL01675,ORD01018,ITEM019,1,47000,47000,
DTL01676,ORD01019,ITEM044,1,39000,39000,
DTL01677,ORD01019,ITEM037,2,27000,54000,
DTL01678,ORD01020,ITEM038,1,39000,39000,
DTL01679,ORD01021,ITEM042,1,33000,33000,
DTL01680,ORD01021,ITEM075,1,29000,29000,tanpa susu
DTL01681,ORD01021,ITEM061,1,59000,59000,
DTL01682,ORD01022,ITEM078,1,18000,18000,
DTL01683,ORD01023,ITEM042,1,33000,33000,
DTL01684,ORD01023,ITEM043,1,27000,27000,
DTL01685,ORD01023,ITEM063,1,67000,67000,
DTL01686,ORD01023,ITEM036,1,25000,25000,
DTL01687,ORD01024,ITEM012,1,51000,51000,
DTL01688,ORD01024,ITEM041,1,26000,26000,
DTL01689,ORD01024,ITEM072,1,18000,18000,panas
DTL01690,ORD01025,ITEM035,1,30000,30000,
DTL01691,ORD01026,ITEM041,1,26000,26000,
DTL01692,ORD01027,ITEM055,1,52000,52000,
DTL01693,ORD01027,ITEM022,1,52000,52000,
DTL01694,ORD01028,ITEM056,1,51000,51000,
DTL01695,ORD01028,ITEM069,1,60000,60000,
DTL01696,ORD01028,ITEM004,1,29000,29000,
DTL01697,ORD01029,ITEM052,1,56000,56000,
DTL01698,ORD01030,ITEM031,2,21000,42000,tanpa gula
DTL01699,ORD01031,ITEM077,2,23000,46000,
DTL01700,ORD01032,ITEM076,1,28000,28000,tanpa susu
DTL01701,ORD01033,ITEM031,1,21000,21000,
DTL01702,ORD01034,ITEM028,1,27000,27000,
DTL01703,ORD01034,ITEM024,1,27000,27000,
DTL01704,ORD01035,ITEM069,1,60000,60000,
DTL01705,ORD01036,ITEM025,1,41000,41000,
DTL01706,ORD01036,ITEM006,1,50000,50000,
DTL01707,ORD01037,ITEM053,1,68000,68000,
DTL01708,ORD01037,ITEM059,1,73000,73000,
DTL01709,ORD01037,ITEM038,2,39000,78000,
DTL01710,ORD01038,ITEM031,1,21000,21000,
DTL01711,ORD01039,ITEM035,2,30000,60000,
DTL01712,ORD01040,ITEM037,1,27000,27000,
DTL01713,ORD01040,ITEM022,1,52000,52000,
DTL01714,ORD01040,ITEM013,1,40000,40000,
DTL01715,ORD01041,ITEM046,2,29000,58000,
DTL01716,ORD01042,ITEM066,1,45000,45000,
DTL01717,ORD01043,ITEM072,1,18000,18000,
DTL01718,ORD01043,ITEM063,1,67000,67000,
DTL01719,ORD01043,ITEM075,1,29000,29000,extra hot
DTL01720,ORD01044,ITEM042,1,33000,33000,
DTL01721,ORD01044,ITEM058,1,52000,52000,
DTL01722,ORD01045,ITEM032,3,27000,81000,
DTL01723,ORD01045,ITEM001,1,29000,29000,
DTL01724,ORD01046,ITEM051,2,49000,98000,dingin
DTL01725,ORD01046,ITEM055,1,52000,52000,
DTL01726,ORD01047,ITEM037,2,27000,54000,
DTL01727,ORD01047,ITEM034,1,30000,30000,dingin
DTL01728,ORD01048,ITEM034,1,30000,30000,
DTL01729,ORD01048,ITEM037,1,27000,27000,
DTL01730,ORD01049,ITEM071,2,26000,52000,
DTL01731,ORD01050,ITEM055,1,52000,52000,
DTL01732,ORD01051,ITEM027,1,35000,35000,
DTL01733,ORD01051,ITEM051,1,49000,49000,
DTL01734,ORD01052,ITEM024,1,27000,27000,
DTL01735,ORD01052,ITEM007,1,24000,24000,
DTL01736,ORD01052,ITEM001,1,29000,29000,ekstra creamer
DTL01737,ORD01053,ITEM011,3,49000,147000,
DTL01738,ORD01054,ITEM010,1,35000,35000,
DTL01739,ORD01054,ITEM043,2,27000,54000,
DTL01740,ORD01055,ITEM069,1,60000,60000,
DTL01741,ORD01055,ITEM066,1,45000,45000,
DTL01742,ORD01056,ITEM068,1,39000,39000,
DTL01743,ORD01057,ITEM043,1,27000,27000,
DTL01744,ORD01057,ITEM050,1,27000,27000,
DTL01745,ORD01058,ITEM058,1,52000,52000,
DTL01746,ORD01059,ITEM049,1,28000,28000,
DTL01747,ORD01060,ITEM050,1,27000,27000,panas
DTL01748,ORD01061,ITEM002,1,40000,40000,
DTL01749,ORD01062,ITEM074,1,27000,27000,
DTL01750,ORD01063,ITEM044,1,39000,39000,
DTL01751,ORD01063,ITEM078,1,18000,18000,
DTL01752,ORD01063,ITEM067,1,63000,63000,
DTL01753,ORD01064,ITEM005,2,28000,56000,
DTL01754,ORD01065,ITEM063,1,67000,67000,
DTL01755,ORD01066,ITEM007,3,24000,72000,
DTL01756,ORD01066,ITEM073,1,22000,22000,
DTL01757,ORD01067,ITEM002,1,40000,40000,
DTL01758,ORD01067,ITEM062,2,44000,88000,
DTL01759,ORD01068,ITEM025,1,41000,41000,
DTL01760,ORD01069,ITEM041,3,26000,78000,
DTL01761,ORD01070,ITEM042,1,33000,33000,
DTL01762,ORD01071,ITEM012,1,51000,51000,
DTL01763,ORD01071,ITEM009,2,24000,48000,
DTL01764,ORD01071,ITEM025,1,41000,41000,gula sedikit
DTL01765,ORD01072,ITEM059,1,73000,73000,
DTL01766,ORD01072,ITEM033,1,39000,39000,
DTL01767,ORD01073,ITEM031,1,21000,21000,
DTL01768,ORD01073,ITEM006,1,50000,50000,
DTL01769,ORD01074,ITEM013,1,40000,40000,
DTL01770,ORD01075,ITEM005,1,28000,28000,
DTL01771,ORD01076,ITEM019,2,47000,94000,dingin
DTL01772,ORD01076,ITEM040,1,24000,24000,
DTL01773,ORD01077,ITEM043,1,27000,27000,
DTL01774,ORD01078,ITEM017,1,36000,36000,
DTL01775,ORD01079,ITEM011,2,49000,98000,
DTL01776,ORD01079,ITEM080,1,34000,34000,
DTL01777,ORD01079,ITEM045,2,36000,72000,
DTL01778,ORD01080,ITEM001,1,29000,29000,
DTL01779,ORD01080,ITEM015,1,50000,50000,
DTL01780,ORD01080,ITEM071,1,26000,26000,panas
DTL01781,ORD01081,ITEM018,1,29000,29000,gula sedikit
DTL01782,ORD01082,ITEM036,1,25000,25000,
DTL01783,ORD01083,ITEM043,1,27000,27000,ekstra creamer
DTL01784,ORD01083,ITEM041,1,26000,26000,
DTL01785,ORD01083,ITEM037,1,27000,27000,extra hot
DTL01786,ORD01084,ITEM006,1,50000,50000,
DTL01787,ORD01085,ITEM016,1,40000,40000,
DTL01788,ORD01085,ITEM002,1,40000,40000,
DTL01789,ORD01086,ITEM031,2,21000,42000,
DTL01790,ORD01087,ITEM063,1,67000,67000,
DTL01791,ORD01087,ITEM007,1,24000,24000,less sugar
DTL01792,ORD01087,ITEM038,1,39000,39000,
DTL01793,ORD01088,ITEM069,1,60000,60000,
DTL01794,ORD01088,ITEM077,1,23000,23000,
DTL01795,ORD01089,ITEM019,1,47000,47000,
DTL01796,ORD01090,ITEM076,1,28000,28000,
DTL01797,ORD01090,ITEM038,1,39000,39000,
DTL01798,ORD01091,ITEM077,1,23000,23000,less sugar
DTL01799,ORD01091,ITEM029,1,37000,37000,
DTL01800,ORD01092,ITEM062,1,44000,44000,
DTL01801,ORD01092,ITEM038,1,39000,39000,
DTL01802,ORD01093,ITEM053,1,68000,68000,
DTL01803,ORD01093,ITEM069,1,60000,60000,
DTL01804,ORD01093,ITEM036,1,25000,25000,
DTL01805,ORD01094,ITEM064,1,38000,38000,
DTL01806,ORD01095,ITEM066,2,45000,90000,
DTL01807,ORD01095,ITEM032,1,27000,27000,
DTL01808,ORD01095,ITEM012,1,51000,51000,
DTL01809,ORD01095,ITEM051,2,49000,98000,
DTL01810,ORD01096,ITEM033,2,39000,78000,
DTL01811,ORD01096,ITEM060,1,73000,73000,
DTL01812,ORD01097,ITEM004,3,29000,87000,
DTL01813,ORD01097,ITEM013,1,40000,40000,
DTL01814,ORD01098,ITEM008,1,36000,36000,
DTL01815,ORD01099,ITEM063,1,67000,67000,
DTL01816,ORD01099,ITEM024,1,27000,27000,
DTL01817,ORD01100,ITEM033,1,39000,39000,
DTL01818,ORD01100,ITEM010,1,35000,35000,
DTL01819,ORD01101,ITEM033,1,39000,39000,
DTL01820,ORD01101,ITEM066,1,45000,45000,
DTL01821,ORD01102,ITEM078,1,18000,18000,
DTL01822,ORD01103,ITEM058,1,52000,52000,
DTL01823,ORD01103,ITEM019,2,47000,94000,
DTL01824,ORD01104,ITEM051,1,49000,49000,
DTL01825,ORD01104,ITEM077,1,23000,23000,
DTL01826,ORD01105,ITEM076,1,28000,28000,
DTL01827,ORD01105,ITEM022,1,52000,52000,
DTL01828,ORD01106,ITEM004,1,29000,29000,
DTL01829,ORD01106,ITEM011,2,49000,98000,
DTL01830,ORD01107,ITEM004,1,29000,29000,tanpa gula
DTL01831,ORD01108,ITEM080,2,34000,68000,
DTL01832,ORD01109,ITEM043,1,27000,27000,
DTL01833,ORD01109,ITEM074,1,27000,27000,
DTL01834,ORD01110,ITEM051,1,49000,49000,
DTL01835,ORD01111,ITEM075,3,29000,87000,
DTL01836,ORD01111,ITEM035,1,30000,30000,
DTL01837,ORD01112,ITEM032,1,27000,27000,
DTL01838,ORD01113,ITEM008,1,36000,36000,
DTL01839,ORD01114,ITEM040,3,24000,72000,
DTL01840,ORD01115,ITEM009,1,24000,24000,
DTL01841,ORD01116,ITEM025,1,41000,41000,ekstra creamer
DTL01842,ORD01117,ITEM006,2,50000,100000,
DTL01843,ORD01118,ITEM035,1,30000,30000,
DTL01844,ORD01119,ITEM046,1,29000,29000,
DTL01845,ORD01120,ITEM055,1,52000,52000,
DTL01846,ORD01120,ITEM036,1,25000,25000,tanpa gula
DTL01847,ORD01121,ITEM008,1,36000,36000,panas
DTL01848,ORD01121,ITEM044,3,39000,117000,
DTL01849,ORD01122,ITEM022,2,52000,104000,
DTL01850,ORD01123,ITEM012,1,51000,51000,
DTL01851,ORD01124,ITEM011,2,49000,98000,
DTL01852,ORD01125,ITEM077,1,23000,23000,
DTL01853,ORD01125,ITEM002,2,40000,80000,less sugar
DTL01854,ORD01126,ITEM056,1,51000,51000,
DTL01855,ORD01127,ITEM058,1,52000,52000,
DTL01856,ORD01127,ITEM055,2,52000,104000,
DTL01857,ORD01128,ITEM071,1,26000,26000,
DTL01858,ORD01129,ITEM066,1,45000,45000,
DTL01859,ORD01130,ITEM060,2,73000,146000,
DTL01860,ORD01131,ITEM006,1,50000,50000,
DTL01861,ORD01132,ITEM058,2,52000,104000,
DTL01862,ORD01133,ITEM033,1,39000,39000,
DTL01863,ORD01133,ITEM038,1,39000,39000,
DTL01864,ORD01133,ITEM051,1,49000,49000,
DTL01865,ORD01134,ITEM006,1,50000,50000,less sugar
DTL01866,ORD01134,ITEM016,1,40000,40000,panas
DTL01867,ORD01135,ITEM006,1,50000,50000,
DTL01868,ORD01136,ITEM074,3,27000,81000,
DTL01869,ORD01136,ITEM055,1,52000,52000,
DTL01870,ORD01137,ITEM061,2,59000,118000,
DTL01871,ORD01137,ITEM056,2,51000,102000,
DTL01872,ORD01138,ITEM037,1,27000,27000,
DTL01873,ORD01138,ITEM022,1,52000,52000,
DTL01874,ORD01139,ITEM034,1,30000,30000,
DTL01875,ORD01139,ITEM044,1,39000,39000,
DTL01876,ORD01140,ITEM061,3,59000,177000,
DTL01877,ORD01141,ITEM054,1,65000,65000,tambah whip cream
DTL01878,ORD01142,ITEM017,1,36000,36000,
DTL01879,ORD01142,ITEM022,2,52000,104000,
DTL01880,ORD01142,ITEM063,1,67000,67000,
DTL01881,ORD01143,ITEM010,2,35000,70000,
DTL01882,ORD01144,ITEM047,3,20000,60000,
DTL01883,ORD01144,ITEM051,1,49000,49000,
DTL01884,ORD01145,ITEM006,2,50000,100000,
DTL01885,ORD01146,ITEM057,1,72000,72000,
DTL01886,ORD01147,ITEM009,1,24000,24000,
DTL01887,ORD01148,ITEM028,2,27000,54000,
DTL01888,ORD01149,ITEM003,2,37000,74000,
DTL01889,ORD01150,ITEM060,1,73000,73000,
DTL01890,ORD01150,ITEM018,1,29000,29000,
DTL01891,ORD01151,ITEM009,1,24000,24000,
DTL01892,ORD01151,ITEM040,1,24000,24000,
DTL01893,ORD01151,ITEM003,1,37000,37000,
DTL01894,ORD01152,ITEM059,1,73000,73000,
DTL01895,ORD01152,ITEM015,1,50000,50000,
DTL01896,ORD01152,ITEM068,2,39000,78000,
DTL01897,ORD01153,ITEM075,3,29000,87000,
DTL01898,ORD01154,ITEM080,1,34000,34000,
DTL01899,ORD01155,ITEM013,1,40000,40000,
DTL01900,ORD01156,ITEM022,2,52000,104000,
DTL01901,ORD01157,ITEM078,1,18000,18000,
DTL01902,ORD01157,ITEM029,2,37000,74000,
DTL01903,ORD01157,ITEM015,1,50000,50000,
DTL01904,ORD01158,ITEM075,1,29000,29000,
DTL01905,ORD01158,ITEM028,1,27000,27000,
DTL01906,ORD01158,ITEM080,1,34000,34000,less sugar
DTL01907,ORD01159,ITEM008,1,36000,36000,panas
DTL01908,ORD01160,ITEM022,1,52000,52000,
DTL01909,ORD01161,ITEM054,1,65000,65000,
DTL01910,ORD01161,ITEM002,1,40000,40000,
DTL01911,ORD01161,ITEM050,1,27000,27000,
DTL01912,ORD01162,ITEM006,1,50000,50000,
DTL01913,ORD01162,ITEM078,1,18000,18000,
DTL01914,ORD01162,ITEM041,2,26000,52000,extra shot
DTL01915,ORD01163,ITEM038,3,39000,117000,
DTL01916,ORD01163,ITEM074,1,27000,27000,
DTL01917,ORD01164,ITEM005,1,28000,28000,
DTL01918,ORD01164,ITEM064,2,38000,76000,
DTL01919,ORD01164,ITEM012,1,51000,51000,
DTL01920,ORD01165,ITEM068,1,39000,39000,
DTL01921,ORD01166,ITEM024,1,27000,27000,
DTL01922,ORD01166,ITEM018,1,29000,29000,
DTL01923,ORD01167,ITEM041,2,26000,52000,
DTL01924,ORD01168,ITEM017,1,36000,36000,extra shot
DTL01925,ORD01169,ITEM019,1,47000,47000,
DTL01926,ORD01170,ITEM034,1,30000,30000,tanpa susu
DTL01927,ORD01170,ITEM030,2,27000,54000,
DTL01928,ORD01171,ITEM071,2,26000,52000,
DTL01929,ORD01171,ITEM028,1,27000,27000,
DTL01930,ORD01172,ITEM074,1,27000,27000,
DTL01931,ORD01173,ITEM049,1,28000,28000,
DTL01932,ORD01174,ITEM010,1,35000,35000,
DTL01933,ORD01174,ITEM016,1,40000,40000,
DTL01934,ORD01174,ITEM071,1,26000,26000,
DTL01935,ORD01175,ITEM049,2,28000,56000,
DTL01936,ORD01176,ITEM062,1,44000,44000,
DTL01937,ORD01177,ITEM012,1,51000,51000,
DTL01938,ORD01177,ITEM005,1,28000,28000,ekstra creamer
DTL01939,ORD01177,ITEM053,1,68000,68000,
DTL01940,ORD01178,ITEM075,1,29000,29000,tanpa gula
DTL01941,ORD01179,ITEM049,2,28000,56000,
DTL01942,ORD01180,ITEM075,3,29000,87000,dingin
DTL01943,ORD01180,ITEM051,1,49000,49000,
DTL01944,ORD01181,ITEM045,3,36000,108000,no ice
DTL01945,ORD01182,ITEM055,1,52000,52000,no ice
DTL01946,ORD01182,ITEM035,3,30000,90000,
DTL01947,ORD01183,ITEM032,1,27000,27000,
DTL01948,ORD01184,ITEM072,1,18000,18000,ekstra creamer
DTL01949,ORD01185,ITEM001,1,29000,29000,
DTL01950,ORD01186,ITEM015,1,50000,50000,
DTL01951,ORD01186,ITEM019,1,47000,47000,
DTL01952,ORD01187,ITEM061,1,59000,59000,
DTL01953,ORD01188,ITEM028,2,27000,54000,
DTL01954,ORD01188,ITEM029,1,37000,37000,
DTL01955,ORD01189,ITEM012,1,51000,51000,
DTL01956,ORD01190,ITEM064,1,38000,38000,
DTL01957,ORD01190,ITEM017,1,36000,36000,
DTL01958,ORD01190,ITEM069,1,60000,60000,
DTL01959,ORD01191,ITEM027,1,35000,35000,
DTL01960,ORD01191,ITEM013,1,40000,40000,
DTL01961,ORD01192,ITEM037,1,27000,27000,tambah whip cream
DTL01962,ORD01193,ITEM073,1,22000,22000,
DTL01963,ORD01193,ITEM034,1,30000,30000,
DTL01964,ORD01194,ITEM064,1,38000,38000,
DTL01965,ORD01194,ITEM001,1,29000,29000,
DTL01966,ORD01194,ITEM029,1,37000,37000,
DTL01967,ORD01195,ITEM004,2,29000,58000,
DTL01968,ORD01196,ITEM005,2,28000,56000,
DTL01969,ORD01197,ITEM032,1,27000,27000,
DTL01970,ORD01198,ITEM006,1,50000,50000,panas
DTL01971,ORD01198,ITEM031,2,21000,42000,
DTL01972,ORD01199,ITEM012,1,51000,51000,
DTL01973,ORD01199,ITEM003,2,37000,74000,ekstra creamer
DTL01974,ORD01199,ITEM024,1,27000,27000,
DTL01975,ORD01200,ITEM031,1,21000,21000,no ice
DTL01976,ORD01200,ITEM001,1,29000,29000,
DTL01977,ORD01201,ITEM025,1,41000,41000,
DTL01978,ORD01202,ITEM016,1,40000,40000,
DTL01979,ORD01202,ITEM056,1,51000,51000,
DTL01980,ORD01203,ITEM031,1,21000,21000,
DTL01981,ORD01203,ITEM033,1,39000,39000,
DTL01982,ORD01203,ITEM005,1,28000,28000,
DTL01983,ORD01204,ITEM058,1,52000,52000,
DTL01984,ORD01205,ITEM030,1,27000,27000,
DTL01985,ORD01206,ITEM033,1,39000,39000,
DTL01986,ORD01206,ITEM052,1,56000,56000,
DTL01987,ORD01207,ITEM080,1,34000,34000,
DTL01988,ORD01208,ITEM071,2,26000,52000,
DTL01989,ORD01209,ITEM008,1,36000,36000,extra hot
DTL01990,ORD01209,ITEM064,1,38000,38000,
DTL01991,ORD01210,ITEM025,2,41000,82000,
DTL01992,ORD01211,ITEM059,1,73000,73000,
DTL01993,ORD01211,ITEM073,1,22000,22000,
DTL01994,ORD01212,ITEM028,2,27000,54000,
DTL01995,ORD01213,ITEM017,1,36000,36000,
DTL01996,ORD01213,ITEM075,2,29000,58000,
DTL01997,ORD01214,ITEM076,1,28000,28000,
DTL01998,ORD01215,ITEM008,1,36000,36000,
DTL01999,ORD01215,ITEM068,1,39000,39000,
DTL02000,ORD01215,ITEM011,1,49000,49000,
DTL02001,ORD01215,ITEM031,3,21000,63000,
DTL02002,ORD01216,ITEM031,1,21000,21000,
DTL02003,ORD01217,ITEM038,1,39000,39000,
DTL02004,ORD01218,ITEM064,2,38000,76000,
DTL02005,ORD01219,ITEM069,1,60000,60000,extra hot
DTL02006,ORD01219,ITEM003,1,37000,37000,
DTL02007,ORD01220,ITEM068,2,39000,78000,
DTL02008,ORD01220,ITEM017,1,36000,36000,
DTL02009,ORD01221,ITEM041,1,26000,26000,no ice
DTL02010,ORD01221,ITEM001,1,29000,29000,
DTL02011,ORD01221,ITEM047,1,20000,20000,
DTL02012,ORD01222,ITEM073,1,22000,22000,
DTL02013,ORD01223,ITEM044,1,39000,39000,
DTL02014,ORD01223,ITEM015,1,50000,50000,
DTL02015,ORD01224,ITEM032,1,27000,27000,gula sedikit
DTL02016,ORD01225,ITEM040,2,24000,48000,
DTL02017,ORD01225,ITEM027,3,35000,105000,
DTL02018,ORD01226,ITEM008,2,36000,72000,
DTL02019,ORD01227,ITEM075,1,29000,29000,tanpa susu
DTL02020,ORD01228,ITEM044,1,39000,39000,
DTL02021,ORD01228,ITEM075,1,29000,29000,
DTL02022,ORD01229,ITEM035,1,30000,30000,
DTL02023,ORD01230,ITEM061,1,59000,59000,
DTL02024,ORD01231,ITEM011,2,49000,98000,
DTL02025,ORD01232,ITEM058,1,52000,52000,less ice
DTL02026,ORD01233,ITEM062,1,44000,44000,
DTL02027,ORD01233,ITEM016,2,40000,80000,
DTL02028,ORD01234,ITEM053,1,68000,68000,
DTL02029,ORD01234,ITEM015,1,50000,50000,
DTL02030,ORD01235,ITEM056,1,51000,51000,
DTL02031,ORD01235,ITEM057,2,72000,144000,
DTL02032,ORD01236,ITEM057,1,72000,72000,tanpa gula
DTL02033,ORD01237,ITEM034,1,30000,30000,
DTL02034,ORD01237,ITEM041,1,26000,26000,
DTL02035,ORD01237,ITEM078,1,18000,18000,extra hot
DTL02036,ORD01238,ITEM009,1,24000,24000,
DTL02037,ORD01238,ITEM012,2,51000,102000,
DTL02038,ORD01239,ITEM033,1,39000,39000,
DTL02039,ORD01240,ITEM059,1,73000,73000,
DTL02040,ORD01241,ITEM013,1,40000,40000,
DTL02041,ORD01242,ITEM071,2,26000,52000,no ice
DTL02042,ORD01243,ITEM022,1,52000,52000,
DTL02043,ORD01244,ITEM056,1,51000,51000,
DTL02044,ORD01244,ITEM040,1,24000,24000,ekstra creamer
DTL02045,ORD01244,ITEM080,3,34000,102000,
DTL02046,ORD01245,ITEM040,3,24000,72000,
DTL02047,ORD01246,ITEM071,1,26000,26000,ekstra creamer
DTL02048,ORD01246,ITEM054,1,65000,65000,
DTL02049,ORD01247,ITEM032,1,27000,27000,
DTL02050,ORD01247,ITEM061,1,59000,59000,
DTL02051,ORD01248,ITEM045,2,36000,72000,
DTL02052,ORD01249,ITEM063,1,67000,67000,
DTL02053,ORD01249,ITEM073,1,22000,22000,
DTL02054,ORD01250,ITEM066,3,45000,135000,
DTL02055,ORD01250,ITEM046,1,29000,29000,
DTL02056,ORD01250,ITEM047,1,20000,20000,
DTL02057,ORD01251,ITEM044,1,39000,39000,
DTL02058,ORD01252,ITEM029,1,37000,37000,
DTL02059,ORD01253,ITEM047,1,20000,20000,
DTL02060,ORD01254,ITEM076,1,28000,28000,less sugar
DTL02061,ORD01255,ITEM018,1,29000,29000,tanpa gula
DTL02062,ORD01255,ITEM031,1,21000,21000,
DTL02063,ORD01255,ITEM011,1,49000,49000,
DTL02064,ORD01255,ITEM028,1,27000,27000,extra hot
DTL02065,ORD01256,ITEM077,1,23000,23000,
DTL02066,ORD01257,ITEM052,3,56000,168000,
DTL02067,ORD01258,ITEM035,1,30000,30000,
DTL02068,ORD01258,ITEM074,1,27000,27000,dingin
DTL02069,ORD01259,ITEM051,2,49000,98000,
DTL02070,ORD01259,ITEM022,1,52000,52000,
DTL02071,ORD01260,ITEM072,1,18000,18000,extra hot
DTL02072,ORD01260,ITEM011,1,49000,49000,
DTL02073,ORD01261,ITEM027,2,35000,70000,tanpa gula
DTL02074,ORD01262,ITEM038,1,39000,39000,
DTL02075,ORD01262,ITEM050,1,27000,27000,panas
DTL02076,ORD01263,ITEM002,1,40000,40000,
DTL02077,ORD01263,ITEM005,1,28000,28000,
DTL02078,ORD01263,ITEM015,1,50000,50000,extra hot
DTL02079,ORD01264,ITEM078,1,18000,18000,
DTL02080,ORD01265,ITEM049,1,28000,28000,
DTL02081,ORD01266,ITEM062,1,44000,44000,
DTL02082,ORD01266,ITEM077,2,23000,46000,
DTL02083,ORD01267,ITEM066,1,45000,45000,
DTL02084,ORD01268,ITEM034,1,30000,30000,
DTL02085,ORD01268,ITEM066,1,45000,45000,
DTL02086,ORD01268,ITEM025,1,41000,41000,
DTL02087,ORD01269,ITEM075,2,29000,58000,
DTL02088,ORD01270,ITEM001,1,29000,29000,
DTL02089,ORD01271,ITEM071,1,26000,26000,
DTL02090,ORD01271,ITEM057,2,72000,144000,
DTL02091,ORD01272,ITEM011,1,49000,49000,
DTL02092,ORD01272,ITEM075,1,29000,29000,
DTL02093,ORD01273,ITEM031,1,21000,21000,less ice
DTL02094,ORD01274,ITEM010,1,35000,35000,less sugar
DTL02095,ORD01275,ITEM058,2,52000,104000,
DTL02096,ORD01275,ITEM055,1,52000,52000,panas
DTL02097,ORD01275,ITEM045,3,36000,108000,
DTL02098,ORD01276,ITEM076,1,28000,28000,
DTL02099,ORD01277,ITEM059,1,73000,73000,
DTL02100,ORD01278,ITEM077,3,23000,69000,
DTL02101,ORD01279,ITEM010,1,35000,35000,less sugar
DTL02102,ORD01280,ITEM076,1,28000,28000,
DTL02103,ORD01281,ITEM019,2,47000,94000,
DTL02104,ORD01282,ITEM019,1,47000,47000,
DTL02105,ORD01282,ITEM072,1,18000,18000,
DTL02106,ORD01283,ITEM025,1,41000,41000,tanpa gula
DTL02107,ORD01284,ITEM018,1,29000,29000,
DTL02108,ORD01285,ITEM022,1,52000,52000,less ice
DTL02109,ORD01286,ITEM051,3,49000,147000,
DTL02110,ORD01286,ITEM060,1,73000,73000,
DTL02111,ORD01286,ITEM042,2,33000,66000,
DTL02112,ORD01287,ITEM072,1,18000,18000,tambah whip cream
DTL02113,ORD01288,ITEM080,2,34000,68000,
DTL02114,ORD01289,ITEM055,3,52000,156000,
DTL02115,ORD01290,ITEM054,1,65000,65000,
DTL02116,ORD01290,ITEM035,1,30000,30000,
DTL02117,ORD01290,ITEM064,1,38000,38000,
DTL02118,ORD01291,ITEM046,1,29000,29000,
DTL02119,ORD01291,ITEM049,1,28000,28000,
DTL02120,ORD01291,ITEM044,1,39000,39000,
DTL02121,ORD01292,ITEM012,3,51000,153000,
DTL02122,ORD01293,ITEM010,1,35000,35000,
DTL02123,ORD01293,ITEM005,1,28000,28000,
DTL02124,ORD01293,ITEM040,1,24000,24000,
DTL02125,ORD01294,ITEM036,1,25000,25000,extra hot
DTL02126,ORD01295,ITEM034,3,30000,90000,dingin
DTL02127,ORD01296,ITEM019,1,47000,47000,
DTL02128,ORD01297,ITEM053,1,68000,68000,
DTL02129,ORD01297,ITEM011,1,49000,49000,
DTL02130,ORD01298,ITEM046,1,29000,29000,
DTL02131,ORD01299,ITEM003,1,37000,37000,
DTL02132,ORD01300,ITEM055,2,52000,104000,
DTL02133,ORD01301,ITEM047,1,20000,20000,tanpa gula
DTL02134,ORD01302,ITEM051,1,49000,49000,
DTL02135,ORD01303,ITEM006,3,50000,150000,
DTL02136,ORD01304,ITEM054,2,65000,130000,
DTL02137,ORD01304,ITEM004,2,29000,58000,
DTL02138,ORD01305,ITEM017,1,36000,36000,
DTL02139,ORD01305,ITEM001,1,29000,29000,
DTL02140,ORD01306,ITEM034,3,30000,90000,
DTL02141,ORD01306,ITEM051,1,49000,49000,
DTL02142,ORD01306,ITEM028,1,27000,27000,
DTL02143,ORD01307,ITEM058,2,52000,104000,tambah whip cream
DTL02144,ORD01307,ITEM062,1,44000,44000,
DTL02145,ORD01308,ITEM018,1,29000,29000,gula sedikit
DTL02146,ORD01309,ITEM072,1,18000,18000,
DTL02147,ORD01310,ITEM056,1,51000,51000,
DTL02148,ORD01311,ITEM024,1,27000,27000,
DTL02149,ORD01311,ITEM034,2,30000,60000,
DTL02150,ORD01312,ITEM080,1,34000,34000,
DTL02151,ORD01313,ITEM001,2,29000,58000,
DTL02152,ORD01313,ITEM043,3,27000,81000,tanpa gula
DTL02153,ORD01314,ITEM062,1,44000,44000,
DTL02154,ORD01315,ITEM053,1,68000,68000,
DTL02155,ORD01316,ITEM025,1,41000,41000,
DTL02156,ORD01316,ITEM034,1,30000,30000,
DTL02157,ORD01317,ITEM072,1,18000,18000,
DTL02158,ORD01317,ITEM001,1,29000,29000,
DTL02159,ORD01318,ITEM068,1,39000,39000,
DTL02160,ORD01318,ITEM069,1,60000,60000,
DTL02161,ORD01319,ITEM056,1,51000,51000,
DTL02162,ORD01320,ITEM075,1,29000,29000,
DTL02163,ORD01321,ITEM035,1,30000,30000,less sugar
DTL02164,ORD01322,ITEM077,1,23000,23000,tanpa gula
DTL02165,ORD01322,ITEM016,1,40000,40000,
DTL02166,ORD01322,ITEM009,1,24000,24000,
DTL02167,ORD01323,ITEM018,1,29000,29000,
DTL02168,ORD01324,ITEM018,1,29000,29000,extra hot
DTL02169,ORD01324,ITEM074,1,27000,27000,
DTL02170,ORD01324,ITEM012,1,51000,51000,
DTL02171,ORD01325,ITEM013,1,40000,40000,
DTL02172,ORD01325,ITEM078,1,18000,18000,
DTL02173,ORD01325,ITEM034,1,30000,30000,
DTL02174,ORD01326,ITEM004,1,29000,29000,
DTL02175,ORD01327,ITEM031,1,21000,21000,
DTL02176,ORD01327,ITEM017,1,36000,36000,
DTL02177,ORD01328,ITEM024,1,27000,27000,
DTL02178,ORD01328,ITEM011,1,49000,49000,
DTL02179,ORD01329,ITEM030,1,27000,27000,
DTL02180,ORD01330,ITEM057,1,72000,72000,
DTL02181,ORD01330,ITEM019,1,47000,47000,dingin
DTL02182,ORD01331,ITEM013,2,40000,80000,
DTL02183,ORD01331,ITEM075,3,29000,87000,
DTL02184,ORD01332,ITEM046,2,29000,58000,
DTL02185,ORD01333,ITEM029,1,37000,37000,
DTL02186,ORD01333,ITEM054,1,65000,65000,less sugar
DTL02187,ORD01333,ITEM008,2,36000,72000,
DTL02188,ORD01334,ITEM068,1,39000,39000,
DTL02189,ORD01335,ITEM050,1,27000,27000,
DTL02190,ORD01335,ITEM031,1,21000,21000,
DTL02191,ORD01336,ITEM042,1,33000,33000,
DTL02192,ORD01337,ITEM046,2,29000,58000,
DTL02193,ORD01337,ITEM075,1,29000,29000,
DTL02194,ORD01337,ITEM012,1,51000,51000,
DTL02195,ORD01338,ITEM042,1,33000,33000,
DTL02196,ORD01338,ITEM019,3,47000,141000,
DTL02197,ORD01338,ITEM036,1,25000,25000,dingin
DTL02198,ORD01339,ITEM047,2,20000,40000,
DTL02199,ORD01340,ITEM003,1,37000,37000,
DTL02200,ORD01340,ITEM004,1,29000,29000,
DTL02201,ORD01340,ITEM078,1,18000,18000,
DTL02202,ORD01341,ITEM054,2,65000,130000,
DTL02203,ORD01342,ITEM016,1,40000,40000,
DTL02204,ORD01343,ITEM034,1,30000,30000,
DTL02205,ORD01343,ITEM064,1,38000,38000,
DTL02206,ORD01344,ITEM053,2,68000,136000,
DTL02207,ORD01344,ITEM024,2,27000,54000,
DTL02208,ORD01344,ITEM064,1,38000,38000,
DTL02209,ORD01345,ITEM029,1,37000,37000,
DTL02210,ORD01346,ITEM033,1,39000,39000,
DTL02211,ORD01346,ITEM058,1,52000,52000,less sugar
DTL02212,ORD01347,ITEM028,1,27000,27000,
DTL02213,ORD01347,ITEM004,1,29000,29000,panas
DTL02214,ORD01348,ITEM022,1,52000,52000,
DTL02215,ORD01348,ITEM027,1,35000,35000,
DTL02216,ORD01348,ITEM024,1,27000,27000,
DTL02217,ORD01349,ITEM035,1,30000,30000,
DTL02218,ORD01350,ITEM057,1,72000,72000,
DTL02219,ORD01351,ITEM058,1,52000,52000,
DTL02220,ORD01352,ITEM040,1,24000,24000,
DTL02221,ORD01352,ITEM078,1,18000,18000,
DTL02222,ORD01352,ITEM059,1,73000,73000,panas
DTL02223,ORD01353,ITEM024,1,27000,27000,ekstra creamer
DTL02224,ORD01354,ITEM051,1,49000,49000,
DTL02225,ORD01355,ITEM041,1,26000,26000,
DTL02226,ORD01356,ITEM017,1,36000,36000,
DTL02227,ORD01356,ITEM049,1,28000,28000,
DTL02228,ORD01356,ITEM024,1,27000,27000,
DTL02229,ORD01357,ITEM047,1,20000,20000,
DTL02230,ORD01358,ITEM062,3,44000,132000,
DTL02231,ORD01359,ITEM012,1,51000,51000,
DTL02232,ORD01359,ITEM056,1,51000,51000,
DTL02233,ORD01359,ITEM033,1,39000,39000,
DTL02234,ORD01360,ITEM012,1,51000,51000,
DTL02235,ORD01361,ITEM067,1,63000,63000,
DTL02236,ORD01362,ITEM029,1,37000,37000,
DTL02237,ORD01362,ITEM018,1,29000,29000,
DTL02238,ORD01363,ITEM036,2,25000,50000,gula sedikit
DTL02239,ORD01364,ITEM075,1,29000,29000,
DTL02240,ORD01365,ITEM004,1,29000,29000,
DTL02241,ORD01366,ITEM001,1,29000,29000,
DTL02242,ORD01366,ITEM019,1,47000,47000,
DTL02243,ORD01367,ITEM031,1,21000,21000,
DTL02244,ORD01368,ITEM069,1,60000,60000,
DTL02245,ORD01368,ITEM031,3,21000,63000,
DTL02246,ORD01369,ITEM056,1,51000,51000,
DTL02247,ORD01370,ITEM068,1,39000,39000,
DTL02248,ORD01371,ITEM050,1,27000,27000,
DTL02249,ORD01371,ITEM058,1,52000,52000,
DTL02250,ORD01372,ITEM046,1,29000,29000,tanpa susu
DTL02251,ORD01372,ITEM017,1,36000,36000,
DTL02252,ORD01373,ITEM027,1,35000,35000,
DTL02253,ORD01374,ITEM078,1,18000,18000,no ice
DTL02254,ORD01374,ITEM076,1,28000,28000,
DTL02255,ORD01375,ITEM045,2,36000,72000,
DTL02256,ORD01376,ITEM018,1,29000,29000,
DTL02257,ORD01376,ITEM005,1,28000,28000,
DTL02258,ORD01376,ITEM037,1,27000,27000,
DTL02259,ORD01377,ITEM016,1,40000,40000,tanpa gula
DTL02260,ORD01378,ITEM069,1,60000,60000,
DTL02261,ORD01378,ITEM001,2,29000,58000,tanpa susu
DTL02262,ORD01379,ITEM057,1,72000,72000,
DTL02263,ORD01380,ITEM019,1,47000,47000,
DTL02264,ORD01381,ITEM066,1,45000,45000,
DTL02265,ORD01382,ITEM042,1,33000,33000,extra shot
DTL02266,ORD01382,ITEM056,2,51000,102000,
DTL02267,ORD01383,ITEM047,1,20000,20000,
DTL02268,ORD01384,ITEM066,1,45000,45000,
DTL02269,ORD01385,ITEM050,1,27000,27000,panas
DTL02270,ORD01386,ITEM017,1,36000,36000,
DTL02271,ORD01387,ITEM052,1,56000,56000,
DTL02272,ORD01387,ITEM047,1,20000,20000,
DTL02273,ORD01388,ITEM072,1,18000,18000,
DTL02274,ORD01388,ITEM027,1,35000,35000,extra shot
DTL02275,ORD01389,ITEM025,3,41000,123000,
DTL02276,ORD01390,ITEM080,1,34000,34000,less ice
DTL02277,ORD01390,ITEM068,1,39000,39000,
DTL02278,ORD01391,ITEM054,1,65000,65000,
DTL02279,ORD01392,ITEM047,1,20000,20000,
DTL02280,ORD01393,ITEM072,1,18000,18000,
DTL02281,ORD01393,ITEM037,1,27000,27000,
DTL02282,ORD01393,ITEM030,1,27000,27000,
DTL02283,ORD01394,ITEM007,1,24000,24000,no ice
DTL02284,ORD01395,ITEM053,1,68000,68000,
DTL02285,ORD01395,ITEM015,1,50000,50000,
DTL02286,ORD01396,ITEM067,1,63000,63000,
DTL02287,ORD01397,ITEM056,2,51000,102000,
DTL02288,ORD01397,ITEM030,1,27000,27000,
DTL02289,ORD01398,ITEM073,1,22000,22000,less sugar
DTL02290,ORD01398,ITEM075,1,29000,29000,
DTL02291,ORD01399,ITEM047,1,20000,20000,
DTL02292,ORD01399,ITEM030,1,27000,27000,
DTL02293,ORD01400,ITEM041,1,26000,26000,less ice
DTL02294,ORD01401,ITEM052,1,56000,56000,
DTL02295,ORD01401,ITEM080,1,34000,34000,
DTL02296,ORD01401,ITEM011,1,49000,49000,
DTL02297,ORD01402,ITEM047,1,20000,20000,
DTL02298,ORD01403,ITEM044,1,39000,39000,less sugar
DTL02299,ORD01404,ITEM051,1,49000,49000,
DTL02300,ORD01404,ITEM013,1,40000,40000,
DTL02301,ORD01405,ITEM011,1,49000,49000,
DTL02302,ORD01406,ITEM063,1,67000,67000,
DTL02303,ORD01407,ITEM078,1,18000,18000,
DTL02304,ORD01408,ITEM073,1,22000,22000,
DTL02305,ORD01408,ITEM064,1,38000,38000,
DTL02306,ORD01408,ITEM077,3,23000,69000,
DTL02307,ORD01409,ITEM029,1,37000,37000,
DTL02308,ORD01410,ITEM025,1,41000,41000,
DTL02309,ORD01411,ITEM060,1,73000,73000,
DTL02310,ORD01411,ITEM042,1,33000,33000,
DTL02311,ORD01412,ITEM027,1,35000,35000,
DTL02312,ORD01413,ITEM006,1,50000,50000,
DTL02313,ORD01414,ITEM027,1,35000,35000,
DTL02314,ORD01414,ITEM008,1,36000,36000,
DTL02315,ORD01414,ITEM066,1,45000,45000,
DTL02316,ORD01415,ITEM032,2,27000,54000,
DTL02317,ORD01415,ITEM033,1,39000,39000,
DTL02318,ORD01416,ITEM046,3,29000,87000,
DTL02319,ORD01417,ITEM080,2,34000,68000,
DTL02320,ORD01418,ITEM003,1,37000,37000,less ice
DTL02321,ORD01419,ITEM078,1,18000,18000,dingin
DTL02322,ORD01420,ITEM016,1,40000,40000,
DTL02323,ORD01420,ITEM053,1,68000,68000,
DTL02324,ORD01420,ITEM061,1,59000,59000,
DTL02325,ORD01421,ITEM053,1,68000,68000,
DTL02326,ORD01421,ITEM013,1,40000,40000,
DTL02327,ORD01422,ITEM064,1,38000,38000,tanpa susu
DTL02328,ORD01423,ITEM045,1,36000,36000,
DTL02329,ORD01423,ITEM009,1,24000,24000,
DTL02330,ORD01424,ITEM043,1,27000,27000,panas
DTL02331,ORD01424,ITEM059,2,73000,146000,
DTL02332,ORD01425,ITEM059,1,73000,73000,
DTL02333,ORD01426,ITEM002,1,40000,40000,
DTL02334,ORD01427,ITEM067,1,63000,63000,
DTL02335,ORD01428,ITEM015,1,50000,50000,
DTL02336,ORD01429,ITEM080,1,34000,34000,
DTL02337,ORD01430,ITEM066,1,45000,45000,less sugar
DTL02338,ORD01431,ITEM053,1,68000,68000,
DTL02339,ORD01432,ITEM044,1,39000,39000,
DTL02340,ORD01432,ITEM063,1,67000,67000,
DTL02341,ORD01432,ITEM066,1,45000,45000,
DTL02342,ORD01432,ITEM007,1,24000,24000,
DTL02343,ORD01433,ITEM041,2,26000,52000,
DTL02344,ORD01434,ITEM059,1,73000,73000,
DTL02345,ORD01434,ITEM055,1,52000,52000,
DTL02346,ORD01434,ITEM027,1,35000,35000,tanpa susu
DTL02347,ORD01435,ITEM050,1,27000,27000,
DTL02348,ORD01435,ITEM036,1,25000,25000,
DTL02349,ORD01436,ITEM049,1,28000,28000,
DTL02350,ORD01436,ITEM055,1,52000,52000,
DTL02351,ORD01437,ITEM052,1,56000,56000,
DTL02352,ORD01438,ITEM069,1,60000,60000,
DTL02353,ORD01438,ITEM036,1,25000,25000,
DTL02354,ORD01438,ITEM022,1,52000,52000,
DTL02355,ORD01439,ITEM046,1,29000,29000,
DTL02356,ORD01440,ITEM011,1,49000,49000,
DTL02357,ORD01441,ITEM046,1,29000,29000,
DTL02358,ORD01442,ITEM068,1,39000,39000,
DTL02359,ORD01443,ITEM075,1,29000,29000,
DTL02360,ORD01444,ITEM076,2,28000,56000,extra hot
DTL02361,ORD01445,ITEM071,1,26000,26000,
DTL02362,ORD01445,ITEM080,2,34000,68000,
DTL02363,ORD01446,ITEM033,2,39000,78000,
DTL02364,ORD01447,ITEM030,1,27000,27000,
DTL02365,ORD01447,ITEM044,1,39000,39000,
DTL02366,ORD01448,ITEM058,1,52000,52000,
DTL02367,ORD01449,ITEM004,1,29000,29000,
DTL02368,ORD01449,ITEM005,1,28000,28000,
DTL02369,ORD01450,ITEM076,2,28000,56000,
DTL02370,ORD01450,ITEM044,1,39000,39000,
DTL02371,ORD01451,ITEM064,1,38000,38000,less ice
DTL02372,ORD01451,ITEM027,1,35000,35000,
DTL02373,ORD01452,ITEM064,1,38000,38000,
DTL02374,ORD01453,ITEM066,1,45000,45000,tanpa susu
DTL02375,ORD01453,ITEM011,1,49000,49000,dingin
DTL02376,ORD01454,ITEM076,1,28000,28000,
DTL02377,ORD01454,ITEM015,1,50000,50000,
DTL02378,ORD01454,ITEM011,1,49000,49000,
DTL02379,ORD01454,ITEM029,1,37000,37000,
DTL02380,ORD01455,ITEM003,2,37000,74000,
DTL02381,ORD01455,ITEM027,1,35000,35000,
DTL02382,ORD01456,ITEM047,1,20000,20000,
DTL02383,ORD01456,ITEM074,1,27000,27000,less sugar
DTL02384,ORD01457,ITEM011,1,49000,49000,extra shot
DTL02385,ORD01457,ITEM002,2,40000,80000,dingin
DTL02386,ORD01458,ITEM077,2,23000,46000,
DTL02387,ORD01458,ITEM049,2,28000,56000,
DTL02388,ORD01459,ITEM051,2,49000,98000,
DTL02389,ORD01460,ITEM075,1,29000,29000,
DTL02390,ORD01460,ITEM059,1,73000,73000,
DTL02391,ORD01461,ITEM044,1,39000,39000,
DTL02392,ORD01461,ITEM066,1,45000,45000,
DTL02393,ORD01462,ITEM037,1,27000,27000,
DTL02394,ORD01463,ITEM025,1,41000,41000,
DTL02395,ORD01464,ITEM038,2,39000,78000,
DTL02396,ORD01464,ITEM009,1,24000,24000,tanpa susu
DTL02397,ORD01465,ITEM006,3,50000,150000,
DTL02398,ORD01465,ITEM055,1,52000,52000,
DTL02399,ORD01466,ITEM075,2,29000,58000,
DTL02400,ORD01467,ITEM033,2,39000,78000,
DTL02401,ORD01468,ITEM028,1,27000,27000,tanpa susu
DTL02402,ORD01468,ITEM074,1,27000,27000,
DTL02403,ORD01469,ITEM067,2,63000,126000,
DTL02404,ORD01469,ITEM019,1,47000,47000,
DTL02405,ORD01470,ITEM005,1,28000,28000,
DTL02406,ORD01470,ITEM031,1,21000,21000,
DTL02407,ORD01471,ITEM034,1,30000,30000,
DTL02408,ORD01471,ITEM035,1,30000,30000,
DTL02409,ORD01471,ITEM033,1,39000,39000,
DTL02410,ORD01472,ITEM018,1,29000,29000,
DTL02411,ORD01473,ITEM053,1,68000,68000,
DTL02412,ORD01473,ITEM066,1,45000,45000,
DTL02413,ORD01474,ITEM036,2,25000,50000,
DTL02414,ORD01475,ITEM080,1,34000,34000,
DTL02415,ORD01475,ITEM068,1,39000,39000,
DTL02416,ORD01476,ITEM045,1,36000,36000,
DTL02417,ORD01476,ITEM022,1,52000,52000,
DTL02418,ORD01476,ITEM029,1,37000,37000,
DTL02419,ORD01476,ITEM044,1,39000,39000,
DTL02420,ORD01477,ITEM002,1,40000,40000,
DTL02421,ORD01478,ITEM036,2,25000,50000,
DTL02422,ORD01478,ITEM058,1,52000,52000,
DTL02423,ORD01479,ITEM008,1,36000,36000,
DTL02424,ORD01480,ITEM005,1,28000,28000,
DTL02425,ORD01481,ITEM010,1,35000,35000,
DTL02426,ORD01482,ITEM016,1,40000,40000,
DTL02427,ORD01482,ITEM073,2,22000,44000,less ice
DTL02428,ORD01483,ITEM018,1,29000,29000,
DTL02429,ORD01484,ITEM003,1,37000,37000,
DTL02430,ORD01485,ITEM053,1,68000,68000,
DTL02431,ORD01486,ITEM019,1,47000,47000,
DTL02432,ORD01486,ITEM041,1,26000,26000,
DTL02433,ORD01486,ITEM052,1,56000,56000,
DTL02434,ORD01486,ITEM053,1,68000,68000,tanpa susu
DTL02435,ORD01487,ITEM060,1,73000,73000,
DTL02436,ORD01487,ITEM038,2,39000,78000,gula sedikit
DTL02437,ORD01488,ITEM067,1,63000,63000,
DTL02438,ORD01489,ITEM018,1,29000,29000,
DTL02439,ORD01490,ITEM018,1,29000,29000,dingin
DTL02440,ORD01490,ITEM031,1,21000,21000,
DTL02441,ORD01491,ITEM060,1,73000,73000,
DTL02442,ORD01491,ITEM047,2,20000,40000,
DTL02443,ORD01491,ITEM042,3,33000,99000,
DTL02444,ORD01492,ITEM003,1,37000,37000,
DTL02445,ORD01493,ITEM076,1,28000,28000,
DTL02446,ORD01494,ITEM024,2,27000,54000,
DTL02447,ORD01495,ITEM051,1,49000,49000,no ice
DTL02448,ORD01496,ITEM075,1,29000,29000,
DTL02449,ORD01496,ITEM042,1,33000,33000,
DTL02450,ORD01496,ITEM034,3,30000,90000,
DTL02451,ORD01497,ITEM050,1,27000,27000,
DTL02452,ORD01497,ITEM074,2,27000,54000,
DTL02453,ORD01498,ITEM060,1,73000,73000,
DTL02454,ORD01499,ITEM007,1,24000,24000,
DTL02455,ORD01500,ITEM019,1,47000,47000,
DTL02456,ORD01501,ITEM073,2,22000,44000,
DTL02457,ORD01501,ITEM040,1,24000,24000,
DTL02458,ORD01501,ITEM049,3,28000,84000,
DTL02459,ORD01502,ITEM019,1,47000,47000,
DTL02460,ORD01502,ITEM050,1,27000,27000,
DTL02461,ORD01503,ITEM005,1,28000,28000,
DTL02462,ORD01504,ITEM022,1,52000,52000,
DTL02463,ORD01505,ITEM018,1,29000,29000,tambah whip cream
DTL02464,ORD01506,ITEM006,3,50000,150000,
DTL02465,ORD01507,ITEM004,1,29000,29000,
DTL02466,ORD01507,ITEM015,1,50000,50000,
DTL02467,ORD01508,ITEM060,1,73000,73000,
DTL02468,ORD01509,ITEM001,1,29000,29000,
DTL02469,ORD01510,ITEM064,1,38000,38000,dingin
DTL02470,ORD01510,ITEM060,1,73000,73000,
DTL02471,ORD01510,ITEM080,1,34000,34000,
DTL02472,ORD01511,ITEM045,1,36000,36000,extra shot
DTL02473,ORD01511,ITEM074,1,27000,27000,
DTL02474,ORD01512,ITEM016,1,40000,40000,
DTL02475,ORD01513,ITEM059,1,73000,73000,
DTL02476,ORD01514,ITEM080,1,34000,34000,
DTL02477,ORD01514,ITEM011,1,49000,49000,
DTL02478,ORD01515,ITEM009,1,24000,24000,
DTL02479,ORD01515,ITEM077,1,23000,23000,
DTL02480,ORD01516,ITEM025,2,41000,82000,
DTL02481,ORD01517,ITEM059,1,73000,73000,
DTL02482,ORD01518,ITEM008,1,36000,36000,
DTL02483,ORD01519,ITEM042,1,33000,33000,
DTL02484,ORD01520,ITEM068,1,39000,39000,
DTL02485,ORD01521,ITEM007,1,24000,24000,
DTL02486,ORD01521,ITEM074,1,27000,27000,less ice
DTL02487,ORD01522,ITEM051,1,49000,49000,
DTL02488,ORD01523,ITEM008,1,36000,36000,no ice
DTL02489,ORD01523,ITEM035,1,30000,30000,
DTL02490,ORD01524,ITEM072,1,18000,18000,
DTL02491,ORD01525,ITEM001,1,29000,29000,
DTL02492,ORD01525,ITEM029,1,37000,37000,
DTL02493,ORD01525,ITEM043,1,27000,27000,tambah whip cream
DTL02494,ORD01526,ITEM058,3,52000,156000,
DTL02495,ORD01527,ITEM067,1,63000,63000,
DTL02496,ORD01527,ITEM040,1,24000,24000,
DTL02497,ORD01528,ITEM008,1,36000,36000,
DTL02498,ORD01529,ITEM076,1,28000,28000,extra shot
DTL02499,ORD01530,ITEM044,1,39000,39000,
DTL02500,ORD01531,ITEM006,1,50000,50000,
DTL02501,ORD01531,ITEM022,1,52000,52000,
DTL02502,ORD01531,ITEM013,2,40000,80000,
DTL02503,ORD01532,ITEM035,1,30000,30000,
DTL02504,ORD01532,ITEM046,2,29000,58000,dingin
DTL02505,ORD01532,ITEM012,2,51000,102000,
DTL02506,ORD01533,ITEM051,1,49000,49000,
DTL02507,ORD01534,ITEM055,1,52000,52000,
DTL02508,ORD01535,ITEM035,1,30000,30000,
DTL02509,ORD01536,ITEM068,1,39000,39000,
DTL02510,ORD01536,ITEM022,1,52000,52000,
DTL02511,ORD01537,ITEM035,1,30000,30000,
DTL02512,ORD01538,ITEM044,1,39000,39000,
DTL02513,ORD01538,ITEM010,1,35000,35000,
DTL02514,ORD01538,ITEM045,1,36000,36000,
DTL02515,ORD01539,ITEM076,2,28000,56000,less ice
DTL02516,ORD01540,ITEM009,2,24000,48000,
DTL02517,ORD01541,ITEM033,1,39000,39000,
DTL02518,ORD01541,ITEM077,1,23000,23000,
DTL02519,ORD01542,ITEM050,1,27000,27000,
DTL02520,ORD01543,ITEM061,1,59000,59000,tanpa gula
DTL02521,ORD01544,ITEM066,1,45000,45000,
DTL02522,ORD01545,ITEM004,2,29000,58000,
DTL02523,ORD01545,ITEM036,1,25000,25000,
DTL02524,ORD01546,ITEM028,1,27000,27000,
DTL02525,ORD01546,ITEM022,1,52000,52000,
DTL02526,ORD01547,ITEM044,1,39000,39000,tanpa gula
DTL02527,ORD01548,ITEM015,2,50000,100000,less sugar
DTL02528,ORD01549,ITEM002,1,40000,40000,
DTL02529,ORD01549,ITEM013,2,40000,80000,
DTL02530,ORD01549,ITEM041,1,26000,26000,less ice
DTL02531,ORD01549,ITEM029,1,37000,37000,less sugar
DTL02532,ORD01550,ITEM005,1,28000,28000,
DTL02533,ORD01550,ITEM044,1,39000,39000,
DTL02534,ORD01551,ITEM064,1,38000,38000,
DTL02535,ORD01552,ITEM025,2,41000,82000,
DTL02536,ORD01553,ITEM025,3,41000,123000,
DTL02537,ORD01554,ITEM045,1,36000,36000,
DTL02538,ORD01554,ITEM062,1,44000,44000,
DTL02539,ORD01555,ITEM040,1,24000,24000,
DTL02540,ORD01555,ITEM055,1,52000,52000,
DTL02541,ORD01556,ITEM002,1,40000,40000,tanpa susu
DTL02542,ORD01557,ITEM036,1,25000,25000,
DTL02543,ORD01557,ITEM005,1,28000,28000,
DTL02544,ORD01557,ITEM042,2,33000,66000,
DTL02545,ORD01558,ITEM055,2,52000,104000,
DTL02546,ORD01559,ITEM059,1,73000,73000,
DTL02547,ORD01560,ITEM025,1,41000,41000,
DTL02548,ORD01561,ITEM078,1,18000,18000,
DTL02549,ORD01561,ITEM035,1,30000,30000,
DTL02550,ORD01562,ITEM019,3,47000,141000,
DTL02551,ORD01563,ITEM009,2,24000,48000,
DTL02552,ORD01564,ITEM029,1,37000,37000,
DTL02553,ORD01564,ITEM058,1,52000,52000,
DTL02554,ORD01565,ITEM059,1,73000,73000,extra shot
DTL02555,ORD01565,ITEM038,1,39000,39000,extra hot
DTL02556,ORD01566,ITEM078,1,18000,18000,
DTL02557,ORD01566,ITEM041,1,26000,26000,
DTL02558,ORD01567,ITEM032,1,27000,27000,
DTL02559,ORD01568,ITEM019,1,47000,47000,
DTL02560,ORD01569,ITEM038,1,39000,39000,
DTL02561,ORD01569,ITEM049,1,28000,28000,
DTL02562,ORD01570,ITEM031,2,21000,42000,
DTL02563,ORD01570,ITEM032,1,27000,27000,extra hot
DTL02564,ORD01571,ITEM063,1,67000,67000,
DTL02565,ORD01571,ITEM042,1,33000,33000,
DTL02566,ORD01572,ITEM071,1,26000,26000,
DTL02567,ORD01572,ITEM019,1,47000,47000,
DTL02568,ORD01573,ITEM055,1,52000,52000,
DTL02569,ORD01573,ITEM011,1,49000,49000,
DTL02570,ORD01573,ITEM058,1,52000,52000,
DTL02571,ORD01574,ITEM030,2,27000,54000,
DTL02572,ORD01574,ITEM038,1,39000,39000,extra shot
DTL02573,ORD01575,ITEM061,1,59000,59000,
DTL02574,ORD01575,ITEM058,1,52000,52000,
DTL02575,ORD01576,ITEM029,1,37000,37000,
DTL02576,ORD01577,ITEM055,1,52000,52000,
DTL02577,ORD01578,ITEM001,1,29000,29000,
DTL02578,ORD01579,ITEM061,2,59000,118000,
DTL02579,ORD01580,ITEM049,1,28000,28000,
DTL02580,ORD01581,ITEM031,1,21000,21000,
DTL02581,ORD01582,ITEM042,2,33000,66000,
DTL02582,ORD01583,ITEM061,2,59000,118000,
DTL02583,ORD01584,ITEM062,1,44000,44000,no ice
DTL02584,ORD01584,ITEM009,1,24000,24000,
DTL02585,ORD01585,ITEM043,1,27000,27000,
DTL02586,ORD01585,ITEM034,1,30000,30000,
DTL02587,ORD01585,ITEM064,1,38000,38000,
DTL02588,ORD01586,ITEM044,1,39000,39000,
DTL02589,ORD01587,ITEM028,1,27000,27000,
DTL02590,ORD01587,ITEM031,1,21000,21000,
DTL02591,ORD01588,ITEM041,1,26000,26000,
DTL02592,ORD01588,ITEM028,1,27000,27000,
DTL02593,ORD01589,ITEM072,2,18000,36000,
DTL02594,ORD01590,ITEM058,1,52000,52000,
DTL02595,ORD01591,ITEM057,1,72000,72000,
DTL02596,ORD01592,ITEM008,1,36000,36000,extra shot
DTL02597,ORD01592,ITEM024,1,27000,27000,
DTL02598,ORD01593,ITEM036,1,25000,25000,
DTL02599,ORD01594,ITEM075,1,29000,29000,
DTL02600,ORD01594,ITEM037,1,27000,27000,
DTL02601,ORD01594,ITEM033,2,39000,78000,
DTL02602,ORD01595,ITEM042,1,33000,33000,
DTL02603,ORD01595,ITEM011,1,49000,49000,
DTL02604,ORD01595,ITEM003,1,37000,37000,
DTL02605,ORD01596,ITEM074,3,27000,81000,
DTL02606,ORD01596,ITEM071,2,26000,52000,
DTL02607,ORD01597,ITEM062,1,44000,44000,
DTL02608,ORD01598,ITEM009,1,24000,24000,
DTL02609,ORD01598,ITEM059,3,73000,219000,less sugar
DTL02610,ORD01599,ITEM078,1,18000,18000,
DTL02611,ORD01599,ITEM025,1,41000,41000,
DTL02612,ORD01600,ITEM046,1,29000,29000,
DTL02613,ORD01600,ITEM040,1,24000,24000,
DTL02614,ORD01601,ITEM045,1,36000,36000,
DTL02615,ORD01601,ITEM003,1,37000,37000,
DTL02616,ORD01601,ITEM016,1,40000,40000,
DTL02617,ORD01602,ITEM041,1,26000,26000,ekstra creamer
DTL02618,ORD01603,ITEM078,1,18000,18000,
DTL02619,ORD01604,ITEM077,1,23000,23000,tanpa susu
DTL02620,ORD01604,ITEM007,2,24000,48000,
DTL02621,ORD01604,ITEM015,2,50000,100000,
DTL02622,ORD01605,ITEM024,1,27000,27000,panas
DTL02623,ORD01605,ITEM060,1,73000,73000,
DTL02624,ORD01605,ITEM045,1,36000,36000,
DTL02625,ORD01606,ITEM044,2,39000,78000,
DTL02626,ORD01607,ITEM029,1,37000,37000,
DTL02627,ORD01607,ITEM068,1,39000,39000,gula sedikit
DTL02628,ORD01607,ITEM042,1,33000,33000,
DTL02629,ORD01608,ITEM019,2,47000,94000,
DTL02630,ORD01609,ITEM033,1,39000,39000,
DTL02631,ORD01610,ITEM044,2,39000,78000,extra shot
DTL02632,ORD01611,ITEM024,3,27000,81000,
DTL02633,ORD01612,ITEM056,1,51000,51000,
DTL02634,ORD01613,ITEM053,1,68000,68000,
DTL02635,ORD01614,ITEM037,2,27000,54000,
DTL02636,ORD01615,ITEM037,2,27000,54000,
DTL02637,ORD01615,ITEM076,1,28000,28000,
DTL02638,ORD01615,ITEM055,1,52000,52000,
DTL02639,ORD01615,ITEM042,1,33000,33000,
DTL02640,ORD01616,ITEM028,3,27000,81000,
DTL02641,ORD01616,ITEM019,1,47000,47000,
DTL02642,ORD01616,ITEM007,3,24000,72000,
DTL02643,ORD01617,ITEM052,1,56000,56000,tanpa susu
DTL02644,ORD01618,ITEM059,1,73000,73000,
DTL02645,ORD01618,ITEM075,1,29000,29000,extra hot
DTL02646,ORD01618,ITEM068,1,39000,39000,
DTL02647,ORD01619,ITEM031,1,21000,21000,
DTL02648,ORD01620,ITEM068,2,39000,78000,
DTL02649,ORD01621,ITEM045,1,36000,36000,
DTL02650,ORD01622,ITEM080,1,34000,34000,
DTL02651,ORD01622,ITEM063,1,67000,67000,
DTL02652,ORD01623,ITEM035,1,30000,30000,
DTL02653,ORD01624,ITEM080,2,34000,68000,less sugar
DTL02654,ORD01625,ITEM001,1,29000,29000,
DTL02655,ORD01625,ITEM066,2,45000,90000,
DTL02656,ORD01626,ITEM001,1,29000,29000,less ice
DTL02657,ORD01626,ITEM046,1,29000,29000,
DTL02658,ORD01627,ITEM007,1,24000,24000,
DTL02659,ORD01628,ITEM028,1,27000,27000,
DTL02660,ORD01628,ITEM006,1,50000,50000,
DTL02661,ORD01629,ITEM029,2,37000,74000,dingin
DTL02662,ORD01630,ITEM078,1,18000,18000,
DTL02663,ORD01631,ITEM010,1,35000,35000,
DTL02664,ORD01632,ITEM052,1,56000,56000,
DTL02665,ORD01632,ITEM011,1,49000,49000,
DTL02666,ORD01632,ITEM041,1,26000,26000,
DTL02667,ORD01633,ITEM066,1,45000,45000,
DTL02668,ORD01634,ITEM001,1,29000,29000,
DTL02669,ORD01634,ITEM007,2,24000,48000,
DTL02670,ORD01635,ITEM080,1,34000,34000,
DTL02671,ORD01635,ITEM024,1,27000,27000,
DTL02672,ORD01636,ITEM042,1,33000,33000,
DTL02673,ORD01637,ITEM051,3,49000,147000,
DTL02674,ORD01637,ITEM012,1,51000,51000,
DTL02675,ORD01638,ITEM068,2,39000,78000,
DTL02676,ORD01638,ITEM045,1,36000,36000,
DTL02677,ORD01638,ITEM040,1,24000,24000,
DTL02678,ORD01639,ITEM012,2,51000,102000,
DTL02679,ORD01639,ITEM080,1,34000,34000,panas
DTL02680,ORD01640,ITEM078,1,18000,18000,
DTL02681,ORD01641,ITEM059,1,73000,73000,
DTL02682,ORD01641,ITEM005,1,28000,28000,extra shot
DTL02683,ORD01642,ITEM042,1,33000,33000,
DTL02684,ORD01643,ITEM044,1,39000,39000,
DTL02685,ORD01643,ITEM057,1,72000,72000,
DTL02686,ORD01644,ITEM049,1,28000,28000,
DTL02687,ORD01645,ITEM018,1,29000,29000,
DTL02688,ORD01646,ITEM006,1,50000,50000,
DTL02689,ORD01647,ITEM002,1,40000,40000,
DTL02690,ORD01648,ITEM022,1,52000,52000,
DTL02691,ORD01648,ITEM054,1,65000,65000,
DTL02692,ORD01649,ITEM029,1,37000,37000,
DTL02693,ORD01649,ITEM058,1,52000,52000,
DTL02694,ORD01650,ITEM019,1,47000,47000,
DTL02695,ORD01650,ITEM006,3,50000,150000,
DTL02696,ORD01651,ITEM057,1,72000,72000,
DTL02697,ORD01652,ITEM055,1,52000,52000,
DTL02698,ORD01652,ITEM024,1,27000,27000,
DTL02699,ORD01652,ITEM017,1,36000,36000,extra hot
DTL02700,ORD01653,ITEM024,1,27000,27000,extra hot
DTL02701,ORD01654,ITEM031,1,21000,21000,
DTL02702,ORD01655,ITEM077,1,23000,23000,
DTL02703,ORD01656,ITEM040,1,24000,24000,
DTL02704,ORD01657,ITEM067,1,63000,63000,no ice
DTL02705,ORD01658,ITEM062,1,44000,44000,
DTL02706,ORD01658,ITEM050,1,27000,27000,ekstra creamer
DTL02707,ORD01659,ITEM029,3,37000,111000,ekstra creamer
DTL02708,ORD01660,ITEM029,1,37000,37000,
DTL02709,ORD01661,ITEM071,1,26000,26000,
DTL02710,ORD01661,ITEM033,1,39000,39000,dingin
DTL02711,ORD01662,ITEM067,1,63000,63000,
DTL02712,ORD01662,ITEM056,1,51000,51000,
DTL02713,ORD01663,ITEM019,1,47000,47000,
DTL02714,ORD01664,ITEM028,1,27000,27000,
DTL02715,ORD01664,ITEM076,3,28000,84000,
DTL02716,ORD01665,ITEM049,2,28000,56000,
DTL02717,ORD01666,ITEM009,1,24000,24000,
DTL02718,ORD01666,ITEM031,1,21000,21000,
DTL02719,ORD01667,ITEM024,1,27000,27000,
DTL02720,ORD01667,ITEM018,2,29000,58000,
DTL02721,ORD01667,ITEM073,1,22000,22000,
DTL02722,ORD01667,ITEM066,1,45000,45000,
DTL02723,ORD01668,ITEM056,1,51000,51000,
DTL02724,ORD01669,ITEM045,1,36000,36000,
DTL02725,ORD01669,ITEM007,1,24000,24000,
DTL02726,ORD01670,ITEM001,2,29000,58000,
DTL02727,ORD01671,ITEM059,1,73000,73000,
DTL02728,ORD01671,ITEM040,1,24000,24000,
DTL02729,ORD01671,ITEM060,1,73000,73000,
DTL02730,ORD01671,ITEM010,2,35000,70000,ekstra creamer
DTL02731,ORD01672,ITEM074,1,27000,27000,
DTL02732,ORD01672,ITEM062,1,44000,44000,
DTL02733,ORD01672,ITEM005,2,28000,56000,
DTL02734,ORD01673,ITEM038,2,39000,78000,
DTL02735,ORD01674,ITEM051,1,49000,49000,
DTL02736,ORD01675,ITEM077,2,23000,46000,
DTL02737,ORD01675,ITEM045,2,36000,72000,extra shot
DTL02738,ORD01676,ITEM018,1,29000,29000,
DTL02739,ORD01677,ITEM057,1,72000,72000,panas
DTL02740,ORD01678,ITEM041,1,26000,26000,
DTL02741,ORD01679,ITEM080,1,34000,34000,
DTL02742,ORD01680,ITEM061,1,59000,59000,
DTL02743,ORD01680,ITEM011,1,49000,49000,
DTL02744,ORD01680,ITEM057,1,72000,72000,
DTL02745,ORD01681,ITEM053,2,68000,136000,
DTL02746,ORD01682,ITEM076,1,28000,28000,
DTL02747,ORD01683,ITEM049,1,28000,28000,
DTL02748,ORD01684,ITEM031,1,21000,21000,
DTL02749,ORD01685,ITEM066,3,45000,135000,
DTL02750,ORD01685,ITEM003,1,37000,37000,
DTL02751,ORD01686,ITEM080,1,34000,34000,dingin
DTL02752,ORD01686,ITEM078,1,18000,18000,
DTL02753,ORD01687,ITEM072,1,18000,18000,
DTL02754,ORD01687,ITEM019,1,47000,47000,
DTL02755,ORD01687,ITEM041,1,26000,26000,
DTL02756,ORD01688,ITEM072,3,18000,54000,less sugar
DTL02757,ORD01688,ITEM045,1,36000,36000,
DTL02758,ORD01689,ITEM063,1,67000,67000,
DTL02759,ORD01690,ITEM077,1,23000,23000,
DTL02760,ORD01691,ITEM035,1,30000,30000,
DTL02761,ORD01692,ITEM009,2,24000,48000,
DTL02762,ORD01692,ITEM075,3,29000,87000,
DTL02763,ORD01693,ITEM076,1,28000,28000,
DTL02764,ORD01693,ITEM058,1,52000,52000,
DTL02765,ORD01694,ITEM056,1,51000,51000,
DTL02766,ORD01694,ITEM042,1,33000,33000,panas
DTL02767,ORD01695,ITEM012,1,51000,51000,
DTL02768,ORD01695,ITEM055,2,52000,104000,
DTL02769,ORD01696,ITEM046,1,29000,29000,
DTL02770,ORD01696,ITEM061,1,59000,59000,
DTL02771,ORD01697,ITEM074,2,27000,54000,
DTL02772,ORD01698,ITEM041,2,26000,52000,
DTL02773,ORD01699,ITEM010,1,35000,35000,
DTL02774,ORD01699,ITEM064,1,38000,38000,
DTL02775,ORD01700,ITEM053,1,68000,68000,
DTL02776,ORD01701,ITEM032,1,27000,27000,
DTL02777,ORD01702,ITEM024,1,27000,27000,
DTL02778,ORD01703,ITEM080,1,34000,34000,
DTL02779,ORD01703,ITEM013,1,40000,40000,
DTL02780,ORD01704,ITEM059,1,73000,73000,
DTL02781,ORD01705,ITEM022,1,52000,52000,panas
DTL02782,ORD01705,ITEM057,1,72000,72000,
DTL02783,ORD01706,ITEM072,1,18000,18000,
DTL02784,ORD01707,ITEM072,1,18000,18000,
DTL02785,ORD01708,ITEM047,1,20000,20000,tanpa gula
DTL02786,ORD01709,ITEM042,1,33000,33000,
DTL02787,ORD01710,ITEM015,2,50000,100000,tanpa gula
DTL02788,ORD01710,ITEM024,2,27000,54000,
DTL02789,ORD01711,ITEM064,1,38000,38000,
DTL02790,ORD01711,ITEM066,2,45000,90000,
DTL02791,ORD01712,ITEM044,2,39000,78000,extra hot
DTL02792,ORD01712,ITEM004,1,29000,29000,
DTL02793,ORD01713,ITEM074,2,27000,54000,
DTL02794,ORD01713,ITEM032,2,27000,54000,
DTL02795,ORD01714,ITEM032,1,27000,27000,
DTL02796,ORD01715,ITEM045,1,36000,36000,ekstra creamer
DTL02797,ORD01716,ITEM057,1,72000,72000,
DTL02798,ORD01717,ITEM017,1,36000,36000,
DTL02799,ORD01718,ITEM009,1,24000,24000,
DTL02800,ORD01719,ITEM043,1,27000,27000,
DTL02801,ORD01719,ITEM013,2,40000,80000,
DTL02802,ORD01720,ITEM043,1,27000,27000,
DTL02803,ORD01720,ITEM004,2,29000,58000,tambah whip cream
DTL02804,ORD01721,ITEM052,1,56000,56000,
DTL02805,ORD01721,ITEM004,1,29000,29000,
DTL02806,ORD01721,ITEM057,1,72000,72000,
DTL02807,ORD01722,ITEM042,1,33000,33000,
DTL02808,ORD01722,ITEM028,1,27000,27000,
DTL02809,ORD01722,ITEM005,3,28000,84000,
DTL02810,ORD01723,ITEM072,1,18000,18000,tanpa susu
DTL02811,ORD01723,ITEM053,1,68000,68000,
DTL02812,ORD01723,ITEM003,1,37000,37000,
DTL02813,ORD01724,ITEM045,2,36000,72000,extra hot
DTL02814,ORD01725,ITEM018,1,29000,29000,
DTL02815,ORD01726,ITEM072,1,18000,18000,no ice
DTL02816,ORD01726,ITEM064,1,38000,38000,
DTL02817,ORD01727,ITEM032,1,27000,27000,dingin
DTL02818,ORD01727,ITEM041,2,26000,52000,
DTL02819,ORD01728,ITEM035,1,30000,30000,
DTL02820,ORD01728,ITEM009,1,24000,24000,
DTL02821,ORD01729,ITEM040,1,24000,24000,
DTL02822,ORD01730,ITEM049,1,28000,28000,
DTL02823,ORD01731,ITEM013,1,40000,40000,
DTL02824,ORD01732,ITEM071,1,26000,26000,
DTL02825,ORD01733,ITEM059,1,73000,73000,
DTL02826,ORD01733,ITEM077,1,23000,23000,
DTL02827,ORD01734,ITEM010,1,35000,35000,
DTL02828,ORD01735,ITEM050,3,27000,81000,
DTL02829,ORD01736,ITEM013,1,40000,40000,
DTL02830,ORD01736,ITEM044,1,39000,39000,
DTL02831,ORD01737,ITEM059,2,73000,146000,
DTL02832,ORD01737,ITEM062,1,44000,44000,dingin
DTL02833,ORD01737,ITEM037,1,27000,27000,panas
DTL02834,ORD01737,ITEM032,2,27000,54000,
DTL02835,ORD01738,ITEM006,1,50000,50000,
DTL02836,ORD01738,ITEM010,1,35000,35000,
DTL02837,ORD01738,ITEM016,1,40000,40000,
DTL02838,ORD01739,ITEM038,2,39000,78000,
DTL02839,ORD01739,ITEM050,1,27000,27000,
DTL02840,ORD01740,ITEM001,1,29000,29000,
DTL02841,ORD01741,ITEM067,1,63000,63000,
DTL02842,ORD01742,ITEM012,1,51000,51000,
DTL02843,ORD01743,ITEM057,1,72000,72000,
DTL02844,ORD01743,ITEM025,1,41000,41000,
DTL02845,ORD01744,ITEM055,1,52000,52000,dingin
DTL02846,ORD01745,ITEM051,1,49000,49000,
DTL02847,ORD01746,ITEM069,1,60000,60000,
DTL02848,ORD01747,ITEM050,1,27000,27000,
DTL02849,ORD01748,ITEM036,1,25000,25000,
DTL02850,ORD01749,ITEM075,1,29000,29000,
DTL02851,ORD01750,ITEM027,1,35000,35000,
DTL02852,ORD01751,ITEM019,1,47000,47000,
DTL02853,ORD01751,ITEM057,1,72000,72000,dingin
DTL02854,ORD01752,ITEM042,2,33000,66000,
DTL02855,ORD01753,ITEM067,1,63000,63000,
DTL02856,ORD01753,ITEM019,2,47000,94000,
DTL02857,ORD01754,ITEM016,1,40000,40000,
DTL02858,ORD01754,ITEM029,1,37000,37000,
DTL02859,ORD01754,ITEM060,3,73000,219000,
DTL02860,ORD01754,ITEM057,1,72000,72000,
DTL02861,ORD01755,ITEM004,1,29000,29000,
DTL02862,ORD01756,ITEM041,1,26000,26000,extra hot
DTL02863,ORD01757,ITEM080,1,34000,34000,
DTL02864,ORD01757,ITEM040,1,24000,24000,
DTL02865,ORD01758,ITEM043,1,27000,27000,
DTL02866,ORD01759,ITEM061,2,59000,118000,extra hot
DTL02867,ORD01760,ITEM017,3,36000,108000,
DTL02868,ORD01761,ITEM031,1,21000,21000,
DTL02869,ORD01762,ITEM056,1,51000,51000,
DTL02870,ORD01762,ITEM008,2,36000,72000,less ice
DTL02871,ORD01762,ITEM011,1,49000,49000,ekstra creamer
DTL02872,ORD01763,ITEM076,1,28000,28000,
DTL02873,ORD01764,ITEM072,2,18000,36000,
DTL02874,ORD01765,ITEM010,1,35000,35000,
DTL02875,ORD01766,ITEM043,1,27000,27000,
DTL02876,ORD01767,ITEM007,1,24000,24000,
DTL02877,ORD01768,ITEM028,1,27000,27000,
DTL02878,ORD01768,ITEM073,1,22000,22000,
DTL02879,ORD01768,ITEM046,1,29000,29000,
DTL02880,ORD01768,ITEM010,1,35000,35000,
DTL02881,ORD01769,ITEM034,1,30000,30000,
DTL02882,ORD01769,ITEM008,3,36000,108000,
DTL02883,ORD01770,ITEM044,2,39000,78000,
DTL02884,ORD01770,ITEM022,1,52000,52000,
DTL02885,ORD01771,ITEM002,1,40000,40000,
DTL02886,ORD01772,ITEM061,2,59000,118000,
DTL02887,ORD01773,ITEM008,1,36000,36000,no ice
DTL02888,ORD01774,ITEM017,2,36000,72000,
DTL02889,ORD01774,ITEM052,1,56000,56000,
DTL02890,ORD01775,ITEM024,1,27000,27000,
DTL02891,ORD01776,ITEM016,1,40000,40000,no ice
DTL02892,ORD01777,ITEM064,2,38000,76000,
DTL02893,ORD01778,ITEM054,1,65000,65000,
DTL02894,ORD01778,ITEM072,1,18000,18000,
DTL02895,ORD01779,ITEM050,1,27000,27000,
DTL02896,ORD01779,ITEM037,2,27000,54000,
DTL02897,ORD01780,ITEM018,1,29000,29000,
DTL02898,ORD01781,ITEM004,1,29000,29000,
DTL02899,ORD01782,ITEM036,2,25000,50000,
DTL02900,ORD01783,ITEM003,1,37000,37000,
DTL02901,ORD01783,ITEM080,2,34000,68000,
DTL02902,ORD01784,ITEM080,1,34000,34000,
DTL02903,ORD01784,ITEM062,1,44000,44000,
DTL02904,ORD01785,ITEM022,1,52000,52000,
DTL02905,ORD01786,ITEM003,1,37000,37000,
DTL02906,ORD01787,ITEM029,1,37000,37000,
DTL02907,ORD01787,ITEM049,1,28000,28000,
DTL02908,ORD01787,ITEM002,1,40000,40000,
DTL02909,ORD01788,ITEM050,1,27000,27000,extra hot
DTL02910,ORD01789,ITEM073,1,22000,22000,
DTL02911,ORD01790,ITEM051,1,49000,49000,no ice
DTL02912,ORD01790,ITEM044,1,39000,39000,
DTL02913,ORD01791,ITEM012,1,51000,51000,
DTL02914,ORD01792,ITEM028,2,27000,54000,
DTL02915,ORD01793,ITEM018,2,29000,58000,
DTL02916,ORD01794,ITEM024,1,27000,27000,
DTL02917,ORD01795,ITEM072,1,18000,18000,
DTL02918,ORD01796,ITEM029,2,37000,74000,
DTL02919,ORD01797,ITEM066,1,45000,45000,
DTL02920,ORD01798,ITEM011,1,49000,49000,
DTL02921,ORD01798,ITEM057,2,72000,144000,
DTL02922,ORD01799,ITEM017,1,36000,36000,tanpa gula
DTL02923,ORD01800,ITEM061,1,59000,59000,
DTL02924,ORD01801,ITEM049,1,28000,28000,
DTL02925,ORD01801,ITEM071,1,26000,26000,
DTL02926,ORD01802,ITEM064,1,38000,38000,
DTL02927,ORD01802,ITEM004,1,29000,29000,
DTL02928,ORD01803,ITEM019,1,47000,47000,
DTL02929,ORD01804,ITEM024,1,27000,27000,
DTL02930,ORD01805,ITEM078,2,18000,36000,
DTL02931,ORD01805,ITEM024,1,27000,27000,
DTL02932,ORD01806,ITEM071,1,26000,26000,
DTL02933,ORD01807,ITEM010,2,35000,70000,
DTL02934,ORD01808,ITEM053,1,68000,68000,
DTL02935,ORD01808,ITEM025,1,41000,41000,
DTL02936,ORD01809,ITEM037,1,27000,27000,
DTL02937,ORD01810,ITEM044,1,39000,39000,
DTL02938,ORD01811,ITEM047,3,20000,60000,
DTL02939,ORD01811,ITEM001,3,29000,87000,
DTL02940,ORD01812,ITEM066,1,45000,45000,
DTL02941,ORD01812,ITEM061,2,59000,118000,
DTL02942,ORD01813,ITEM016,1,40000,40000,gula sedikit
DTL02943,ORD01814,ITEM001,1,29000,29000,
DTL02944,ORD01814,ITEM043,2,27000,54000,
DTL02945,ORD01814,ITEM052,2,56000,112000,
DTL02946,ORD01814,ITEM073,1,22000,22000,
DTL02947,ORD01815,ITEM022,1,52000,52000,
DTL02948,ORD01815,ITEM037,2,27000,54000,
DTL02949,ORD01816,ITEM031,1,21000,21000,
DTL02950,ORD01817,ITEM007,1,24000,24000,extra shot
DTL02951,ORD01817,ITEM076,1,28000,28000,
DTL02952,ORD01818,ITEM075,1,29000,29000,tambah whip cream
DTL02953,ORD01819,ITEM038,2,39000,78000,tanpa susu
DTL02954,ORD01819,ITEM043,1,27000,27000,
DTL02955,ORD01820,ITEM055,1,52000,52000,
DTL02956,ORD01821,ITEM044,1,39000,39000,
DTL02957,ORD01821,ITEM058,1,52000,52000,
DTL02958,ORD01821,ITEM016,1,40000,40000,
DTL02959,ORD01822,ITEM041,1,26000,26000,
DTL02960,ORD01823,ITEM015,1,50000,50000,
DTL02961,ORD01823,ITEM042,1,33000,33000,
DTL02962,ORD01824,ITEM066,1,45000,45000,
DTL02963,ORD01825,ITEM015,2,50000,100000,
DTL02964,ORD01825,ITEM059,1,73000,73000,
DTL02965,ORD01826,ITEM016,1,40000,40000,
DTL02966,ORD01826,ITEM011,1,49000,49000,
DTL02967,ORD01826,ITEM069,1,60000,60000,
DTL02968,ORD01826,ITEM057,1,72000,72000,
DTL02969,ORD01827,ITEM009,1,24000,24000,
DTL02970,ORD01827,ITEM052,1,56000,56000,
DTL02971,ORD01828,ITEM071,1,26000,26000,
DTL02972,ORD01829,ITEM031,1,21000,21000,
DTL02973,ORD01830,ITEM034,1,30000,30000,
DTL02974,ORD01831,ITEM036,1,25000,25000,
DTL02975,ORD01832,ITEM034,3,30000,90000,
DTL02976,ORD01832,ITEM027,1,35000,35000,no ice
DTL02977,ORD01833,ITEM031,1,21000,21000,extra shot
DTL02978,ORD01833,ITEM001,1,29000,29000,
DTL02979,ORD01833,ITEM008,1,36000,36000,
DTL02980,ORD01834,ITEM071,3,26000,78000,
DTL02981,ORD01834,ITEM066,1,45000,45000,ekstra creamer
DTL02982,ORD01835,ITEM059,1,73000,73000,
DTL02983,ORD01836,ITEM003,1,37000,37000,dingin
DTL02984,ORD01836,ITEM054,2,65000,130000,extra hot
DTL02985,ORD01837,ITEM040,1,24000,24000,
DTL02986,ORD01838,ITEM016,1,40000,40000,
DTL02987,ORD01839,ITEM024,1,27000,27000,
DTL02988,ORD01840,ITEM051,2,49000,98000,panas
DTL02989,ORD01840,ITEM067,1,63000,63000,
DTL02990,ORD01841,ITEM059,1,73000,73000,
DTL02991,ORD01842,ITEM036,2,25000,50000,
DTL02992,ORD01842,ITEM024,3,27000,81000,
DTL02993,ORD01842,ITEM003,1,37000,37000,
DTL02994,ORD01843,ITEM027,3,35000,105000,
DTL02995,ORD01844,ITEM058,1,52000,52000,
DTL02996,ORD01845,ITEM022,1,52000,52000,
DTL02997,ORD01846,ITEM031,2,21000,42000,
DTL02998,ORD01847,ITEM064,1,38000,38000,
DTL02999,ORD01848,ITEM009,2,24000,48000,
DTL03000,ORD01848,ITEM050,1,27000,27000,
DTL03001,ORD01848,ITEM080,1,34000,34000,
DTL03002,ORD01849,ITEM078,2,18000,36000,
DTL03003,ORD01850,ITEM067,2,63000,126000,less ice
DTL03004,ORD01851,ITEM033,1,39000,39000,
DTL03005,ORD01851,ITEM037,1,27000,27000,
DTL03006,ORD01852,ITEM062,1,44000,44000,
DTL03007,ORD01853,ITEM013,1,40000,40000,
DTL03008,ORD01853,ITEM075,2,29000,58000,
DTL03009,ORD01854,ITEM058,2,52000,104000,
DTL03010,ORD01855,ITEM075,2,29000,58000,
DTL03011,ORD01856,ITEM078,1,18000,18000,
DTL03012,ORD01856,ITEM001,1,29000,29000,
DTL03013,ORD01857,ITEM073,1,22000,22000,
DTL03014,ORD01858,ITEM044,1,39000,39000,extra hot
DTL03015,ORD01858,ITEM017,1,36000,36000,
DTL03016,ORD01858,ITEM064,1,38000,38000,
DTL03017,ORD01859,ITEM016,2,40000,80000,
DTL03018,ORD01860,ITEM040,1,24000,24000,
DTL03019,ORD01860,ITEM041,1,26000,26000,
DTL03020,ORD01861,ITEM003,1,37000,37000,tanpa gula
DTL03021,ORD01861,ITEM017,1,36000,36000,
DTL03022,ORD01862,ITEM052,1,56000,56000,
DTL03023,ORD01863,ITEM006,1,50000,50000,gula sedikit
DTL03024,ORD01864,ITEM040,1,24000,24000,
DTL03025,ORD01865,ITEM012,2,51000,102000,
DTL03026,ORD01866,ITEM056,1,51000,51000,
DTL03027,ORD01867,ITEM056,1,51000,51000,tambah whip cream
DTL03028,ORD01868,ITEM035,1,30000,30000,gula sedikit
DTL03029,ORD01868,ITEM053,1,68000,68000,
DTL03030,ORD01869,ITEM067,1,63000,63000,
DTL03031,ORD01870,ITEM033,1,39000,39000,ekstra creamer
DTL03032,ORD01870,ITEM038,1,39000,39000,
DTL03033,ORD01871,ITEM005,1,28000,28000,
DTL03034,ORD01872,ITEM031,1,21000,21000,
DTL03035,ORD01873,ITEM052,1,56000,56000,no ice
DTL03036,ORD01873,ITEM001,1,29000,29000,
DTL03037,ORD01874,ITEM051,1,49000,49000,
DTL03038,ORD01875,ITEM035,1,30000,30000,
DTL03039,ORD01875,ITEM034,2,30000,60000,
DTL03040,ORD01876,ITEM027,2,35000,70000,
DTL03041,ORD01876,ITEM059,1,73000,73000,
DTL03042,ORD01876,ITEM053,1,68000,68000,gula sedikit
DTL03043,ORD01876,ITEM029,1,37000,37000,
DTL03044,ORD01877,ITEM051,3,49000,147000,
DTL03045,ORD01878,ITEM045,1,36000,36000,
DTL03046,ORD01879,ITEM015,1,50000,50000,
DTL03047,ORD01880,ITEM055,1,52000,52000,
DTL03048,ORD01880,ITEM062,1,44000,44000,
DTL03049,ORD01881,ITEM064,1,38000,38000,
DTL03050,ORD01882,ITEM036,2,25000,50000,
DTL03051,ORD01882,ITEM051,1,49000,49000,
DTL03052,ORD01883,ITEM013,2,40000,80000,panas
DTL03053,ORD01884,ITEM024,1,27000,27000,
DTL03054,ORD01885,ITEM036,1,25000,25000,
DTL03055,ORD01885,ITEM015,1,50000,50000,
DTL03056,ORD01886,ITEM043,1,27000,27000,
DTL03057,ORD01886,ITEM040,2,24000,48000,
DTL03058,ORD01887,ITEM025,1,41000,41000,
DTL03059,ORD01887,ITEM071,1,26000,26000,
DTL03060,ORD01888,ITEM051,1,49000,49000,
DTL03061,ORD01888,ITEM009,1,24000,24000,
DTL03062,ORD01888,ITEM066,1,45000,45000,
DTL03063,ORD01889,ITEM058,1,52000,52000,
DTL03064,ORD01890,ITEM075,1,29000,29000,
DTL03065,ORD01891,ITEM031,1,21000,21000,
DTL03066,ORD01892,ITEM076,1,28000,28000,
DTL03067,ORD01892,ITEM037,1,27000,27000,
DTL03068,ORD01893,ITEM058,1,52000,52000,
DTL03069,ORD01894,ITEM067,1,63000,63000,
DTL03070,ORD01894,ITEM052,1,56000,56000,
DTL03071,ORD01895,ITEM028,1,27000,27000,tanpa gula
DTL03072,ORD01896,ITEM013,1,40000,40000,
DTL03073,ORD01897,ITEM010,1,35000,35000,
DTL03074,ORD01897,ITEM057,1,72000,72000,
DTL03075,ORD01898,ITEM056,1,51000,51000,
DTL03076,ORD01898,ITEM002,1,40000,40000,
DTL03077,ORD01898,ITEM068,1,39000,39000,
DTL03078,ORD01898,ITEM075,1,29000,29000,
DTL03079,ORD01899,ITEM004,2,29000,58000,
DTL03080,ORD01899,ITEM078,1,18000,18000,
DTL03081,ORD01900,ITEM045,1,36000,36000,
DTL03082,ORD01900,ITEM054,1,65000,65000,
DTL03083,ORD01901,ITEM036,1,25000,25000,
DTL03084,ORD01902,ITEM015,1,50000,50000,
DTL03085,ORD01903,ITEM080,2,34000,68000,
DTL03086,ORD01904,ITEM009,1,24000,24000,
DTL03087,ORD01904,ITEM045,1,36000,36000,
DTL03088,ORD01905,ITEM028,1,27000,27000,
DTL03089,ORD01905,ITEM015,1,50000,50000,
DTL03090,ORD01906,ITEM078,3,18000,54000,
DTL03091,ORD01907,ITEM042,1,33000,33000,
DTL03092,ORD01908,ITEM016,2,40000,80000,
DTL03093,ORD01908,ITEM027,1,35000,35000,
DTL03094,ORD01908,ITEM071,1,26000,26000,
DTL03095,ORD01909,ITEM042,1,33000,33000,
DTL03096,ORD01910,ITEM071,1,26000,26000,
DTL03097,ORD01910,ITEM050,1,27000,27000,
DTL03098,ORD01911,ITEM008,1,36000,36000,no ice
DTL03099,ORD01911,ITEM047,1,20000,20000,
DTL03100,ORD01912,ITEM002,1,40000,40000,
DTL03101,ORD01912,ITEM063,2,67000,134000,tanpa gula
DTL03102,ORD01912,ITEM010,1,35000,35000,
DTL03103,ORD01912,ITEM073,3,22000,66000,
DTL03104,ORD01913,ITEM046,1,29000,29000,
DTL03105,ORD01914,ITEM027,1,35000,35000,
DTL03106,ORD01915,ITEM027,1,35000,35000,
DTL03107,ORD01915,ITEM016,1,40000,40000,
DTL03108,ORD01916,ITEM006,1,50000,50000,
DTL03109,ORD01917,ITEM050,1,27000,27000,
DTL03110,ORD01918,ITEM024,2,27000,54000,
DTL03111,ORD01918,ITEM022,2,52000,104000,
DTL03112,ORD01919,ITEM038,2,39000,78000,no ice
DTL03113,ORD01919,ITEM073,2,22000,44000,ekstra creamer
DTL03114,ORD01920,ITEM053,1,68000,68000,
DTL03115,ORD01920,ITEM040,1,24000,24000,
DTL03116,ORD01921,ITEM069,1,60000,60000,
DTL03117,ORD01921,ITEM059,3,73000,219000,
DTL03118,ORD01921,ITEM076,1,28000,28000,
DTL03119,ORD01922,ITEM028,1,27000,27000,
DTL03120,ORD01922,ITEM015,2,50000,100000,
DTL03121,ORD01923,ITEM062,1,44000,44000,
DTL03122,ORD01924,ITEM027,1,35000,35000,
DTL03123,ORD01925,ITEM029,1,37000,37000,no ice
DTL03124,ORD01925,ITEM036,2,25000,50000,
DTL03125,ORD01925,ITEM063,1,67000,67000,
DTL03126,ORD01926,ITEM037,1,27000,27000,
DTL03127,ORD01926,ITEM055,1,52000,52000,
DTL03128,ORD01927,ITEM043,1,27000,27000,
DTL03129,ORD01928,ITEM019,1,47000,47000,
DTL03130,ORD01929,ITEM010,1,35000,35000,
DTL03131,ORD01929,ITEM004,1,29000,29000,
DTL03132,ORD01930,ITEM062,1,44000,44000,
DTL03133,ORD01931,ITEM080,1,34000,34000,
DTL03134,ORD01931,ITEM030,1,27000,27000,
DTL03135,ORD01932,ITEM028,1,27000,27000,
DTL03136,ORD01933,ITEM038,1,39000,39000,ekstra creamer
DTL03137,ORD01933,ITEM032,1,27000,27000,
DTL03138,ORD01933,ITEM069,1,60000,60000,
DTL03139,ORD01934,ITEM028,2,27000,54000,tambah whip cream
DTL03140,ORD01934,ITEM057,1,72000,72000,
DTL03141,ORD01935,ITEM076,1,28000,28000,less ice
DTL03142,ORD01935,ITEM055,2,52000,104000,panas
DTL03143,ORD01936,ITEM069,1,60000,60000,
DTL03144,ORD01937,ITEM019,1,47000,47000,panas
DTL03145,ORD01938,ITEM078,1,18000,18000,
DTL03146,ORD01939,ITEM011,1,49000,49000,no ice
DTL03147,ORD01939,ITEM040,1,24000,24000,
DTL03148,ORD01940,ITEM049,1,28000,28000,
DTL03149,ORD01941,ITEM029,1,37000,37000,
DTL03150,ORD01942,ITEM003,1,37000,37000,
DTL03151,ORD01943,ITEM040,1,24000,24000,
DTL03152,ORD01943,ITEM028,1,27000,27000,
DTL03153,ORD01944,ITEM036,1,25000,25000,
DTL03154,ORD01944,ITEM078,1,18000,18000,
DTL03155,ORD01944,ITEM049,1,28000,28000,
DTL03156,ORD01944,ITEM072,1,18000,18000,
DTL03157,ORD01945,ITEM031,1,21000,21000,
DTL03158,ORD01945,ITEM049,1,28000,28000,
DTL03159,ORD01946,ITEM001,1,29000,29000,
DTL03160,ORD01946,ITEM044,1,39000,39000,ekstra creamer
DTL03161,ORD01947,ITEM022,1,52000,52000,
DTL03162,ORD01948,ITEM056,1,51000,51000,
DTL03163,ORD01949,ITEM012,1,51000,51000,
DTL03164,ORD01949,ITEM071,1,26000,26000,no ice
DTL03165,ORD01950,ITEM019,1,47000,47000,less ice
DTL03166,ORD01951,ITEM043,2,27000,54000,
DTL03167,ORD01951,ITEM036,1,25000,25000,
DTL03168,ORD01952,ITEM068,1,39000,39000,
DTL03169,ORD01953,ITEM064,1,38000,38000,
DTL03170,ORD01954,ITEM005,1,28000,28000,
DTL03171,ORD01954,ITEM006,1,50000,50000,
DTL03172,ORD01955,ITEM077,3,23000,69000,
DTL03173,ORD01956,ITEM005,1,28000,28000,gula sedikit
DTL03174,ORD01957,ITEM037,2,27000,54000,
DTL03175,ORD01958,ITEM059,3,73000,219000,
DTL03176,ORD01958,ITEM047,1,20000,20000,tambah whip cream
DTL03177,ORD01959,ITEM066,1,45000,45000,
DTL03178,ORD01960,ITEM057,1,72000,72000,
DTL03179,ORD01961,ITEM009,1,24000,24000,
DTL03180,ORD01962,ITEM043,2,27000,54000,
DTL03181,ORD01963,ITEM009,1,24000,24000,
DTL03182,ORD01964,ITEM012,1,51000,51000,
DTL03183,ORD01964,ITEM038,1,39000,39000,
DTL03184,ORD01965,ITEM027,2,35000,70000,
DTL03185,ORD01966,ITEM073,1,22000,22000,
DTL03186,ORD01967,ITEM055,1,52000,52000,extra hot
DTL03187,ORD01968,ITEM027,1,35000,35000,
DTL03188,ORD01969,ITEM056,2,51000,102000,
DTL03189,ORD01969,ITEM050,3,27000,81000,
DTL03190,ORD01969,ITEM054,1,65000,65000,
DTL03191,ORD01970,ITEM012,1,51000,51000,tambah whip cream
DTL03192,ORD01970,ITEM006,1,50000,50000,
DTL03193,ORD01971,ITEM055,1,52000,52000,
DTL03194,ORD01972,ITEM030,1,27000,27000,dingin
DTL03195,ORD01973,ITEM007,3,24000,72000,
DTL03196,ORD01974,ITEM013,2,40000,80000,
DTL03197,ORD01975,ITEM063,1,67000,67000,
DTL03198,ORD01976,ITEM041,1,26000,26000,
DTL03199,ORD01977,ITEM056,2,51000,102000,ekstra creamer
DTL03200,ORD01977,ITEM012,1,51000,51000,
DTL03201,ORD01977,ITEM003,1,37000,37000,
DTL03202,ORD01977,ITEM008,2,36000,72000,
DTL03203,ORD01978,ITEM073,2,22000,44000,
DTL03204,ORD01978,ITEM053,1,68000,68000,
DTL03205,ORD01979,ITEM002,1,40000,40000,
DTL03206,ORD01979,ITEM052,1,56000,56000,
DTL03207,ORD01980,ITEM004,1,29000,29000,
DTL03208,ORD01981,ITEM017,1,36000,36000,
DTL03209,ORD01981,ITEM022,1,52000,52000,less sugar
DTL03210,ORD01982,ITEM056,1,51000,51000,
DTL03211,ORD01983,ITEM059,1,73000,73000,
DTL03212,ORD01984,ITEM074,3,27000,81000,
DTL03213,ORD01984,ITEM050,1,27000,27000,tanpa gula
DTL03214,ORD01984,ITEM063,1,67000,67000,
DTL03215,ORD01984,ITEM058,2,52000,104000,
DTL03216,ORD01985,ITEM036,1,25000,25000,
DTL03217,ORD01985,ITEM010,1,35000,35000,
DTL03218,ORD01986,ITEM042,1,33000,33000,
DTL03219,ORD01987,ITEM038,2,39000,78000,
DTL03220,ORD01988,ITEM017,1,36000,36000,
DTL03221,ORD01988,ITEM040,1,24000,24000,
DTL03222,ORD01989,ITEM008,2,36000,72000,
DTL03223,ORD01990,ITEM059,1,73000,73000,
DTL03224,ORD01990,ITEM077,1,23000,23000,
DTL03225,ORD01991,ITEM025,1,41000,41000,no ice
DTL03226,ORD01991,ITEM077,1,23000,23000,
DTL03227,ORD01991,ITEM027,1,35000,35000,
DTL03228,ORD01992,ITEM073,1,22000,22000,
DTL03229,ORD01992,ITEM074,1,27000,27000,
DTL03230,ORD01992,ITEM003,1,37000,37000,
DTL03231,ORD01993,ITEM031,1,21000,21000,
DTL03232,ORD01994,ITEM078,1,18000,18000,no ice
DTL03233,ORD01995,ITEM017,2,36000,72000,
DTL03234,ORD01996,ITEM053,1,68000,68000,
DTL03235,ORD01997,ITEM007,1,24000,24000,
DTL03236,ORD01997,ITEM032,1,27000,27000,
DTL03237,ORD01997,ITEM052,1,56000,56000,
DTL03238,ORD01998,ITEM042,1,33000,33000,
DTL03239,ORD01999,ITEM076,1,28000,28000,
DTL03240,ORD01999,ITEM038,3,39000,117000,
DTL03241,ORD02000,ITEM050,2,27000,54000,
DTL03242,ORD02001,ITEM041,1,26000,26000,
DTL03243,ORD02002,ITEM059,1,73000,73000,
DTL03244,ORD02002,ITEM019,1,47000,47000,
DTL03245,ORD02002,ITEM073,1,22000,22000,
DTL03246,ORD02003,ITEM024,1,27000,27000,
DTL03247,ORD02003,ITEM074,3,27000,81000,tanpa gula
DTL03248,ORD02004,ITEM047,1,20000,20000,
DTL03249,ORD02005,ITEM041,1,26000,26000,
DTL03250,ORD02005,ITEM043,1,27000,27000,
DTL03251,ORD02006,ITEM074,1,27000,27000,
DTL03252,ORD02006,ITEM009,1,24000,24000,
DTL03253,ORD02006,ITEM067,1,63000,63000,
DTL03254,ORD02007,ITEM028,1,27000,27000,
DTL03255,ORD02007,ITEM076,1,28000,28000,
DTL03256,ORD02008,ITEM071,1,26000,26000,
DTL03257,ORD02008,ITEM003,1,37000,37000,
DTL03258,ORD02008,ITEM054,1,65000,65000,
DTL03259,ORD02009,ITEM022,1,52000,52000,
DTL03260,ORD02010,ITEM052,1,56000,56000,
DTL03261,ORD02010,ITEM032,3,27000,81000,
DTL03262,ORD02010,ITEM054,1,65000,65000,gula sedikit
DTL03263,ORD02011,ITEM040,1,24000,24000,
DTL03264,ORD02011,ITEM078,2,18000,36000,
DTL03265,ORD02012,ITEM058,1,52000,52000,tanpa gula
DTL03266,ORD02013,ITEM052,1,56000,56000,
DTL03267,ORD02013,ITEM003,1,37000,37000,no ice
DTL03268,ORD02013,ITEM072,1,18000,18000,
DTL03269,ORD02014,ITEM036,1,25000,25000,
DTL03270,ORD02015,ITEM064,1,38000,38000,
DTL03271,ORD02015,ITEM013,2,40000,80000,
DTL03272,ORD02015,ITEM038,1,39000,39000,
DTL03273,ORD02015,ITEM073,1,22000,22000,
DTL03274,ORD02016,ITEM068,1,39000,39000,
DTL03275,ORD02017,ITEM064,2,38000,76000,
DTL03276,ORD02017,ITEM005,1,28000,28000,
DTL03277,ORD02018,ITEM058,1,52000,52000,
DTL03278,ORD02018,ITEM024,1,27000,27000,
DTL03279,ORD02019,ITEM062,2,44000,88000,
DTL03280,ORD02019,ITEM072,1,18000,18000,
DTL03281,ORD02019,ITEM036,1,25000,25000,
DTL03282,ORD02019,ITEM055,1,52000,52000,
DTL03283,ORD02020,ITEM010,1,35000,35000,
DTL03284,ORD02020,ITEM041,2,26000,52000,
DTL03285,ORD02021,ITEM060,1,73000,73000,
DTL03286,ORD02022,ITEM067,2,63000,126000,
DTL03287,ORD02022,ITEM035,1,30000,30000,
DTL03288,ORD02023,ITEM069,2,60000,120000,ekstra creamer
DTL03289,ORD02024,ITEM031,1,21000,21000,
DTL03290,ORD02024,ITEM027,1,35000,35000,extra hot
DTL03291,ORD02025,ITEM046,3,29000,87000,
DTL03292,ORD02025,ITEM058,1,52000,52000,
DTL03293,ORD02026,ITEM010,1,35000,35000,
DTL03294,ORD02027,ITEM003,1,37000,37000,
DTL03295,ORD02028,ITEM045,1,36000,36000,
DTL03296,ORD02029,ITEM040,1,24000,24000,
DTL03297,ORD02029,ITEM076,3,28000,84000,no ice
DTL03298,ORD02029,ITEM037,1,27000,27000,
DTL03299,ORD02030,ITEM071,1,26000,26000,
DTL03300,ORD02031,ITEM055,1,52000,52000,
DTL03301,ORD02032,ITEM076,1,28000,28000,
DTL03302,ORD02033,ITEM045,1,36000,36000,
DTL03303,ORD02034,ITEM035,1,30000,30000,
DTL03304,ORD02035,ITEM045,1,36000,36000,
DTL03305,ORD02036,ITEM055,1,52000,52000,extra shot
DTL03306,ORD02036,ITEM013,1,40000,40000,
DTL03307,ORD02037,ITEM058,1,52000,52000,
DTL03308,ORD02038,ITEM004,1,29000,29000,
DTL03309,ORD02038,ITEM075,1,29000,29000,
DTL03310,ORD02039,ITEM011,1,49000,49000,
DTL03311,ORD02040,ITEM052,1,56000,56000,ekstra creamer
DTL03312,ORD02041,ITEM050,1,27000,27000,tanpa susu
DTL03313,ORD02042,ITEM073,1,22000,22000,
DTL03314,ORD02043,ITEM038,2,39000,78000,
DTL03315,ORD02044,ITEM032,1,27000,27000,
DTL03316,ORD02044,ITEM036,1,25000,25000,
DTL03317,ORD02045,ITEM046,1,29000,29000,ekstra creamer
DTL03318,ORD02046,ITEM006,1,50000,50000,
DTL03319,ORD02046,ITEM035,1,30000,30000,
DTL03320,ORD02047,ITEM042,2,33000,66000,tanpa susu
DTL03321,ORD02048,ITEM052,1,56000,56000,dingin
DTL03322,ORD02049,ITEM045,1,36000,36000,
DTL03323,ORD02049,ITEM071,1,26000,26000,
DTL03324,ORD02050,ITEM068,1,39000,39000,
DTL03325,ORD02051,ITEM004,1,29000,29000,
DTL03326,ORD02052,ITEM063,1,67000,67000,
DTL03327,ORD02053,ITEM069,1,60000,60000,less ice
DTL03328,ORD02053,ITEM005,2,28000,56000,
DTL03329,ORD02054,ITEM073,1,22000,22000,
DTL03330,ORD02055,ITEM061,1,59000,59000,
DTL03331,ORD02056,ITEM036,1,25000,25000,
DTL03332,ORD02057,ITEM040,1,24000,24000,
DTL03333,ORD02057,ITEM035,1,30000,30000,
DTL03334,ORD02058,ITEM074,1,27000,27000,
DTL03335,ORD02059,ITEM051,1,49000,49000,
DTL03336,ORD02060,ITEM064,1,38000,38000,extra shot
DTL03337,ORD02061,ITEM066,1,45000,45000,
DTL03338,ORD02061,ITEM080,1,34000,34000,
DTL03339,ORD02062,ITEM061,3,59000,177000,
DTL03340,ORD02062,ITEM032,1,27000,27000,
DTL03341,ORD02063,ITEM010,2,35000,70000,
DTL03342,ORD02063,ITEM038,1,39000,39000,
DTL03343,ORD02064,ITEM062,1,44000,44000,
DTL03344,ORD02065,ITEM028,1,27000,27000,
DTL03345,ORD02065,ITEM077,1,23000,23000,extra shot
DTL03346,ORD02066,ITEM041,1,26000,26000,
DTL03347,ORD02067,ITEM068,1,39000,39000,
DTL03348,ORD02068,ITEM007,1,24000,24000,
DTL03349,ORD02069,ITEM055,1,52000,52000,
DTL03350,ORD02070,ITEM012,2,51000,102000,
DTL03351,ORD02071,ITEM013,1,40000,40000,
DTL03352,ORD02072,ITEM004,1,29000,29000,
DTL03353,ORD02072,ITEM018,1,29000,29000,
DTL03354,ORD02073,ITEM066,1,45000,45000,less ice
DTL03355,ORD02073,ITEM001,1,29000,29000,
DTL03356,ORD02073,ITEM041,1,26000,26000,
DTL03357,ORD02074,ITEM064,1,38000,38000,
DTL03358,ORD02074,ITEM011,1,49000,49000,
DTL03359,ORD02075,ITEM068,1,39000,39000,
DTL03360,ORD02075,ITEM036,1,25000,25000,
DTL03361,ORD02076,ITEM036,1,25000,25000,
DTL03362,ORD02076,ITEM063,1,67000,67000,
DTL03363,ORD02077,ITEM076,1,28000,28000,tanpa gula
DTL03364,ORD02077,ITEM073,1,22000,22000,
DTL03365,ORD02077,ITEM027,1,35000,35000,
DTL03366,ORD02078,ITEM034,2,30000,60000,
DTL03367,ORD02078,ITEM041,1,26000,26000,
DTL03368,ORD02079,ITEM009,1,24000,24000,
DTL03369,ORD02080,ITEM019,1,47000,47000,
DTL03370,ORD02080,ITEM018,2,29000,58000,
DTL03371,ORD02081,ITEM022,1,52000,52000,no ice
DTL03372,ORD02081,ITEM068,1,39000,39000,
DTL03373,ORD02082,ITEM002,1,40000,40000,panas
DTL03374,ORD02082,ITEM009,1,24000,24000,
DTL03375,ORD02082,ITEM076,1,28000,28000,
DTL03376,ORD02083,ITEM061,1,59000,59000,
DTL03377,ORD02083,ITEM071,1,26000,26000,
DTL03378,ORD02084,ITEM036,1,25000,25000,
DTL03379,ORD02084,ITEM059,1,73000,73000,
DTL03380,ORD02085,ITEM046,1,29000,29000,
DTL03381,ORD02086,ITEM028,1,27000,27000,
DTL03382,ORD02086,ITEM037,1,27000,27000,
DTL03383,ORD02086,ITEM017,1,36000,36000,
DTL03384,ORD02087,ITEM003,1,37000,37000,ekstra creamer
DTL03385,ORD02088,ITEM037,2,27000,54000,
DTL03386,ORD02089,ITEM035,1,30000,30000,
DTL03387,ORD02090,ITEM030,1,27000,27000,
DTL03388,ORD02091,ITEM018,1,29000,29000,
DTL03389,ORD02092,ITEM041,1,26000,26000,
DTL03390,ORD02092,ITEM007,1,24000,24000,
DTL03391,ORD02092,ITEM024,1,27000,27000,
DTL03392,ORD02093,ITEM005,2,28000,56000,
DTL03393,ORD02094,ITEM034,1,30000,30000,
DTL03394,ORD02094,ITEM046,1,29000,29000,
DTL03395,ORD02095,ITEM058,1,52000,52000,
DTL03396,ORD02095,ITEM063,1,67000,67000,extra hot
DTL03397,ORD02095,ITEM035,1,30000,30000,
DTL03398,ORD02096,ITEM054,1,65000,65000,
DTL03399,ORD02096,ITEM063,1,67000,67000,
DTL03400,ORD02096,ITEM036,2,25000,50000,
DTL03401,ORD02097,ITEM061,1,59000,59000,
DTL03402,ORD02097,ITEM066,1,45000,45000,
DTL03403,ORD02098,ITEM043,1,27000,27000,
DTL03404,ORD02099,ITEM078,1,18000,18000,
DTL03405,ORD02099,ITEM032,2,27000,54000,
DTL03406,ORD02100,ITEM012,2,51000,102000,
DTL03407,ORD02100,ITEM077,1,23000,23000,
DTL03408,ORD02101,ITEM025,1,41000,41000,
DTL03409,ORD02102,ITEM044,1,39000,39000,
DTL03410,ORD02103,ITEM004,1,29000,29000,
DTL03411,ORD02103,ITEM078,1,18000,18000,tambah whip cream
DTL03412,ORD02104,ITEM011,1,49000,49000,
DTL03413,ORD02105,ITEM051,1,49000,49000,
DTL03414,ORD02105,ITEM072,1,18000,18000,
DTL03415,ORD02105,ITEM013,1,40000,40000,
DTL03416,ORD02106,ITEM064,1,38000,38000,
DTL03417,ORD02106,ITEM032,1,27000,27000,
DTL03418,ORD02106,ITEM022,1,52000,52000,
DTL03419,ORD02107,ITEM056,1,51000,51000,
DTL03420,ORD02108,ITEM002,1,40000,40000,
DTL03421,ORD02108,ITEM015,1,50000,50000,
DTL03422,ORD02109,ITEM005,1,28000,28000,
DTL03423,ORD02110,ITEM056,1,51000,51000,
DTL03424,ORD02111,ITEM044,1,39000,39000,
DTL03425,ORD02111,ITEM034,1,30000,30000,
DTL03426,ORD02112,ITEM041,1,26000,26000,
DTL03427,ORD02113,ITEM051,1,49000,49000,
DTL03428,ORD02114,ITEM056,1,51000,51000,
DTL03429,ORD02115,ITEM015,2,50000,100000,
DTL03430,ORD02115,ITEM076,2,28000,56000,less sugar
DTL03431,ORD02116,ITEM018,1,29000,29000,
DTL03432,ORD02117,ITEM019,1,47000,47000,
DTL03433,ORD02118,ITEM040,1,24000,24000,
DTL03434,ORD02119,ITEM045,1,36000,36000,
DTL03435,ORD02120,ITEM017,1,36000,36000,
DTL03436,ORD02120,ITEM040,1,24000,24000,
DTL03437,ORD02121,ITEM017,2,36000,72000,
DTL03438,ORD02121,ITEM015,1,50000,50000,
DTL03439,ORD02122,ITEM033,1,39000,39000,
DTL03440,ORD02122,ITEM044,1,39000,39000,
DTL03441,ORD02123,ITEM051,2,49000,98000,
DTL03442,ORD02124,ITEM066,1,45000,45000,
DTL03443,ORD02125,ITEM074,1,27000,27000,
DTL03444,ORD02126,ITEM018,2,29000,58000,
DTL03445,ORD02127,ITEM033,2,39000,78000,dingin
DTL03446,ORD02128,ITEM035,1,30000,30000,tanpa susu
DTL03447,ORD02129,ITEM027,1,35000,35000,
DTL03448,ORD02130,ITEM005,1,28000,28000,
DTL03449,ORD02130,ITEM011,1,49000,49000,
DTL03450,ORD02131,ITEM064,1,38000,38000,
DTL03451,ORD02132,ITEM041,1,26000,26000,
DTL03452,ORD02132,ITEM075,1,29000,29000,
DTL03453,ORD02133,ITEM064,2,38000,76000,
DTL03454,ORD02133,ITEM072,1,18000,18000,
DTL03455,ORD02134,ITEM010,1,35000,35000,
DTL03456,ORD02135,ITEM012,2,51000,102000,
DTL03457,ORD02136,ITEM060,3,73000,219000,tanpa gula
DTL03458,ORD02137,ITEM054,2,65000,130000,less sugar
DTL03459,ORD02137,ITEM037,1,27000,27000,
DTL03460,ORD02138,ITEM071,1,26000,26000,
DTL03461,ORD02138,ITEM067,3,63000,189000,extra hot
DTL03462,ORD02138,ITEM036,1,25000,25000,
DTL03463,ORD02139,ITEM056,3,51000,153000,
DTL03464,ORD02139,ITEM050,1,27000,27000,gula sedikit
DTL03465,ORD02140,ITEM017,2,36000,72000,
DTL03466,ORD02140,ITEM071,2,26000,52000,
DTL03467,ORD02141,ITEM017,1,36000,36000,
DTL03468,ORD02141,ITEM057,1,72000,72000,
DTL03469,ORD02142,ITEM066,1,45000,45000,
DTL03470,ORD02142,ITEM002,3,40000,120000,
DTL03471,ORD02143,ITEM069,1,60000,60000,extra hot
DTL03472,ORD02143,ITEM013,3,40000,120000,
DTL03473,ORD02144,ITEM028,1,27000,27000,
DTL03474,ORD02145,ITEM049,1,28000,28000,
DTL03475,ORD02146,ITEM019,2,47000,94000,less sugar
DTL03476,ORD02147,ITEM056,1,51000,51000,
DTL03477,ORD02147,ITEM007,2,24000,48000,
DTL03478,ORD02148,ITEM040,1,24000,24000,
DTL03479,ORD02149,ITEM019,1,47000,47000,
DTL03480,ORD02150,ITEM058,2,52000,104000,
DTL03481,ORD02151,ITEM016,1,40000,40000,
DTL03482,ORD02152,ITEM068,1,39000,39000,
DTL03483,ORD02153,ITEM028,3,27000,81000,
DTL03484,ORD02154,ITEM036,1,25000,25000,
DTL03485,ORD02154,ITEM068,1,39000,39000,extra shot
DTL03486,ORD02154,ITEM040,1,24000,24000,extra hot
DTL03487,ORD02155,ITEM080,1,34000,34000,
DTL03488,ORD02156,ITEM076,1,28000,28000,
DTL03489,ORD02156,ITEM004,1,29000,29000,
DTL03490,ORD02157,ITEM077,2,23000,46000,
DTL03491,ORD02157,ITEM071,2,26000,52000,
DTL03492,ORD02158,ITEM058,1,52000,52000,
DTL03493,ORD02159,ITEM072,1,18000,18000,
DTL03494,ORD02160,ITEM022,1,52000,52000,
DTL03495,ORD02161,ITEM062,3,44000,132000,
DTL03496,ORD02161,ITEM022,1,52000,52000,no ice
DTL03497,ORD02162,ITEM002,1,40000,40000,
DTL03498,ORD02163,ITEM075,1,29000,29000,extra shot
DTL03499,ORD02163,ITEM068,1,39000,39000,
DTL03500,ORD02164,ITEM053,1,68000,68000,
DTL03501,ORD02165,ITEM044,1,39000,39000,
DTL03502,ORD02165,ITEM019,1,47000,47000,
DTL03503,ORD02166,ITEM025,1,41000,41000,
DTL03504,ORD02167,ITEM045,1,36000,36000,
DTL03505,ORD02168,ITEM066,1,45000,45000,
DTL03506,ORD02169,ITEM042,3,33000,99000,
DTL03507,ORD02169,ITEM031,1,21000,21000,
DTL03508,ORD02170,ITEM034,1,30000,30000,extra hot
DTL03509,ORD02170,ITEM017,1,36000,36000,
DTL03510,ORD02171,ITEM009,1,24000,24000,
DTL03511,ORD02171,ITEM003,1,37000,37000,
DTL03512,ORD02171,ITEM057,1,72000,72000,
DTL03513,ORD02172,ITEM060,2,73000,146000,
DTL03514,ORD02173,ITEM060,1,73000,73000,
DTL03515,ORD02173,ITEM061,1,59000,59000,
DTL03516,ORD02174,ITEM007,1,24000,24000,
DTL03517,ORD02174,ITEM049,3,28000,84000,
DTL03518,ORD02175,ITEM059,1,73000,73000,
DTL03519,ORD02176,ITEM047,1,20000,20000,
DTL03520,ORD02176,ITEM074,1,27000,27000,
DTL03521,ORD02177,ITEM003,2,37000,74000,
DTL03522,ORD02177,ITEM038,1,39000,39000,
DTL03523,ORD02177,ITEM053,1,68000,68000,
DTL03524,ORD02178,ITEM050,3,27000,81000,
DTL03525,ORD02179,ITEM064,1,38000,38000,
DTL03526,ORD02180,ITEM050,1,27000,27000,
DTL03527,ORD02180,ITEM068,2,39000,78000,
DTL03528,ORD02181,ITEM005,1,28000,28000,
DTL03529,ORD02182,ITEM076,1,28000,28000,
DTL03530,ORD02183,ITEM076,1,28000,28000,less ice
DTL03531,ORD02183,ITEM035,1,30000,30000,ekstra creamer
DTL03532,ORD02184,ITEM050,1,27000,27000,panas
DTL03533,ORD02185,ITEM075,1,29000,29000,
DTL03534,ORD02185,ITEM058,1,52000,52000,
DTL03535,ORD02186,ITEM069,1,60000,60000,
DTL03536,ORD02186,ITEM036,1,25000,25000,
DTL03537,ORD02187,ITEM006,1,50000,50000,
DTL03538,ORD02188,ITEM066,2,45000,90000,no ice
DTL03539,ORD02189,ITEM076,1,28000,28000,
DTL03540,ORD02190,ITEM073,1,22000,22000,tambah whip cream
DTL03541,ORD02190,ITEM050,1,27000,27000,
DTL03542,ORD02191,ITEM013,1,40000,40000,
DTL03543,ORD02191,ITEM068,1,39000,39000,
DTL03544,ORD02191,ITEM057,1,72000,72000,
DTL03545,ORD02191,ITEM030,1,27000,27000,
DTL03546,ORD02192,ITEM050,1,27000,27000,
DTL03547,ORD02193,ITEM067,1,63000,63000,
DTL03548,ORD02194,ITEM018,1,29000,29000,
DTL03549,ORD02195,ITEM047,1,20000,20000,
DTL03550,ORD02195,ITEM055,3,52000,156000,extra shot
DTL03551,ORD02196,ITEM054,1,65000,65000,
DTL03552,ORD02197,ITEM022,1,52000,52000,
DTL03553,ORD02198,ITEM080,1,34000,34000,
DTL03554,ORD02198,ITEM036,1,25000,25000,
DTL03555,ORD02198,ITEM004,1,29000,29000,
DTL03556,ORD02199,ITEM033,1,39000,39000,
DTL03557,ORD02199,ITEM050,1,27000,27000,
DTL03558,ORD02199,ITEM062,1,44000,44000,panas
DTL03559,ORD02200,ITEM060,1,73000,73000,
DTL03560,ORD02201,ITEM029,1,37000,37000,
DTL03561,ORD02202,ITEM068,1,39000,39000,
DTL03562,ORD02203,ITEM005,1,28000,28000,
DTL03563,ORD02204,ITEM035,1,30000,30000,
DTL03564,ORD02205,ITEM051,1,49000,49000,
DTL03565,ORD02206,ITEM068,1,39000,39000,
DTL03566,ORD02207,ITEM064,1,38000,38000,extra shot
DTL03567,ORD02208,ITEM027,2,35000,70000,
DTL03568,ORD02208,ITEM061,1,59000,59000,
DTL03569,ORD02208,ITEM007,1,24000,24000,
DTL03570,ORD02209,ITEM040,1,24000,24000,
DTL03571,ORD02210,ITEM073,1,22000,22000,
DTL03572,ORD02211,ITEM067,1,63000,63000,
DTL03573,ORD02212,ITEM024,1,27000,27000,
DTL03574,ORD02213,ITEM056,1,51000,51000,
DTL03575,ORD02213,ITEM038,1,39000,39000,no ice
DTL03576,ORD02214,ITEM010,1,35000,35000,tanpa susu
DTL03577,ORD02214,ITEM059,2,73000,146000,
DTL03578,ORD02215,ITEM054,1,65000,65000,
DTL03579,ORD02216,ITEM040,1,24000,24000,
DTL03580,ORD02216,ITEM003,1,37000,37000,
DTL03581,ORD02217,ITEM068,1,39000,39000,
DTL03582,ORD02218,ITEM064,1,38000,38000,
DTL03583,ORD02218,ITEM056,2,51000,102000,
DTL03584,ORD02219,ITEM007,1,24000,24000,
DTL03585,ORD02219,ITEM015,1,50000,50000,
DTL03586,ORD02220,ITEM028,1,27000,27000,extra shot
DTL03587,ORD02220,ITEM005,1,28000,28000,tanpa gula
DTL03588,ORD02221,ITEM066,1,45000,45000,
DTL03589,ORD02221,ITEM046,1,29000,29000,
DTL03590,ORD02222,ITEM033,1,39000,39000,
DTL03591,ORD02223,ITEM062,1,44000,44000,
DTL03592,ORD02223,ITEM058,1,52000,52000,
DTL03593,ORD02223,ITEM066,2,45000,90000,
DTL03594,ORD02224,ITEM054,1,65000,65000,
DTL03595,ORD02224,ITEM076,1,28000,28000,
DTL03596,ORD02225,ITEM006,1,50000,50000,
DTL03597,ORD02226,ITEM037,1,27000,27000,ekstra creamer
DTL03598,ORD02227,ITEM010,1,35000,35000,
DTL03599,ORD02227,ITEM078,2,18000,36000,
DTL03600,ORD02228,ITEM032,1,27000,27000,
DTL03601,ORD02229,ITEM061,1,59000,59000,
DTL03602,ORD02230,ITEM071,2,26000,52000,
DTL03603,ORD02231,ITEM080,1,34000,34000,
DTL03604,ORD02231,ITEM042,1,33000,33000,
DTL03605,ORD02232,ITEM063,1,67000,67000,
DTL03606,ORD02233,ITEM062,1,44000,44000,
DTL03607,ORD02234,ITEM066,1,45000,45000,panas
DTL03608,ORD02235,ITEM061,1,59000,59000,
DTL03609,ORD02235,ITEM001,1,29000,29000,
DTL03610,ORD02235,ITEM050,1,27000,27000,
DTL03611,ORD02235,ITEM063,1,67000,67000,
DTL03612,ORD02236,ITEM062,1,44000,44000,no ice
DTL03613,ORD02236,ITEM052,3,56000,168000,
DTL03614,ORD02237,ITEM050,1,27000,27000,panas
DTL03615,ORD02237,ITEM038,1,39000,39000,
DTL03616,ORD02238,ITEM028,1,27000,27000,
DTL03617,ORD02238,ITEM072,1,18000,18000,
DTL03618,ORD02238,ITEM009,2,24000,48000,
DTL03619,ORD02239,ITEM072,2,18000,36000,
DTL03620,ORD02239,ITEM080,1,34000,34000,
DTL03621,ORD02240,ITEM050,1,27000,27000,
DTL03622,ORD02240,ITEM075,1,29000,29000,
DTL03623,ORD02240,ITEM059,1,73000,73000,extra shot
DTL03624,ORD02241,ITEM006,2,50000,100000,
DTL03625,ORD02242,ITEM025,3,41000,123000,
DTL03626,ORD02243,ITEM027,2,35000,70000,
DTL03627,ORD02244,ITEM056,3,51000,153000,
DTL03628,ORD02244,ITEM076,1,28000,28000,less ice
DTL03629,ORD02244,ITEM063,1,67000,67000,
DTL03630,ORD02245,ITEM004,1,29000,29000,
DTL03631,ORD02245,ITEM037,2,27000,54000,
DTL03632,ORD02246,ITEM034,1,30000,30000,
DTL03633,ORD02247,ITEM005,1,28000,28000,
DTL03634,ORD02248,ITEM018,1,29000,29000,
DTL03635,ORD02249,ITEM050,1,27000,27000,
DTL03636,ORD02249,ITEM051,1,49000,49000,
DTL03637,ORD02249,ITEM044,1,39000,39000,
DTL03638,ORD02249,ITEM060,2,73000,146000,
DTL03639,ORD02250,ITEM061,1,59000,59000,
DTL03640,ORD02250,ITEM043,1,27000,27000,
DTL03641,ORD02251,ITEM035,1,30000,30000,
DTL03642,ORD02252,ITEM064,1,38000,38000,
DTL03643,ORD02252,ITEM004,1,29000,29000,
DTL03644,ORD02252,ITEM002,1,40000,40000,
DTL03645,ORD02253,ITEM032,1,27000,27000,less sugar
DTL03646,ORD02253,ITEM008,1,36000,36000,tanpa susu
DTL03647,ORD02254,ITEM034,1,30000,30000,
DTL03648,ORD02255,ITEM033,1,39000,39000,
DTL03649,ORD02256,ITEM067,1,63000,63000,
DTL03650,ORD02257,ITEM073,1,22000,22000,
DTL03651,ORD02258,ITEM011,1,49000,49000,
DTL03652,ORD02259,ITEM054,1,65000,65000,less ice
DTL03653,ORD02260,ITEM009,1,24000,24000,
DTL03654,ORD02261,ITEM032,1,27000,27000,
DTL03655,ORD02262,ITEM008,1,36000,36000,
DTL03656,ORD02263,ITEM028,1,27000,27000,extra hot
DTL03657,ORD02264,ITEM005,1,28000,28000,
DTL03658,ORD02265,ITEM071,1,26000,26000,
DTL03659,ORD02266,ITEM012,1,51000,51000,
DTL03660,ORD02266,ITEM016,3,40000,120000,dingin
DTL03661,ORD02267,ITEM068,1,39000,39000,
DTL03662,ORD02267,ITEM062,1,44000,44000,
DTL03663,ORD02268,ITEM032,3,27000,81000,
DTL03664,ORD02268,ITEM074,1,27000,27000,tambah whip cream
DTL03665,ORD02268,ITEM011,1,49000,49000,
DTL03666,ORD02269,ITEM054,1,65000,65000,
DTL03667,ORD02270,ITEM058,3,52000,156000,
DTL03668,ORD02271,ITEM045,3,36000,108000,
DTL03669,ORD02272,ITEM016,2,40000,80000,
DTL03670,ORD02273,ITEM025,1,41000,41000,panas
DTL03671,ORD02274,ITEM058,1,52000,52000,
DTL03672,ORD02275,ITEM010,2,35000,70000,
DTL03673,ORD02276,ITEM012,1,51000,51000,less ice
DTL03674,ORD02276,ITEM008,3,36000,108000,panas
DTL03675,ORD02277,ITEM042,2,33000,66000,extra hot
DTL03676,ORD02277,ITEM059,1,73000,73000,
DTL03677,ORD02278,ITEM002,1,40000,40000,
DTL03678,ORD02279,ITEM004,1,29000,29000,
DTL03679,ORD02280,ITEM027,1,35000,35000,
DTL03680,ORD02280,ITEM037,1,27000,27000,
DTL03681,ORD02281,ITEM051,1,49000,49000,
DTL03682,ORD02282,ITEM076,1,28000,28000,
DTL03683,ORD02282,ITEM027,2,35000,70000,
DTL03684,ORD02282,ITEM036,1,25000,25000,
DTL03685,ORD02283,ITEM054,1,65000,65000,
DTL03686,ORD02284,ITEM012,1,51000,51000,
DTL03687,ORD02285,ITEM053,1,68000,68000,
DTL03688,ORD02286,ITEM016,1,40000,40000,
DTL03689,ORD02287,ITEM031,1,21000,21000,
DTL03690,ORD02287,ITEM056,1,51000,51000,
DTL03691,ORD02287,ITEM010,1,35000,35000,
DTL03692,ORD02288,ITEM038,2,39000,78000,panas
DTL03693,ORD02289,ITEM047,1,20000,20000,
DTL03694,ORD02290,ITEM060,1,73000,73000,
DTL03695,ORD02291,ITEM013,1,40000,40000,
DTL03696,ORD02292,ITEM049,3,28000,84000,
DTL03697,ORD02292,ITEM066,1,45000,45000,
DTL03698,ORD02292,ITEM003,1,37000,37000,
DTL03699,ORD02293,ITEM077,1,23000,23000,
DTL03700,ORD02294,ITEM050,2,27000,54000,
DTL03701,ORD02294,ITEM017,1,36000,36000,
DTL03702,ORD02294,ITEM046,1,29000,29000,
DTL03703,ORD02295,ITEM018,1,29000,29000,
DTL03704,ORD02295,ITEM069,3,60000,180000,
DTL03705,ORD02296,ITEM047,1,20000,20000,
DTL03706,ORD02296,ITEM029,2,37000,74000,
DTL03707,ORD02297,ITEM006,1,50000,50000,
DTL03708,ORD02297,ITEM007,1,24000,24000,extra shot
DTL03709,ORD02298,ITEM041,2,26000,52000,
DTL03710,ORD02299,ITEM037,1,27000,27000,
DTL03711,ORD02299,ITEM047,1,20000,20000,tambah whip cream
DTL03712,ORD02300,ITEM072,1,18000,18000,
DTL03713,ORD02300,ITEM017,2,36000,72000,
DTL03714,ORD02300,ITEM032,1,27000,27000,less ice
DTL03715,ORD02301,ITEM068,1,39000,39000,
DTL03716,ORD02301,ITEM005,1,28000,28000,
DTL03717,ORD02302,ITEM038,3,39000,117000,tambah whip cream
DTL03718,ORD02302,ITEM056,1,51000,51000,
DTL03719,ORD02302,ITEM011,1,49000,49000,
DTL03720,ORD02303,ITEM051,1,49000,49000,
DTL03721,ORD02303,ITEM029,1,37000,37000,
DTL03722,ORD02303,ITEM036,1,25000,25000,less ice
DTL03723,ORD02304,ITEM028,1,27000,27000,
DTL03724,ORD02305,ITEM008,1,36000,36000,
DTL03725,ORD02306,ITEM054,1,65000,65000,
DTL03726,ORD02306,ITEM067,1,63000,63000,
DTL03727,ORD02306,ITEM009,1,24000,24000,
DTL03728,ORD02306,ITEM060,2,73000,146000,
DTL03729,ORD02307,ITEM077,1,23000,23000,
DTL03730,ORD02307,ITEM075,1,29000,29000,
DTL03731,ORD02308,ITEM075,1,29000,29000,
DTL03732,ORD02308,ITEM036,1,25000,25000,
DTL03733,ORD02309,ITEM008,2,36000,72000,
DTL03734,ORD02310,ITEM012,1,51000,51000,
DTL03735,ORD02310,ITEM075,3,29000,87000,
DTL03736,ORD02311,ITEM018,1,29000,29000,
DTL03737,ORD02312,ITEM038,1,39000,39000,less ice
DTL03738,ORD02312,ITEM052,1,56000,56000,
DTL03739,ORD02313,ITEM012,1,51000,51000,
DTL03740,ORD02314,ITEM031,1,21000,21000,
DTL03741,ORD02314,ITEM071,3,26000,78000,
DTL03742,ORD02315,ITEM035,1,30000,30000,
DTL03743,ORD02316,ITEM034,1,30000,30000,
DTL03744,ORD02317,ITEM007,1,24000,24000,
DTL03745,ORD02317,ITEM001,1,29000,29000,
DTL03746,ORD02318,ITEM078,1,18000,18000,
DTL03747,ORD02318,ITEM075,1,29000,29000,
DTL03748,ORD02319,ITEM064,1,38000,38000,
DTL03749,ORD02320,ITEM057,1,72000,72000,
DTL03750,ORD02321,ITEM080,1,34000,34000,
DTL03751,ORD02321,ITEM034,1,30000,30000,
DTL03752,ORD02322,ITEM032,1,27000,27000,tambah whip cream
DTL03753,ORD02323,ITEM076,1,28000,28000,
DTL03754,ORD02323,ITEM033,1,39000,39000,
DTL03755,ORD02323,ITEM011,1,49000,49000,
DTL03756,ORD02324,ITEM058,1,52000,52000,ekstra creamer
DTL03757,ORD02325,ITEM069,1,60000,60000,
DTL03758,ORD02326,ITEM001,1,29000,29000,
DTL03759,ORD02326,ITEM035,2,30000,60000,
DTL03760,ORD02326,ITEM077,1,23000,23000,
DTL03761,ORD02327,ITEM038,1,39000,39000,dingin
DTL03762,ORD02328,ITEM055,1,52000,52000,
DTL03763,ORD02329,ITEM068,1,39000,39000,
DTL03764,ORD02329,ITEM032,1,27000,27000,tanpa gula
DTL03765,ORD02330,ITEM074,1,27000,27000,
DTL03766,ORD02331,ITEM045,1,36000,36000,
DTL03767,ORD02331,ITEM076,1,28000,28000,
DTL03768,ORD02332,ITEM031,1,21000,21000,
DTL03769,ORD02332,ITEM069,2,60000,120000,
DTL03770,ORD02332,ITEM075,3,29000,87000,
DTL03771,ORD02333,ITEM015,1,50000,50000,
DTL03772,ORD02333,ITEM002,2,40000,80000,
DTL03773,ORD02334,ITEM035,1,30000,30000,ekstra creamer
DTL03774,ORD02334,ITEM080,1,34000,34000,ekstra creamer
DTL03775,ORD02334,ITEM064,1,38000,38000,
DTL03776,ORD02335,ITEM045,1,36000,36000,
DTL03777,ORD02336,ITEM059,1,73000,73000,
DTL03778,ORD02337,ITEM057,1,72000,72000,
DTL03779,ORD02338,ITEM050,1,27000,27000,
DTL03780,ORD02339,ITEM080,1,34000,34000,
DTL03781,ORD02340,ITEM059,1,73000,73000,
DTL03782,ORD02341,ITEM051,1,49000,49000,
DTL03783,ORD02342,ITEM009,1,24000,24000,
DTL03784,ORD02342,ITEM006,1,50000,50000,
DTL03785,ORD02343,ITEM001,2,29000,58000,
DTL03786,ORD02343,ITEM013,1,40000,40000,
DTL03787,ORD02344,ITEM004,1,29000,29000,tanpa gula
DTL03788,ORD02345,ITEM012,1,51000,51000,
DTL03789,ORD02345,ITEM044,1,39000,39000,gula sedikit
DTL03790,ORD02346,ITEM060,1,73000,73000,
DTL03791,ORD02347,ITEM022,1,52000,52000,
DTL03792,ORD02347,ITEM032,2,27000,54000,
DTL03793,ORD02348,ITEM034,1,30000,30000,
DTL03794,ORD02348,ITEM032,1,27000,27000,
DTL03795,ORD02348,ITEM019,1,47000,47000,
DTL03796,ORD02349,ITEM076,1,28000,28000,
DTL03797,ORD02350,ITEM018,2,29000,58000,tanpa susu
DTL03798,ORD02350,ITEM005,3,28000,84000,
DTL03799,ORD02350,ITEM035,1,30000,30000,
DTL03800,ORD02351,ITEM017,1,36000,36000,
DTL03801,ORD02352,ITEM075,1,29000,29000,less sugar
DTL03802,ORD02352,ITEM073,1,22000,22000,
DTL03803,ORD02353,ITEM015,2,50000,100000,
DTL03804,ORD02353,ITEM003,1,37000,37000,
DTL03805,ORD02354,ITEM007,2,24000,48000,
DTL03806,ORD02355,ITEM038,2,39000,78000,ekstra creamer
DTL03807,ORD02355,ITEM060,1,73000,73000,
DTL03808,ORD02356,ITEM040,1,24000,24000,
DTL03809,ORD02356,ITEM042,2,33000,66000,
DTL03810,ORD02357,ITEM034,1,30000,30000,
DTL03811,ORD02358,ITEM003,1,37000,37000,
DTL03812,ORD02359,ITEM059,1,73000,73000,
DTL03813,ORD02360,ITEM059,1,73000,73000,
DTL03814,ORD02360,ITEM017,1,36000,36000,
DTL03815,ORD02360,ITEM069,1,60000,60000,gula sedikit
DTL03816,ORD02360,ITEM044,1,39000,39000,
DTL03817,ORD02361,ITEM063,1,67000,67000,
DTL03818,ORD02362,ITEM006,1,50000,50000,
DTL03819,ORD02363,ITEM032,1,27000,27000,
DTL03820,ORD02363,ITEM012,3,51000,153000,
DTL03821,ORD02363,ITEM022,1,52000,52000,
DTL03822,ORD02364,ITEM009,1,24000,24000,
DTL03823,ORD02365,ITEM012,1,51000,51000,
DTL03824,ORD02366,ITEM037,1,27000,27000,
DTL03825,ORD02366,ITEM024,1,27000,27000,
DTL03826,ORD02367,ITEM042,1,33000,33000,
DTL03827,ORD02367,ITEM010,2,35000,70000,less ice
DTL03828,ORD02368,ITEM071,1,26000,26000,
DTL03829,ORD02368,ITEM080,1,34000,34000,
DTL03830,ORD02368,ITEM024,1,27000,27000,extra shot
DTL03831,ORD02369,ITEM015,1,50000,50000,gula sedikit
DTL03832,ORD02370,ITEM063,1,67000,67000,
DTL03833,ORD02370,ITEM033,1,39000,39000,tanpa gula
DTL03834,ORD02371,ITEM073,2,22000,44000,
DTL03835,ORD02372,ITEM068,3,39000,117000,
DTL03836,ORD02373,ITEM077,1,23000,23000,
DTL03837,ORD02373,ITEM029,1,37000,37000,
DTL03838,ORD02374,ITEM073,1,22000,22000,
DTL03839,ORD02375,ITEM033,1,39000,39000,
DTL03840,ORD02376,ITEM005,1,28000,28000,
DTL03841,ORD02377,ITEM011,2,49000,98000,
DTL03842,ORD02377,ITEM042,1,33000,33000,extra hot
DTL03843,ORD02378,ITEM071,2,26000,52000,
DTL03844,ORD02378,ITEM013,1,40000,40000,
DTL03845,ORD02379,ITEM004,1,29000,29000,
DTL03846,ORD02380,ITEM053,2,68000,136000,
DTL03847,ORD02381,ITEM018,1,29000,29000,
DTL03848,ORD02382,ITEM043,1,27000,27000,
DTL03849,ORD02383,ITEM064,1,38000,38000,
DTL03850,ORD02383,ITEM002,1,40000,40000,
DTL03851,ORD02384,ITEM067,1,63000,63000,
DTL03852,ORD02385,ITEM024,1,27000,27000,gula sedikit
DTL03853,ORD02386,ITEM040,1,24000,24000,
DTL03854,ORD02387,ITEM063,1,67000,67000,
DTL03855,ORD02387,ITEM027,1,35000,35000,
DTL03856,ORD02388,ITEM040,3,24000,72000,
DTL03857,ORD02388,ITEM032,1,27000,27000,
DTL03858,ORD02389,ITEM040,1,24000,24000,
DTL03859,ORD02390,ITEM034,1,30000,30000,
DTL03860,ORD02391,ITEM055,1,52000,52000,
DTL03861,ORD02391,ITEM040,1,24000,24000,
DTL03862,ORD02392,ITEM028,1,27000,27000,
DTL03863,ORD02392,ITEM072,1,18000,18000,
DTL03864,ORD02393,ITEM010,1,35000,35000,
DTL03865,ORD02394,ITEM002,1,40000,40000,
DTL03866,ORD02395,ITEM050,1,27000,27000,
DTL03867,ORD02395,ITEM046,1,29000,29000,
DTL03868,ORD02396,ITEM001,2,29000,58000,
DTL03869,ORD02397,ITEM012,1,51000,51000,panas
DTL03870,ORD02398,ITEM057,1,72000,72000,
DTL03871,ORD02398,ITEM066,1,45000,45000,
DTL03872,ORD02399,ITEM057,1,72000,72000,
DTL03873,ORD02400,ITEM064,1,38000,38000,
DTL03874,ORD02401,ITEM068,1,39000,39000,
DTL03875,ORD02402,ITEM078,1,18000,18000,
DTL03876,ORD02402,ITEM061,1,59000,59000,
DTL03877,ORD02403,ITEM030,1,27000,27000,
DTL03878,ORD02403,ITEM060,1,73000,73000,
DTL03879,ORD02403,ITEM042,1,33000,33000,
DTL03880,ORD02404,ITEM057,1,72000,72000,
DTL03881,ORD02405,ITEM064,2,38000,76000,gula sedikit
DTL03882,ORD02406,ITEM001,1,29000,29000,
DTL03883,ORD02407,ITEM052,1,56000,56000,less sugar
DTL03884,ORD02408,ITEM059,1,73000,73000,
DTL03885,ORD02409,ITEM004,1,29000,29000,
DTL03886,ORD02409,ITEM069,3,60000,180000,no ice
DTL03887,ORD02410,ITEM006,2,50000,100000,extra hot
DTL03888,ORD02411,ITEM044,2,39000,78000,
DTL03889,ORD02412,ITEM019,2,47000,94000,
DTL03890,ORD02413,ITEM009,1,24000,24000,
DTL03891,ORD02414,ITEM049,1,28000,28000,
DTL03892,ORD02414,ITEM016,1,40000,40000,
DTL03893,ORD02414,ITEM058,1,52000,52000,
DTL03894,ORD02415,ITEM066,1,45000,45000,
DTL03895,ORD02415,ITEM055,1,52000,52000,less sugar
DTL03896,ORD02415,ITEM041,2,26000,52000,gula sedikit
DTL03897,ORD02416,ITEM063,1,67000,67000,
DTL03898,ORD02417,ITEM033,1,39000,39000,
DTL03899,ORD02417,ITEM016,1,40000,40000,
DTL03900,ORD02417,ITEM018,1,29000,29000,
DTL03901,ORD02418,ITEM066,2,45000,90000,
DTL03902,ORD02418,ITEM002,3,40000,120000,
DTL03903,ORD02418,ITEM050,1,27000,27000,
DTL03904,ORD02419,ITEM067,1,63000,63000,
DTL03905,ORD02420,ITEM052,1,56000,56000,
DTL03906,ORD02421,ITEM029,1,37000,37000,
DTL03907,ORD02422,ITEM011,1,49000,49000,
DTL03908,ORD02422,ITEM062,1,44000,44000,
DTL03909,ORD02423,ITEM033,3,39000,117000,
DTL03910,ORD02423,ITEM004,1,29000,29000,
DTL03911,ORD02423,ITEM031,1,21000,21000,
DTL03912,ORD02423,ITEM029,1,37000,37000,
DTL03913,ORD02424,ITEM059,1,73000,73000,
DTL03914,ORD02424,ITEM056,1,51000,51000,panas
DTL03915,ORD02425,ITEM053,1,68000,68000,
DTL03916,ORD02426,ITEM053,1,68000,68000,less sugar
DTL03917,ORD02426,ITEM033,1,39000,39000,
DTL03918,ORD02426,ITEM012,1,51000,51000,extra shot
DTL03919,ORD02427,ITEM005,2,28000,56000,
DTL03920,ORD02427,ITEM036,1,25000,25000,
DTL03921,ORD02427,ITEM008,1,36000,36000,
DTL03922,ORD02428,ITEM050,1,27000,27000,
DTL03923,ORD02429,ITEM030,1,27000,27000,
DTL03924,ORD02429,ITEM075,1,29000,29000,
DTL03925,ORD02429,ITEM019,3,47000,141000,
DTL03926,ORD02430,ITEM011,2,49000,98000,
DTL03927,ORD02430,ITEM051,1,49000,49000,no ice
DTL03928,ORD02431,ITEM051,1,49000,49000,
DTL03929,ORD02432,ITEM019,1,47000,47000,
DTL03930,ORD02433,ITEM053,1,68000,68000,
DTL03931,ORD02434,ITEM024,1,27000,27000,
DTL03932,ORD02435,ITEM029,1,37000,37000,
DTL03933,ORD02435,ITEM055,1,52000,52000,
DTL03934,ORD02436,ITEM008,1,36000,36000,tanpa gula
DTL03935,ORD02437,ITEM018,1,29000,29000,
DTL03936,ORD02438,ITEM004,2,29000,58000,
DTL03937,ORD02439,ITEM024,1,27000,27000,
DTL03938,ORD02439,ITEM072,1,18000,18000,
DTL03939,ORD02440,ITEM043,3,27000,81000,
DTL03940,ORD02441,ITEM062,1,44000,44000,gula sedikit
DTL03941,ORD02441,ITEM033,1,39000,39000,extra hot
DTL03942,ORD02441,ITEM032,1,27000,27000,
DTL03943,ORD02442,ITEM007,1,24000,24000,
DTL03944,ORD02443,ITEM067,1,63000,63000,
DTL03945,ORD02443,ITEM035,2,30000,60000,
DTL03946,ORD02444,ITEM004,3,29000,87000,
DTL03947,ORD02445,ITEM059,1,73000,73000,
DTL03948,ORD02446,ITEM006,1,50000,50000,
DTL03949,ORD02447,ITEM033,1,39000,39000,
DTL03950,ORD02448,ITEM041,2,26000,52000,
DTL03951,ORD02449,ITEM059,1,73000,73000,
DTL03952,ORD02449,ITEM063,1,67000,67000,
DTL03953,ORD02450,ITEM063,1,67000,67000,
DTL03954,ORD02450,ITEM060,1,73000,73000,
DTL03955,ORD02451,ITEM077,1,23000,23000,
DTL03956,ORD02452,ITEM049,1,28000,28000,
DTL03957,ORD02453,ITEM002,1,40000,40000,extra hot
DTL03958,ORD02453,ITEM056,1,51000,51000,
DTL03959,ORD02454,ITEM019,1,47000,47000,
DTL03960,ORD02455,ITEM057,1,72000,72000,
DTL03961,ORD02456,ITEM007,2,24000,48000,
DTL03962,ORD02457,ITEM055,1,52000,52000,
DTL03963,ORD02457,ITEM067,1,63000,63000,tanpa gula
DTL03964,ORD02458,ITEM040,2,24000,48000,
DTL03965,ORD02458,ITEM033,1,39000,39000,
DTL03966,ORD02458,ITEM061,1,59000,59000,
DTL03967,ORD02459,ITEM075,1,29000,29000,
DTL03968,ORD02459,ITEM063,1,67000,67000,
DTL03969,ORD02459,ITEM064,1,38000,38000,
DTL03970,ORD02459,ITEM038,1,39000,39000,tanpa gula
DTL03971,ORD02460,ITEM080,1,34000,34000,
DTL03972,ORD02461,ITEM072,1,18000,18000,
DTL03973,ORD02462,ITEM074,1,27000,27000,
DTL03974,ORD02462,ITEM010,1,35000,35000,
DTL03975,ORD02462,ITEM072,1,18000,18000,
DTL03976,ORD02463,ITEM069,1,60000,60000,
DTL03977,ORD02463,ITEM003,1,37000,37000,
DTL03978,ORD02464,ITEM071,1,26000,26000,
DTL03979,ORD02464,ITEM054,1,65000,65000,
DTL03980,ORD02465,ITEM016,3,40000,120000,
DTL03981,ORD02465,ITEM043,2,27000,54000,
DTL03982,ORD02466,ITEM052,1,56000,56000,
DTL03983,ORD02467,ITEM038,1,39000,39000,
DTL03984,ORD02467,ITEM067,1,63000,63000,less sugar
DTL03985,ORD02468,ITEM001,1,29000,29000,ekstra creamer
DTL03986,ORD02469,ITEM028,1,27000,27000,
DTL03987,ORD02469,ITEM011,1,49000,49000,tanpa susu
DTL03988,ORD02470,ITEM035,1,30000,30000,
DTL03989,ORD02470,ITEM003,1,37000,37000,
DTL03990,ORD02471,ITEM022,2,52000,104000,
DTL03991,ORD02472,ITEM050,1,27000,27000,
DTL03992,ORD02473,ITEM046,1,29000,29000,
DTL03993,ORD02474,ITEM034,1,30000,30000,
DTL03994,ORD02474,ITEM061,1,59000,59000,
DTL03995,ORD02475,ITEM043,1,27000,27000,panas
DTL03996,ORD02475,ITEM017,1,36000,36000,
DTL03997,ORD02476,ITEM029,1,37000,37000,
DTL03998,ORD02477,ITEM066,1,45000,45000,
DTL03999,ORD02478,ITEM013,1,40000,40000,
DTL04000,ORD02479,ITEM011,1,49000,49000,
DTL04001,ORD02479,ITEM056,1,51000,51000,
DTL04002,ORD02479,ITEM030,2,27000,54000,
DTL04003,ORD02480,ITEM044,2,39000,78000,extra shot
DTL04004,ORD02481,ITEM056,1,51000,51000,
DTL04005,ORD02481,ITEM055,2,52000,104000,
DTL04006,ORD02481,ITEM001,2,29000,58000,
DTL04007,ORD02482,ITEM018,3,29000,87000,
DTL04008,ORD02483,ITEM034,1,30000,30000,
DTL04009,ORD02484,ITEM031,3,21000,63000,
DTL04010,ORD02485,ITEM072,2,18000,36000,
DTL04011,ORD02486,ITEM013,1,40000,40000,
DTL04012,ORD02486,ITEM015,1,50000,50000,dingin
DTL04013,ORD02486,ITEM050,1,27000,27000,less ice
DTL04014,ORD02487,ITEM027,1,35000,35000,
DTL04015,ORD02488,ITEM077,1,23000,23000,
DTL04016,ORD02488,ITEM028,1,27000,27000,
DTL04017,ORD02489,ITEM016,1,40000,40000,
DTL04018,ORD02490,ITEM050,1,27000,27000,
DTL04019,ORD02490,ITEM046,1,29000,29000,
DTL04020,ORD02490,ITEM033,1,39000,39000,
DTL04021,ORD02491,ITEM017,1,36000,36000,
DTL04022,ORD02491,ITEM024,1,27000,27000,
DTL04023,ORD02492,ITEM071,1,26000,26000,
DTL04024,ORD02492,ITEM033,1,39000,39000,
DTL04025,ORD02493,ITEM019,1,47000,47000,
DTL04026,ORD02494,ITEM031,1,21000,21000,
DTL04027,ORD02495,ITEM067,1,63000,63000,
DTL04028,ORD02496,ITEM071,1,26000,26000,
DTL04029,ORD02497,ITEM047,1,20000,20000,
DTL04030,ORD02498,ITEM041,1,26000,26000,
DTL04031,ORD02499,ITEM038,1,39000,39000,
DTL04032,ORD02500,ITEM003,1,37000,37000,
DTL04033,ORD02501,ITEM045,1,36000,36000,
DTL04034,ORD02502,ITEM001,1,29000,29000,
DTL04035,ORD02502,ITEM015,2,50000,100000,
DTL04036,ORD02502,ITEM077,1,23000,23000,gula sedikit
DTL04037,ORD02503,ITEM074,2,27000,54000,
DTL04038,ORD02504,ITEM012,2,51000,102000,
DTL04039,ORD02505,ITEM025,1,41000,41000,
DTL04040,ORD02506,ITEM037,1,27000,27000,
DTL04041,ORD02507,ITEM051,1,49000,49000,
DTL04042,ORD02507,ITEM040,1,24000,24000,
DTL04043,ORD02507,ITEM069,1,60000,60000,tambah whip cream
DTL04044,ORD02508,ITEM040,1,24000,24000,
DTL04045,ORD02509,ITEM057,1,72000,72000,tanpa gula
DTL04046,ORD02510,ITEM031,1,21000,21000,
DTL04047,ORD02511,ITEM047,1,20000,20000,
DTL04048,ORD02511,ITEM016,1,40000,40000,
DTL04049,ORD02512,ITEM016,1,40000,40000,
DTL04050,ORD02513,ITEM011,1,49000,49000,
DTL04051,ORD02514,ITEM001,2,29000,58000,
DTL04052,ORD02515,ITEM063,1,67000,67000,
DTL04053,ORD02515,ITEM074,1,27000,27000,
DTL04054,ORD02516,ITEM067,2,63000,126000,extra hot
DTL04055,ORD02516,ITEM049,1,28000,28000,
DTL04056,ORD02517,ITEM013,1,40000,40000,panas
DTL04057,ORD02517,ITEM030,1,27000,27000,
DTL04058,ORD02517,ITEM008,2,36000,72000,
DTL04059,ORD02518,ITEM038,1,39000,39000,less ice
DTL04060,ORD02519,ITEM038,1,39000,39000,
DTL04061,ORD02519,ITEM025,1,41000,41000,
DTL04062,ORD02519,ITEM036,1,25000,25000,
DTL04063,ORD02520,ITEM062,2,44000,88000,
DTL04064,ORD02520,ITEM058,3,52000,156000,
DTL04065,ORD02521,ITEM007,1,24000,24000,
DTL04066,ORD02521,ITEM003,1,37000,37000,
DTL04067,ORD02522,ITEM029,1,37000,37000,
DTL04068,ORD02523,ITEM047,1,20000,20000,
DTL04069,ORD02523,ITEM029,2,37000,74000,
DTL04070,ORD02524,ITEM067,1,63000,63000,
DTL04071,ORD02524,ITEM062,3,44000,132000,dingin
DTL04072,ORD02525,ITEM076,1,28000,28000,
DTL04073,ORD02526,ITEM030,1,27000,27000,
DTL04074,ORD02527,ITEM001,1,29000,29000,
DTL04075,ORD02528,ITEM074,1,27000,27000,extra shot
DTL04076,ORD02529,ITEM038,1,39000,39000,
DTL04077,ORD02529,ITEM042,1,33000,33000,tanpa susu
DTL04078,ORD02530,ITEM009,1,24000,24000,
DTL04079,ORD02530,ITEM052,1,56000,56000,
DTL04080,ORD02531,ITEM035,3,30000,90000,
DTL04081,ORD02532,ITEM009,1,24000,24000,
DTL04082,ORD02533,ITEM006,1,50000,50000,
DTL04083,ORD02533,ITEM031,1,21000,21000,
DTL04084,ORD02533,ITEM028,1,27000,27000,tambah whip cream
DTL04085,ORD02534,ITEM019,3,47000,141000,
DTL04086,ORD02535,ITEM032,1,27000,27000,less sugar
DTL04087,ORD02536,ITEM040,1,24000,24000,
DTL04088,ORD02536,ITEM004,1,29000,29000,
DTL04089,ORD02537,ITEM018,1,29000,29000,
DTL04090,ORD02537,ITEM009,1,24000,24000,
DTL04091,ORD02537,ITEM074,1,27000,27000,
DTL04092,ORD02538,ITEM030,1,27000,27000,
DTL04093,ORD02538,ITEM029,1,37000,37000,
DTL04094,ORD02539,ITEM032,1,27000,27000,
DTL04095,ORD02540,ITEM002,1,40000,40000,
DTL04096,ORD02541,ITEM069,1,60000,60000,gula sedikit
DTL04097,ORD02542,ITEM072,1,18000,18000,
DTL04098,ORD02542,ITEM056,1,51000,51000,
DTL04099,ORD02543,ITEM064,2,38000,76000,panas
DTL04100,ORD02544,ITEM034,1,30000,30000,
DTL04101,ORD02545,ITEM047,1,20000,20000,
DTL04102,ORD02545,ITEM051,1,49000,49000,
DTL04103,ORD02546,ITEM059,1,73000,73000,
DTL04104,ORD02546,ITEM046,1,29000,29000,tanpa gula
DTL04105,ORD02546,ITEM006,1,50000,50000,
DTL04106,ORD02547,ITEM042,2,33000,66000,
DTL04107,ORD02548,ITEM035,2,30000,60000,less sugar
DTL04108,ORD02548,ITEM076,1,28000,28000,
DTL04109,ORD02548,ITEM047,1,20000,20000,
DTL04110,ORD02549,ITEM052,1,56000,56000,
DTL04111,ORD02550,ITEM060,1,73000,73000,tambah whip cream
DTL04112,ORD02550,ITEM067,1,63000,63000,
DTL04113,ORD02551,ITEM019,1,47000,47000,
DTL04114,ORD02552,ITEM015,1,50000,50000,
DTL04115,ORD02553,ITEM060,1,73000,73000,
DTL04116,ORD02553,ITEM071,3,26000,78000,
DTL04117,ORD02554,ITEM061,1,59000,59000,
DTL04118,ORD02554,ITEM069,3,60000,180000,
DTL04119,ORD02555,ITEM044,1,39000,39000,
DTL04120,ORD02556,ITEM071,1,26000,26000,
DTL04121,ORD02556,ITEM038,1,39000,39000,
DTL04122,ORD02557,ITEM074,1,27000,27000,
DTL04123,ORD02557,ITEM022,1,52000,52000,
DTL04124,ORD02558,ITEM043,1,27000,27000,
DTL04125,ORD02558,ITEM037,1,27000,27000,
DTL04126,ORD02559,ITEM069,1,60000,60000,
DTL04127,ORD02560,ITEM004,3,29000,87000,
DTL04128,ORD02561,ITEM010,2,35000,70000,
DTL04129,ORD02562,ITEM037,1,27000,27000,
DTL04130,ORD02563,ITEM025,1,41000,41000,
DTL04131,ORD02564,ITEM019,1,47000,47000,
DTL04132,ORD02565,ITEM046,1,29000,29000,
DTL04133,ORD02565,ITEM041,1,26000,26000,
DTL04134,ORD02566,ITEM018,1,29000,29000,
DTL04135,ORD02567,ITEM030,1,27000,27000,
DTL04136,ORD02568,ITEM027,1,35000,35000,
DTL04137,ORD02568,ITEM075,2,29000,58000,
DTL04138,ORD02568,ITEM076,2,28000,56000,
DTL04139,ORD02569,ITEM044,1,39000,39000,
DTL04140,ORD02569,ITEM018,1,29000,29000,
DTL04141,ORD02570,ITEM062,1,44000,44000,
DTL04142,ORD02571,ITEM018,3,29000,87000,
DTL04143,ORD02572,ITEM044,1,39000,39000,
DTL04144,ORD02572,ITEM056,1,51000,51000,
DTL04145,ORD02572,ITEM003,1,37000,37000,
DTL04146,ORD02573,ITEM063,1,67000,67000,
DTL04147,ORD02574,ITEM019,1,47000,47000,no ice
DTL04148,ORD02575,ITEM035,1,30000,30000,tanpa susu
DTL04149,ORD02576,ITEM037,1,27000,27000,
DTL04150,ORD02577,ITEM053,1,68000,68000,extra shot
DTL04151,ORD02577,ITEM067,1,63000,63000,
DTL04152,ORD02578,ITEM077,1,23000,23000,
DTL04153,ORD02578,ITEM035,1,30000,30000,extra shot
DTL04154,ORD02579,ITEM060,2,73000,146000,
DTL04155,ORD02580,ITEM025,1,41000,41000,
DTL04156,ORD02581,ITEM025,1,41000,41000,
DTL04157,ORD02581,ITEM005,1,28000,28000,
DTL04158,ORD02582,ITEM029,1,37000,37000,
DTL04159,ORD02582,ITEM032,1,27000,27000,panas
DTL04160,ORD02583,ITEM029,1,37000,37000,no ice
DTL04161,ORD02584,ITEM038,3,39000,117000,
DTL04162,ORD02585,ITEM053,1,68000,68000,
DTL04163,ORD02586,ITEM004,1,29000,29000,
DTL04164,ORD02587,ITEM018,1,29000,29000,dingin
DTL04165,ORD02588,ITEM055,1,52000,52000,
DTL04166,ORD02588,ITEM004,1,29000,29000,
DTL04167,ORD02589,ITEM017,1,36000,36000,
DTL04168,ORD02589,ITEM076,3,28000,84000,
DTL04169,ORD02589,ITEM042,1,33000,33000,
DTL04170,ORD02590,ITEM016,1,40000,40000,
DTL04171,ORD02590,ITEM067,1,63000,63000,
DTL04172,ORD02590,ITEM054,2,65000,130000,
DTL04173,ORD02591,ITEM027,3,35000,105000,
DTL04174,ORD02592,ITEM052,1,56000,56000,
DTL04175,ORD02593,ITEM006,1,50000,50000,
DTL04176,ORD02594,ITEM028,1,27000,27000,no ice
DTL04177,ORD02595,ITEM049,1,28000,28000,
DTL04178,ORD02595,ITEM006,2,50000,100000,
DTL04179,ORD02596,ITEM015,1,50000,50000,less ice
DTL04180,ORD02596,ITEM062,1,44000,44000,
DTL04181,ORD02596,ITEM056,1,51000,51000,
DTL04182,ORD02597,ITEM012,1,51000,51000,less ice
DTL04183,ORD02597,ITEM007,1,24000,24000,dingin
DTL04184,ORD02597,ITEM058,2,52000,104000,
DTL04185,ORD02598,ITEM010,3,35000,105000,
DTL04186,ORD02599,ITEM040,1,24000,24000,
DTL04187,ORD02599,ITEM037,1,27000,27000,
DTL04188,ORD02599,ITEM064,1,38000,38000,
DTL04189,ORD02599,ITEM080,1,34000,34000,
DTL04190,ORD02600,ITEM034,1,30000,30000,
DTL04191,ORD02600,ITEM025,1,41000,41000,
DTL04192,ORD02601,ITEM051,1,49000,49000,
DTL04193,ORD02602,ITEM056,1,51000,51000,
DTL04194,ORD02602,ITEM003,1,37000,37000,
DTL04195,ORD02603,ITEM041,1,26000,26000,panas
DTL04196,ORD02604,ITEM064,2,38000,76000,
DTL04197,ORD02605,ITEM042,1,33000,33000,
DTL04198,ORD02606,ITEM046,2,29000,58000,
DTL04199,ORD02607,ITEM067,2,63000,126000,less ice
DTL04200,ORD02607,ITEM063,1,67000,67000,
DTL04201,ORD02607,ITEM029,2,37000,74000,
DTL04202,ORD02608,ITEM073,1,22000,22000,
DTL04203,ORD02608,ITEM046,1,29000,29000,gula sedikit
DTL04204,ORD02609,ITEM040,1,24000,24000,
DTL04205,ORD02610,ITEM004,1,29000,29000,
DTL04206,ORD02611,ITEM040,1,24000,24000,
DTL04207,ORD02611,ITEM052,1,56000,56000,
DTL04208,ORD02611,ITEM061,1,59000,59000,
DTL04209,ORD02612,ITEM035,2,30000,60000,
DTL04210,ORD02612,ITEM011,2,49000,98000,
DTL04211,ORD02613,ITEM069,1,60000,60000,
DTL04212,ORD02613,ITEM063,3,67000,201000,
DTL04213,ORD02613,ITEM057,1,72000,72000,
DTL04214,ORD02614,ITEM008,1,36000,36000,
DTL04215,ORD02615,ITEM042,1,33000,33000,
DTL04216,ORD02616,ITEM078,1,18000,18000,
DTL04217,ORD02616,ITEM068,1,39000,39000,
DTL04218,ORD02617,ITEM005,1,28000,28000,
DTL04219,ORD02618,ITEM036,2,25000,50000,
DTL04220,ORD02618,ITEM003,1,37000,37000,dingin
DTL04221,ORD02619,ITEM019,1,47000,47000,
DTL04222,ORD02620,ITEM076,1,28000,28000,
DTL04223,ORD02621,ITEM050,3,27000,81000,tanpa susu
DTL04224,ORD02621,ITEM052,1,56000,56000,gula sedikit
DTL04225,ORD02622,ITEM009,1,24000,24000,tanpa gula
DTL04226,ORD02622,ITEM068,2,39000,78000,
DTL04227,ORD02623,ITEM062,2,44000,88000,
DTL04228,ORD02624,ITEM063,1,67000,67000,
DTL04229,ORD02625,ITEM007,1,24000,24000,less ice
DTL04230,ORD02625,ITEM012,2,51000,102000,
DTL04231,ORD02625,ITEM001,1,29000,29000,
DTL04232,ORD02626,ITEM018,1,29000,29000,tanpa gula
DTL04233,ORD02627,ITEM041,1,26000,26000,
DTL04234,ORD02627,ITEM061,1,59000,59000,
DTL04235,ORD02628,ITEM043,1,27000,27000,
DTL04236,ORD02629,ITEM047,2,20000,40000,
DTL04237,ORD02629,ITEM077,1,23000,23000,
DTL04238,ORD02630,ITEM033,1,39000,39000,
DTL04239,ORD02631,ITEM040,1,24000,24000,
DTL04240,ORD02632,ITEM036,1,25000,25000,
DTL04241,ORD02632,ITEM050,2,27000,54000,
DTL04242,ORD02633,ITEM009,1,24000,24000,
DTL04243,ORD02634,ITEM029,1,37000,37000,
DTL04244,ORD02634,ITEM057,1,72000,72000,
DTL04245,ORD02634,ITEM060,1,73000,73000,
DTL04246,ORD02635,ITEM013,1,40000,40000,
DTL04247,ORD02636,ITEM050,1,27000,27000,less ice
DTL04248,ORD02637,ITEM034,1,30000,30000,
DTL04249,ORD02637,ITEM066,3,45000,135000,
DTL04250,ORD02637,ITEM016,1,40000,40000,
DTL04251,ORD02638,ITEM029,3,37000,111000,
DTL04252,ORD02639,ITEM030,1,27000,27000,
DTL04253,ORD02639,ITEM058,1,52000,52000,
DTL04254,ORD02640,ITEM001,1,29000,29000,
DTL04255,ORD02640,ITEM008,2,36000,72000,extra hot
DTL04256,ORD02641,ITEM047,1,20000,20000,panas
DTL04257,ORD02641,ITEM071,1,26000,26000,
DTL04258,ORD02641,ITEM015,1,50000,50000,
DTL04259,ORD02642,ITEM069,2,60000,120000,
DTL04260,ORD02642,ITEM066,1,45000,45000,
DTL04261,ORD02643,ITEM061,1,59000,59000,
DTL04262,ORD02644,ITEM009,1,24000,24000,
DTL04263,ORD02644,ITEM050,1,27000,27000,
DTL04264,ORD02644,ITEM044,1,39000,39000,
DTL04265,ORD02645,ITEM053,2,68000,136000,
DTL04266,ORD02645,ITEM054,1,65000,65000,
DTL04267,ORD02646,ITEM076,1,28000,28000,
DTL04268,ORD02646,ITEM038,1,39000,39000,
DTL04269,ORD02647,ITEM031,1,21000,21000,
DTL04270,ORD02647,ITEM067,1,63000,63000,
DTL04271,ORD02648,ITEM006,1,50000,50000,
DTL04272,ORD02648,ITEM080,1,34000,34000,
DTL04273,ORD02649,ITEM030,1,27000,27000,
DTL04274,ORD02650,ITEM040,2,24000,48000,
DTL04275,ORD02650,ITEM004,1,29000,29000,
DTL04276,ORD02650,ITEM067,1,63000,63000,
DTL04277,ORD02651,ITEM004,1,29000,29000,tambah whip cream
DTL04278,ORD02652,ITEM001,1,29000,29000,
DTL04279,ORD02653,ITEM003,1,37000,37000,
DTL04280,ORD02653,ITEM077,1,23000,23000,
DTL04281,ORD02653,ITEM049,1,28000,28000,
DTL04282,ORD02654,ITEM025,1,41000,41000,
DTL04283,ORD02655,ITEM030,1,27000,27000,
DTL04284,ORD02656,ITEM045,1,36000,36000,
DTL04285,ORD02657,ITEM057,1,72000,72000,tanpa susu
DTL04286,ORD02657,ITEM076,3,28000,84000,
DTL04287,ORD02658,ITEM054,3,65000,195000,
DTL04288,ORD02658,ITEM011,1,49000,49000,
DTL04289,ORD02658,ITEM076,1,28000,28000,
DTL04290,ORD02659,ITEM004,1,29000,29000,
DTL04291,ORD02660,ITEM073,1,22000,22000,
DTL04292,ORD02661,ITEM013,1,40000,40000,
DTL04293,ORD02662,ITEM030,1,27000,27000,
DTL04294,ORD02663,ITEM006,1,50000,50000,
DTL04295,ORD02664,ITEM037,1,27000,27000,
DTL04296,ORD02665,ITEM015,1,50000,50000,
DTL04297,ORD02666,ITEM046,1,29000,29000,
DTL04298,ORD02666,ITEM077,2,23000,46000,less ice
DTL04299,ORD02666,ITEM036,1,25000,25000,tanpa gula
DTL04300,ORD02667,ITEM066,1,45000,45000,
DTL04301,ORD02667,ITEM002,1,40000,40000,
DTL04302,ORD02667,ITEM019,1,47000,47000,
DTL04303,ORD02668,ITEM016,1,40000,40000,
DTL04304,ORD02669,ITEM010,1,35000,35000,
DTL04305,ORD02670,ITEM012,1,51000,51000,
DTL04306,ORD02670,ITEM034,1,30000,30000,
DTL04307,ORD02670,ITEM016,1,40000,40000,panas
DTL04308,ORD02671,ITEM016,1,40000,40000,
DTL04309,ORD02672,ITEM074,1,27000,27000,
DTL04310,ORD02673,ITEM011,1,49000,49000,tanpa gula
DTL04311,ORD02673,ITEM071,1,26000,26000,dingin
DTL04312,ORD02674,ITEM051,1,49000,49000,
DTL04313,ORD02675,ITEM066,1,45000,45000,
DTL04314,ORD02675,ITEM008,1,36000,36000,
DTL04315,ORD02675,ITEM035,1,30000,30000,
DTL04316,ORD02676,ITEM035,1,30000,30000,less ice
DTL04317,ORD02676,ITEM049,1,28000,28000,
DTL04318,ORD02676,ITEM001,3,29000,87000,
DTL04319,ORD02677,ITEM054,1,65000,65000,
DTL04320,ORD02678,ITEM006,1,50000,50000,
DTL04321,ORD02679,ITEM069,1,60000,60000,
DTL04322,ORD02679,ITEM010,1,35000,35000,
DTL04323,ORD02679,ITEM012,2,51000,102000,
DTL04324,ORD02680,ITEM066,1,45000,45000,
DTL04325,ORD02680,ITEM004,1,29000,29000,tambah whip cream
DTL04326,ORD02681,ITEM059,1,73000,73000,
DTL04327,ORD02682,ITEM005,1,28000,28000,
DTL04328,ORD02683,ITEM024,1,27000,27000,
DTL04329,ORD02684,ITEM019,1,47000,47000,
DTL04330,ORD02685,ITEM077,1,23000,23000,
DTL04331,ORD02686,ITEM030,1,27000,27000,gula sedikit
DTL04332,ORD02686,ITEM033,1,39000,39000,
DTL04333,ORD02686,ITEM051,1,49000,49000,tanpa susu
DTL04334,ORD02687,ITEM057,1,72000,72000,
DTL04335,ORD02688,ITEM052,1,56000,56000,
DTL04336,ORD02688,ITEM018,1,29000,29000,
DTL04337,ORD02689,ITEM001,1,29000,29000,
DTL04338,ORD02689,ITEM057,1,72000,72000,
DTL04339,ORD02689,ITEM025,1,41000,41000,
DTL04340,ORD02690,ITEM061,1,59000,59000,
DTL04341,ORD02690,ITEM033,1,39000,39000,panas
DTL04342,ORD02690,ITEM059,1,73000,73000,
DTL04343,ORD02690,ITEM027,1,35000,35000,
DTL04344,ORD02691,ITEM068,1,39000,39000,dingin
DTL04345,ORD02692,ITEM045,2,36000,72000,
DTL04346,ORD02692,ITEM028,1,27000,27000,
DTL04347,ORD02693,ITEM028,1,27000,27000,
DTL04348,ORD02693,ITEM038,1,39000,39000,less ice
DTL04349,ORD02694,ITEM073,1,22000,22000,
DTL04350,ORD02695,ITEM010,1,35000,35000,
DTL04351,ORD02696,ITEM027,1,35000,35000,less sugar
DTL04352,ORD02696,ITEM040,1,24000,24000,
DTL04353,ORD02696,ITEM049,1,28000,28000,panas
DTL04354,ORD02697,ITEM010,1,35000,35000,
DTL04355,ORD02697,ITEM041,1,26000,26000,
DTL04356,ORD02697,ITEM061,1,59000,59000,
DTL04357,ORD02697,ITEM002,1,40000,40000,
DTL04358,ORD02698,ITEM005,1,28000,28000,
DTL04359,ORD02698,ITEM057,2,72000,144000,
DTL04360,ORD02699,ITEM030,1,27000,27000,
DTL04361,ORD02700,ITEM075,1,29000,29000,
DTL04362,ORD02700,ITEM035,1,30000,30000,
DTL04363,ORD02701,ITEM056,1,51000,51000,
DTL04364,ORD02702,ITEM042,2,33000,66000,
DTL04365,ORD02703,ITEM009,1,24000,24000,
DTL04366,ORD02703,ITEM053,2,68000,136000,
DTL04367,ORD02703,ITEM055,1,52000,52000,
DTL04368,ORD02704,ITEM074,1,27000,27000,
DTL04369,ORD02704,ITEM027,1,35000,35000,
DTL04370,ORD02705,ITEM013,1,40000,40000,
DTL04371,ORD02706,ITEM036,1,25000,25000,
DTL04372,ORD02707,ITEM002,2,40000,80000,
DTL04373,ORD02708,ITEM012,1,51000,51000,
DTL04374,ORD02708,ITEM008,1,36000,36000,
DTL04375,ORD02709,ITEM052,1,56000,56000,tanpa susu
DTL04376,ORD02709,ITEM044,1,39000,39000,
DTL04377,ORD02709,ITEM008,1,36000,36000,
DTL04378,ORD02710,ITEM066,1,45000,45000,
DTL04379,ORD02711,ITEM024,1,27000,27000,
DTL04380,ORD02711,ITEM050,1,27000,27000,
DTL04381,ORD02712,ITEM049,2,28000,56000,tanpa susu
DTL04382,ORD02712,ITEM027,1,35000,35000,tanpa susu
DTL04383,ORD02713,ITEM038,1,39000,39000,
DTL04384,ORD02714,ITEM008,1,36000,36000,
DTL04385,ORD02715,ITEM047,1,20000,20000,
DTL04386,ORD02716,ITEM043,1,27000,27000,
DTL04387,ORD02717,ITEM032,2,27000,54000,
DTL04388,ORD02717,ITEM040,1,24000,24000,
DTL04389,ORD02718,ITEM030,1,27000,27000,
DTL04390,ORD02718,ITEM033,3,39000,117000,
DTL04391,ORD02718,ITEM074,1,27000,27000,extra hot
DTL04392,ORD02719,ITEM055,1,52000,52000,
DTL04393,ORD02720,ITEM031,1,21000,21000,tambah whip cream
DTL04394,ORD02720,ITEM012,1,51000,51000,
DTL04395,ORD02721,ITEM068,2,39000,78000,
DTL04396,ORD02721,ITEM067,3,63000,189000,
DTL04397,ORD02721,ITEM036,1,25000,25000,
DTL04398,ORD02722,ITEM016,1,40000,40000,
DTL04399,ORD02723,ITEM019,1,47000,47000,
DTL04400,ORD02723,ITEM030,2,27000,54000,
DTL04401,ORD02724,ITEM004,1,29000,29000,
DTL04402,ORD02724,ITEM068,1,39000,39000,
DTL04403,ORD02725,ITEM045,2,36000,72000,
DTL04404,ORD02725,ITEM046,1,29000,29000,extra hot
DTL04405,ORD02726,ITEM007,1,24000,24000,
DTL04406,ORD02727,ITEM035,1,30000,30000,
DTL04407,ORD02728,ITEM078,1,18000,18000,tambah whip cream
DTL04408,ORD02729,ITEM050,1,27000,27000,
DTL04409,ORD02729,ITEM009,1,24000,24000,
DTL04410,ORD02730,ITEM001,1,29000,29000,
DTL04411,ORD02731,ITEM054,1,65000,65000,
DTL04412,ORD02732,ITEM017,1,36000,36000,ekstra creamer
DTL04413,ORD02732,ITEM045,2,36000,72000,
DTL04414,ORD02733,ITEM004,1,29000,29000,
DTL04415,ORD02733,ITEM008,2,36000,72000,
DTL04416,ORD02733,ITEM046,1,29000,29000,
DTL04417,ORD02734,ITEM072,1,18000,18000,
DTL04418,ORD02735,ITEM028,1,27000,27000,
DTL04419,ORD02736,ITEM007,1,24000,24000,
DTL04420,ORD02736,ITEM062,1,44000,44000,
DTL04421,ORD02736,ITEM058,1,52000,52000,
DTL04422,ORD02737,ITEM036,1,25000,25000,
DTL04423,ORD02737,ITEM061,1,59000,59000,
DTL04424,ORD02737,ITEM057,1,72000,72000,
DTL04425,ORD02737,ITEM038,2,39000,78000,
DTL04426,ORD02738,ITEM055,1,52000,52000,
DTL04427,ORD02739,ITEM057,1,72000,72000,
DTL04428,ORD02739,ITEM072,1,18000,18000,
DTL04429,ORD02740,ITEM007,1,24000,24000,
DTL04430,ORD02741,ITEM019,1,47000,47000,less sugar
DTL04431,ORD02741,ITEM071,1,26000,26000,
DTL04432,ORD02741,ITEM043,3,27000,81000,
DTL04433,ORD02742,ITEM054,1,65000,65000,
DTL04434,ORD02742,ITEM052,1,56000,56000,
DTL04435,ORD02743,ITEM067,1,63000,63000,
DTL04436,ORD02744,ITEM005,2,28000,56000,
DTL04437,ORD02744,ITEM033,1,39000,39000,
DTL04438,ORD02745,ITEM049,1,28000,28000,
DTL04439,ORD02746,ITEM080,2,34000,68000,
DTL04440,ORD02746,ITEM001,1,29000,29000,
DTL04441,ORD02746,ITEM062,1,44000,44000,
DTL04442,ORD02747,ITEM013,1,40000,40000,
DTL04443,ORD02747,ITEM025,1,41000,41000,
DTL04444,ORD02748,ITEM045,1,36000,36000,
DTL04445,ORD02748,ITEM071,1,26000,26000,tanpa gula
DTL04446,ORD02748,ITEM028,1,27000,27000,
DTL04447,ORD02749,ITEM042,2,33000,66000,
DTL04448,ORD02749,ITEM004,1,29000,29000,
DTL04449,ORD02750,ITEM066,3,45000,135000,
DTL04450,ORD02751,ITEM074,1,27000,27000,
DTL04451,ORD02752,ITEM010,1,35000,35000,
DTL04452,ORD02752,ITEM074,1,27000,27000,
DTL04453,ORD02753,ITEM068,1,39000,39000,
DTL04454,ORD02754,ITEM019,2,47000,94000,
DTL04455,ORD02754,ITEM075,1,29000,29000,extra hot
DTL04456,ORD02755,ITEM018,1,29000,29000,
DTL04457,ORD02755,ITEM046,1,29000,29000,
DTL04458,ORD02755,ITEM040,1,24000,24000,less ice
DTL04459,ORD02756,ITEM051,1,49000,49000,less sugar
DTL04460,ORD02756,ITEM003,1,37000,37000,
DTL04461,ORD02757,ITEM032,1,27000,27000,
DTL04462,ORD02758,ITEM067,1,63000,63000,
DTL04463,ORD02759,ITEM064,2,38000,76000,gula sedikit
DTL04464,ORD02759,ITEM019,1,47000,47000,
DTL04465,ORD02759,ITEM001,1,29000,29000,extra shot
DTL04466,ORD02759,ITEM004,1,29000,29000,tanpa susu
DTL04467,ORD02760,ITEM034,1,30000,30000,
DTL04468,ORD02760,ITEM044,3,39000,117000,
DTL04469,ORD02761,ITEM049,1,28000,28000,
DTL04470,ORD02762,ITEM037,1,27000,27000,
DTL04471,ORD02763,ITEM036,1,25000,25000,
DTL04472,ORD02764,ITEM013,1,40000,40000,
DTL04473,ORD02765,ITEM005,1,28000,28000,
DTL04474,ORD02765,ITEM049,1,28000,28000,
DTL04475,ORD02765,ITEM076,1,28000,28000,
DTL04476,ORD02766,ITEM076,1,28000,28000,
DTL04477,ORD02767,ITEM059,1,73000,73000,
DTL04478,ORD02768,ITEM056,1,51000,51000,
DTL04479,ORD02768,ITEM073,1,22000,22000,
DTL04480,ORD02768,ITEM009,1,24000,24000,tambah whip cream
DTL04481,ORD02769,ITEM006,1,50000,50000,less sugar
DTL04482,ORD02769,ITEM031,1,21000,21000,
DTL04483,ORD02769,ITEM053,1,68000,68000,
DTL04484,ORD02770,ITEM019,1,47000,47000,
DTL04485,ORD02770,ITEM037,1,27000,27000,extra hot
DTL04486,ORD02771,ITEM010,1,35000,35000,
DTL04487,ORD02771,ITEM031,1,21000,21000,tambah whip cream
DTL04488,ORD02771,ITEM046,1,29000,29000,
DTL04489,ORD02772,ITEM025,1,41000,41000,
DTL04490,ORD02773,ITEM027,2,35000,70000,
DTL04491,ORD02774,ITEM069,1,60000,60000,
DTL04492,ORD02775,ITEM019,2,47000,94000,
DTL04493,ORD02775,ITEM005,1,28000,28000,less ice
DTL04494,ORD02776,ITEM002,1,40000,40000,
DTL04495,ORD02776,ITEM032,1,27000,27000,
DTL04496,ORD02777,ITEM068,1,39000,39000,dingin
DTL04497,ORD02778,ITEM053,1,68000,68000,
DTL04498,ORD02779,ITEM007,2,24000,48000,
DTL04499,ORD02779,ITEM016,1,40000,40000,no ice
DTL04500,ORD02780,ITEM062,1,44000,44000,
DTL04501,ORD02781,ITEM074,1,27000,27000,tanpa susu
DTL04502,ORD02782,ITEM062,1,44000,44000,dingin
DTL04503,ORD02783,ITEM045,1,36000,36000,extra shot
DTL04504,ORD02784,ITEM019,1,47000,47000,
DTL04505,ORD02784,ITEM059,1,73000,73000,
DTL04506,ORD02784,ITEM030,3,27000,81000,ekstra creamer
DTL04507,ORD02785,ITEM075,1,29000,29000,
DTL04508,ORD02785,ITEM056,1,51000,51000,
DTL04509,ORD02786,ITEM069,1,60000,60000,
DTL04510,ORD02786,ITEM064,2,38000,76000,tanpa susu
DTL04511,ORD02786,ITEM029,1,37000,37000,
DTL04512,ORD02786,ITEM060,3,73000,219000,
DTL04513,ORD02787,ITEM036,1,25000,25000,
DTL04514,ORD02788,ITEM078,2,18000,36000,panas
DTL04515,ORD02789,ITEM025,1,41000,41000,
DTL04516,ORD02790,ITEM054,1,65000,65000,
DTL04517,ORD02790,ITEM064,1,38000,38000,
DTL04518,ORD02790,ITEM013,1,40000,40000,
DTL04519,ORD02791,ITEM032,1,27000,27000,
DTL04520,ORD02792,ITEM044,1,39000,39000,gula sedikit
DTL04521,ORD02793,ITEM015,1,50000,50000,
DTL04522,ORD02794,ITEM043,1,27000,27000,
DTL04523,ORD02795,ITEM005,2,28000,56000,
DTL04524,ORD02795,ITEM035,3,30000,90000,
DTL04525,ORD02796,ITEM047,1,20000,20000,
DTL04526,ORD02797,ITEM053,1,68000,68000,
DTL04527,ORD02797,ITEM010,1,35000,35000,
DTL04528,ORD02797,ITEM015,1,50000,50000,extra hot
DTL04529,ORD02798,ITEM015,1,50000,50000,
DTL04530,ORD02798,ITEM064,1,38000,38000,
DTL04531,ORD02799,ITEM072,1,18000,18000,
DTL04532,ORD02800,ITEM042,1,33000,33000,
DTL04533,ORD02800,ITEM024,1,27000,27000,
DTL04534,ORD02800,ITEM033,2,39000,78000,
DTL04535,ORD02801,ITEM004,1,29000,29000,
DTL04536,ORD02802,ITEM051,1,49000,49000,
DTL04537,ORD02803,ITEM009,1,24000,24000,tambah whip cream
DTL04538,ORD02804,ITEM010,1,35000,35000,
DTL04539,ORD02804,ITEM053,3,68000,204000,
DTL04540,ORD02804,ITEM029,1,37000,37000,
DTL04541,ORD02805,ITEM006,2,50000,100000,
DTL04542,ORD02806,ITEM044,1,39000,39000,extra shot
DTL04543,ORD02806,ITEM036,1,25000,25000,
DTL04544,ORD02806,ITEM007,1,24000,24000,
DTL04545,ORD02807,ITEM035,1,30000,30000,
DTL04546,ORD02808,ITEM003,1,37000,37000,
DTL04547,ORD02808,ITEM030,1,27000,27000,
DTL04548,ORD02809,ITEM003,1,37000,37000,
DTL04549,ORD02810,ITEM017,2,36000,72000,
DTL04550,ORD02810,ITEM018,1,29000,29000,
DTL04551,ORD02811,ITEM010,1,35000,35000,
DTL04552,ORD02812,ITEM074,2,27000,54000,
DTL04553,ORD02812,ITEM042,1,33000,33000,panas
DTL04554,ORD02813,ITEM056,1,51000,51000,
DTL04555,ORD02814,ITEM032,1,27000,27000,
DTL04556,ORD02815,ITEM016,1,40000,40000,
DTL04557,ORD02815,ITEM059,1,73000,73000,
DTL04558,ORD02816,ITEM013,1,40000,40000,
DTL04559,ORD02817,ITEM037,1,27000,27000,extra shot
DTL04560,ORD02818,ITEM054,1,65000,65000,
DTL04561,ORD02819,ITEM036,1,25000,25000,
DTL04562,ORD02819,ITEM044,1,39000,39000,
DTL04563,ORD02820,ITEM066,1,45000,45000,
DTL04564,ORD02820,ITEM068,1,39000,39000,
DTL04565,ORD02820,ITEM005,1,28000,28000,
DTL04566,ORD02821,ITEM057,1,72000,72000,gula sedikit
DTL04567,ORD02822,ITEM007,2,24000,48000,
DTL04568,ORD02822,ITEM076,2,28000,56000,
DTL04569,ORD02823,ITEM025,1,41000,41000,
DTL04570,ORD02823,ITEM015,1,50000,50000,
DTL04571,ORD02823,ITEM074,1,27000,27000,
DTL04572,ORD02824,ITEM017,1,36000,36000,less ice
DTL04573,ORD02824,ITEM005,3,28000,84000,extra hot
DTL04574,ORD02825,ITEM009,1,24000,24000,
DTL04575,ORD02826,ITEM009,1,24000,24000,
DTL04576,ORD02826,ITEM059,1,73000,73000,
DTL04577,ORD02826,ITEM004,3,29000,87000,
DTL04578,ORD02827,ITEM032,1,27000,27000,
DTL04579,ORD02827,ITEM017,3,36000,108000,
DTL04580,ORD02827,ITEM077,2,23000,46000,
DTL04581,ORD02828,ITEM041,1,26000,26000,
DTL04582,ORD02829,ITEM006,1,50000,50000,less ice
DTL04583,ORD02830,ITEM050,1,27000,27000,ekstra creamer
DTL04584,ORD02830,ITEM046,1,29000,29000,ekstra creamer
DTL04585,ORD02831,ITEM071,1,26000,26000,
DTL04586,ORD02831,ITEM030,1,27000,27000,
DTL04587,ORD02831,ITEM060,1,73000,73000,
DTL04588,ORD02832,ITEM022,1,52000,52000,
DTL04589,ORD02833,ITEM001,1,29000,29000,ekstra creamer
DTL04590,ORD02833,ITEM015,1,50000,50000,
DTL04591,ORD02834,ITEM060,1,73000,73000,
DTL04592,ORD02834,ITEM058,1,52000,52000,
DTL04593,ORD02834,ITEM073,1,22000,22000,
DTL04594,ORD02835,ITEM002,1,40000,40000,
DTL04595,ORD02835,ITEM060,1,73000,73000,
DTL04596,ORD02835,ITEM044,2,39000,78000,
DTL04597,ORD02836,ITEM027,2,35000,70000,
DTL04598,ORD02837,ITEM046,3,29000,87000,
DTL04599,ORD02838,ITEM006,1,50000,50000,
DTL04600,ORD02839,ITEM029,2,37000,74000,
DTL04601,ORD02839,ITEM058,1,52000,52000,
DTL04602,ORD02840,ITEM063,1,67000,67000,
DTL04603,ORD02840,ITEM057,1,72000,72000,
DTL04604,ORD02841,ITEM060,1,73000,73000,
DTL04605,ORD02841,ITEM042,1,33000,33000,ekstra creamer
DTL04606,ORD02842,ITEM076,1,28000,28000,
DTL04607,ORD02842,ITEM005,1,28000,28000,
DTL04608,ORD02842,ITEM050,2,27000,54000,
DTL04609,ORD02842,ITEM066,2,45000,90000,
DTL04610,ORD02843,ITEM002,3,40000,120000,
DTL04611,ORD02844,ITEM041,1,26000,26000,
DTL04612,ORD02845,ITEM059,1,73000,73000,
DTL04613,ORD02845,ITEM037,1,27000,27000,
DTL04614,ORD02846,ITEM054,2,65000,130000,
DTL04615,ORD02846,ITEM010,2,35000,70000,
DTL04616,ORD02847,ITEM050,1,27000,27000,
DTL04617,ORD02847,ITEM077,1,23000,23000,
DTL04618,ORD02848,ITEM010,1,35000,35000,
DTL04619,ORD02848,ITEM047,2,20000,40000,
DTL04620,ORD02849,ITEM075,1,29000,29000,no ice
DTL04621,ORD02850,ITEM041,1,26000,26000,
DTL04622,ORD02850,ITEM006,2,50000,100000,
DTL04623,ORD02851,ITEM017,2,36000,72000,
DTL04624,ORD02851,ITEM019,1,47000,47000,panas
DTL04625,ORD02852,ITEM050,1,27000,27000,
DTL04626,ORD02852,ITEM075,1,29000,29000,
DTL04627,ORD02852,ITEM006,2,50000,100000,
DTL04628,ORD02853,ITEM034,2,30000,60000,
DTL04629,ORD02853,ITEM051,1,49000,49000,
DTL04630,ORD02853,ITEM076,1,28000,28000,
DTL04631,ORD02853,ITEM063,1,67000,67000,
DTL04632,ORD02854,ITEM044,2,39000,78000,
DTL04633,ORD02854,ITEM063,1,67000,67000,
DTL04634,ORD02854,ITEM066,1,45000,45000,
DTL04635,ORD02855,ITEM041,2,26000,52000,
DTL04636,ORD02855,ITEM075,1,29000,29000,ekstra creamer
DTL04637,ORD02856,ITEM011,1,49000,49000,
DTL04638,ORD02857,ITEM072,2,18000,36000,gula sedikit
DTL04639,ORD02858,ITEM058,1,52000,52000,
DTL04640,ORD02858,ITEM044,1,39000,39000,
DTL04641,ORD02858,ITEM013,1,40000,40000,tanpa gula
DTL04642,ORD02859,ITEM072,2,18000,36000,
DTL04643,ORD02859,ITEM057,2,72000,144000,
DTL04644,ORD02859,ITEM038,1,39000,39000,
DTL04645,ORD02859,ITEM013,2,40000,80000,
DTL04646,ORD02860,ITEM031,2,21000,42000,
DTL04647,ORD02860,ITEM037,1,27000,27000,
DTL04648,ORD02860,ITEM046,2,29000,58000,
DTL04649,ORD02861,ITEM057,1,72000,72000,
DTL04650,ORD02862,ITEM036,1,25000,25000,
DTL04651,ORD02863,ITEM052,1,56000,56000,
DTL04652,ORD02863,ITEM051,1,49000,49000,
DTL04653,ORD02864,ITEM004,1,29000,29000,
DTL04654,ORD02865,ITEM054,1,65000,65000,
DTL04655,ORD02866,ITEM017,1,36000,36000,
DTL04656,ORD02866,ITEM077,1,23000,23000,
DTL04657,ORD02867,ITEM013,1,40000,40000,
DTL04658,ORD02867,ITEM011,1,49000,49000,
DTL04659,ORD02868,ITEM069,1,60000,60000,
DTL04660,ORD02869,ITEM018,1,29000,29000,
DTL04661,ORD02870,ITEM007,3,24000,72000,
DTL04662,ORD02870,ITEM027,1,35000,35000,extra shot
DTL04663,ORD02871,ITEM030,1,27000,27000,
DTL04664,ORD02871,ITEM077,1,23000,23000,
DTL04665,ORD02872,ITEM037,1,27000,27000,
DTL04666,ORD02873,ITEM028,1,27000,27000,
DTL04667,ORD02873,ITEM077,1,23000,23000,
DTL04668,ORD02874,ITEM044,1,39000,39000,
DTL04669,ORD02874,ITEM060,1,73000,73000,
DTL04670,ORD02875,ITEM049,1,28000,28000,
DTL04671,ORD02875,ITEM044,1,39000,39000,
DTL04672,ORD02875,ITEM019,1,47000,47000,
DTL04673,ORD02876,ITEM019,1,47000,47000,
DTL04674,ORD02876,ITEM059,1,73000,73000,
DTL04675,ORD02877,ITEM024,1,27000,27000,
DTL04676,ORD02877,ITEM019,1,47000,47000,
DTL04677,ORD02878,ITEM058,1,52000,52000,
DTL04678,ORD02878,ITEM029,1,37000,37000,
DTL04679,ORD02879,ITEM002,1,40000,40000,
DTL04680,ORD02879,ITEM075,1,29000,29000,
DTL04681,ORD02880,ITEM058,1,52000,52000,
DTL04682,ORD02880,ITEM062,1,44000,44000,
DTL04683,ORD02880,ITEM052,2,56000,112000,tanpa gula
DTL04684,ORD02881,ITEM038,1,39000,39000,
DTL04685,ORD02881,ITEM032,1,27000,27000,
DTL04686,ORD02882,ITEM050,1,27000,27000,
DTL04687,ORD02883,ITEM038,1,39000,39000,
DTL04688,ORD02883,ITEM001,1,29000,29000,
DTL04689,ORD02884,ITEM040,3,24000,72000,
DTL04690,ORD02885,ITEM027,1,35000,35000,
DTL04691,ORD02886,ITEM031,1,21000,21000,tanpa susu
DTL04692,ORD02887,ITEM047,1,20000,20000,
DTL04693,ORD02888,ITEM057,2,72000,144000,
DTL04694,ORD02888,ITEM041,1,26000,26000,extra shot
DTL04695,ORD02889,ITEM036,1,25000,25000,
DTL04696,ORD02889,ITEM015,2,50000,100000,tanpa gula
DTL04697,ORD02890,ITEM051,1,49000,49000,panas
DTL04698,ORD02891,ITEM010,1,35000,35000,
DTL04699,ORD02892,ITEM054,1,65000,65000,panas
DTL04700,ORD02893,ITEM025,1,41000,41000,
DTL04701,ORD02893,ITEM047,1,20000,20000,
DTL04702,ORD02893,ITEM080,1,34000,34000,
DTL04703,ORD02894,ITEM013,1,40000,40000,
DTL04704,ORD02894,ITEM049,3,28000,84000,less sugar
DTL04705,ORD02895,ITEM058,2,52000,104000,
DTL04706,ORD02895,ITEM075,1,29000,29000,
DTL04707,ORD02895,ITEM030,1,27000,27000,
DTL04708,ORD02895,ITEM069,1,60000,60000,
DTL04709,ORD02896,ITEM009,1,24000,24000,
DTL04710,ORD02896,ITEM053,1,68000,68000,
DTL04711,ORD02897,ITEM080,1,34000,34000,extra hot
DTL04712,ORD02897,ITEM049,1,28000,28000,
DTL04713,ORD02897,ITEM072,1,18000,18000,
DTL04714,ORD02898,ITEM015,1,50000,50000,
DTL04715,ORD02898,ITEM055,2,52000,104000,
DTL04716,ORD02899,ITEM060,1,73000,73000,
DTL04717,ORD02900,ITEM007,1,24000,24000,
DTL04718,ORD02900,ITEM077,1,23000,23000,
DTL04719,ORD02900,ITEM080,2,34000,68000,less sugar
DTL04720,ORD02901,ITEM061,1,59000,59000,
DTL04721,ORD02901,ITEM072,1,18000,18000,
DTL04722,ORD02902,ITEM057,1,72000,72000,
DTL04723,ORD02903,ITEM060,1,73000,73000,
DTL04724,ORD02903,ITEM035,2,30000,60000,
DTL04725,ORD02904,ITEM044,1,39000,39000,less ice
DTL04726,ORD02905,ITEM001,1,29000,29000,
DTL04727,ORD02906,ITEM072,3,18000,54000,
DTL04728,ORD02906,ITEM066,1,45000,45000,
DTL04729,ORD02906,ITEM036,1,25000,25000,
DTL04730,ORD02907,ITEM054,1,65000,65000,
DTL04731,ORD02908,ITEM054,1,65000,65000,
DTL04732,ORD02908,ITEM066,1,45000,45000,
DTL04733,ORD02908,ITEM016,1,40000,40000,ekstra creamer
DTL04734,ORD02909,ITEM071,1,26000,26000,
DTL04735,ORD02910,ITEM057,2,72000,144000,
DTL04736,ORD02911,ITEM034,1,30000,30000,
DTL04737,ORD02911,ITEM018,1,29000,29000,
DTL04738,ORD02912,ITEM049,1,28000,28000,
DTL04739,ORD02913,ITEM069,1,60000,60000,
DTL04740,ORD02914,ITEM030,2,27000,54000,
DTL04741,ORD02915,ITEM017,2,36000,72000,
DTL04742,ORD02915,ITEM059,1,73000,73000,
DTL04743,ORD02916,ITEM068,1,39000,39000,
DTL04744,ORD02916,ITEM062,1,44000,44000,
DTL04745,ORD02916,ITEM037,1,27000,27000,
DTL04746,ORD02916,ITEM007,1,24000,24000,
DTL04747,ORD02917,ITEM008,1,36000,36000,
DTL04748,ORD02917,ITEM044,1,39000,39000,
DTL04749,ORD02918,ITEM029,1,37000,37000,
DTL04750,ORD02919,ITEM045,1,36000,36000,
DTL04751,ORD02920,ITEM064,1,38000,38000,
DTL04752,ORD02920,ITEM027,1,35000,35000,
DTL04753,ORD02921,ITEM001,1,29000,29000,
DTL04754,ORD02921,ITEM054,1,65000,65000,
DTL04755,ORD02922,ITEM004,1,29000,29000,
DTL04756,ORD02922,ITEM052,1,56000,56000,
DTL04757,ORD02923,ITEM066,1,45000,45000,
DTL04758,ORD02924,ITEM027,1,35000,35000,
DTL04759,ORD02925,ITEM077,1,23000,23000,
DTL04760,ORD02926,ITEM062,1,44000,44000,
DTL04761,ORD02926,ITEM064,1,38000,38000,
DTL04762,ORD02926,ITEM025,2,41000,82000,
DTL04763,ORD02927,ITEM001,1,29000,29000,
DTL04764,ORD02928,ITEM078,1,18000,18000,
DTL04765,ORD02929,ITEM051,1,49000,49000,
DTL04766,ORD02930,ITEM043,1,27000,27000,
DTL04767,ORD02931,ITEM016,1,40000,40000,
DTL04768,ORD02932,ITEM053,1,68000,68000,dingin
DTL04769,ORD02932,ITEM006,1,50000,50000,
DTL04770,ORD02933,ITEM057,1,72000,72000,
DTL04771,ORD02933,ITEM046,1,29000,29000,gula sedikit
DTL04772,ORD02933,ITEM036,2,25000,50000,gula sedikit
DTL04773,ORD02934,ITEM045,1,36000,36000,no ice
DTL04774,ORD02934,ITEM054,1,65000,65000,
DTL04775,ORD02934,ITEM049,1,28000,28000,
DTL04776,ORD02935,ITEM060,1,73000,73000,
DTL04777,ORD02935,ITEM059,1,73000,73000,
DTL04778,ORD02936,ITEM080,1,34000,34000,
DTL04779,ORD02936,ITEM061,1,59000,59000,
DTL04780,ORD02937,ITEM002,3,40000,120000,
DTL04781,ORD02938,ITEM015,1,50000,50000,
DTL04782,ORD02939,ITEM035,1,30000,30000,panas
DTL04783,ORD02940,ITEM025,2,41000,82000,
DTL04784,ORD02940,ITEM053,1,68000,68000,less ice
DTL04785,ORD02941,ITEM017,2,36000,72000,
DTL04786,ORD02941,ITEM068,1,39000,39000,
DTL04787,ORD02942,ITEM038,1,39000,39000,tanpa gula
DTL04788,ORD02943,ITEM074,1,27000,27000,
DTL04789,ORD02943,ITEM022,3,52000,156000,
DTL04790,ORD02943,ITEM061,1,59000,59000,
DTL04791,ORD02944,ITEM062,1,44000,44000,
DTL04792,ORD02945,ITEM028,2,27000,54000,
DTL04793,ORD02946,ITEM041,1,26000,26000,
DTL04794,ORD02947,ITEM031,1,21000,21000,ekstra creamer
DTL04795,ORD02948,ITEM002,1,40000,40000,
DTL04796,ORD02949,ITEM080,1,34000,34000,
DTL04797,ORD02950,ITEM058,1,52000,52000,
DTL04798,ORD02951,ITEM069,1,60000,60000,
DTL04799,ORD02952,ITEM050,2,27000,54000,
DTL04800,ORD02953,ITEM024,1,27000,27000,
DTL04801,ORD02953,ITEM044,1,39000,39000,
DTL04802,ORD02954,ITEM040,1,24000,24000,
DTL04803,ORD02955,ITEM029,1,37000,37000,
DTL04804,ORD02956,ITEM037,1,27000,27000,tambah whip cream
DTL04805,ORD02957,ITEM015,1,50000,50000,
DTL04806,ORD02958,ITEM054,3,65000,195000,
DTL04807,ORD02959,ITEM040,2,24000,48000,tanpa susu
DTL04808,ORD02960,ITEM053,1,68000,68000,
DTL04809,ORD02960,ITEM008,1,36000,36000,gula sedikit
DTL04810,ORD02961,ITEM051,2,49000,98000,gula sedikit
DTL04811,ORD02961,ITEM015,1,50000,50000,
DTL04812,ORD02961,ITEM022,1,52000,52000,
DTL04813,ORD02962,ITEM073,1,22000,22000,
DTL04814,ORD02962,ITEM003,2,37000,74000,
DTL04815,ORD02963,ITEM078,1,18000,18000,
DTL04816,ORD02964,ITEM031,1,21000,21000,
DTL04817,ORD02965,ITEM024,2,27000,54000,
DTL04818,ORD02965,ITEM004,1,29000,29000,
DTL04819,ORD02966,ITEM075,2,29000,58000,less ice
DTL04820,ORD02967,ITEM050,2,27000,54000,
DTL04821,ORD02968,ITEM016,1,40000,40000,
DTL04822,ORD02969,ITEM074,1,27000,27000,
DTL04823,ORD02969,ITEM078,1,18000,18000,
DTL04824,ORD02970,ITEM033,1,39000,39000,
DTL04825,ORD02970,ITEM059,1,73000,73000,
DTL04826,ORD02971,ITEM073,1,22000,22000,
DTL04827,ORD02972,ITEM010,1,35000,35000,
DTL04828,ORD02973,ITEM040,1,24000,24000,
DTL04829,ORD02973,ITEM003,1,37000,37000,
DTL04830,ORD02974,ITEM057,1,72000,72000,
DTL04831,ORD02974,ITEM007,3,24000,72000,
DTL04832,ORD02975,ITEM024,1,27000,27000,
DTL04833,ORD02976,ITEM038,1,39000,39000,
DTL04834,ORD02977,ITEM064,1,38000,38000,
DTL04835,ORD02978,ITEM036,1,25000,25000,
DTL04836,ORD02978,ITEM054,1,65000,65000,
DTL04837,ORD02979,ITEM062,1,44000,44000,
DTL04838,ORD02980,ITEM006,1,50000,50000,
DTL04839,ORD02981,ITEM073,1,22000,22000,tanpa gula
DTL04840,ORD02981,ITEM052,1,56000,56000,tambah whip cream
DTL04841,ORD02982,ITEM015,1,50000,50000,no ice
DTL04842,ORD02983,ITEM054,2,65000,130000,less ice
DTL04843,ORD02984,ITEM001,1,29000,29000,
DTL04844,ORD02985,ITEM001,1,29000,29000,gula sedikit
DTL04845,ORD02985,ITEM030,3,27000,81000,
DTL04846,ORD02986,ITEM005,1,28000,28000,
DTL04847,ORD02986,ITEM016,1,40000,40000,
DTL04848,ORD02987,ITEM056,1,51000,51000,
DTL04849,ORD02988,ITEM044,1,39000,39000,
DTL04850,ORD02988,ITEM018,2,29000,58000,
DTL04851,ORD02988,ITEM059,3,73000,219000,no ice
DTL04852,ORD02989,ITEM009,2,24000,48000,
DTL04853,ORD02989,ITEM017,2,36000,72000,
DTL04854,ORD02989,ITEM038,2,39000,78000,
DTL04855,ORD02990,ITEM011,2,49000,98000,
DTL04856,ORD02990,ITEM062,1,44000,44000,
DTL04857,ORD02991,ITEM022,1,52000,52000,
DTL04858,ORD02992,ITEM041,1,26000,26000,
DTL04859,ORD02992,ITEM047,1,20000,20000,
DTL04860,ORD02993,ITEM044,1,39000,39000,
DTL04861,ORD02993,ITEM062,1,44000,44000,
DTL04862,ORD02994,ITEM049,1,28000,28000,
DTL04863,ORD02995,ITEM042,1,33000,33000,
DTL04864,ORD02995,ITEM043,1,27000,27000,
DTL04865,ORD02996,ITEM062,1,44000,44000,
DTL04866,ORD02997,ITEM001,1,29000,29000,
DTL04867,ORD02998,ITEM066,1,45000,45000,
DTL04868,ORD02998,ITEM041,1,26000,26000,
DTL04869,ORD02999,ITEM077,1,23000,23000,
DTL04870,ORD03000,ITEM062,2,44000,88000,
DTL04871,ORD03001,ITEM075,1,29000,29000,
DTL04872,ORD03001,ITEM004,1,29000,29000,
DTL04873,ORD03002,ITEM050,1,27000,27000,extra shot
DTL04874,ORD03003,ITEM001,2,29000,58000,
DTL04875,ORD03004,ITEM040,1,24000,24000,
DTL04876,ORD03004,ITEM012,1,51000,51000,
DTL04877,ORD03005,ITEM013,1,40000,40000,
DTL04878,ORD03006,ITEM055,1,52000,52000,
DTL04879,ORD03007,ITEM050,2,27000,54000,
DTL04880,ORD03007,ITEM034,1,30000,30000,
DTL04881,ORD03007,ITEM001,1,29000,29000,
DTL04882,ORD03008,ITEM024,1,27000,27000,
DTL04883,ORD03009,ITEM015,1,50000,50000,
DTL04884,ORD03010,ITEM006,1,50000,50000,
DTL04885,ORD03010,ITEM028,3,27000,81000,
DTL04886,ORD03010,ITEM040,2,24000,48000,
DTL04887,ORD03011,ITEM071,1,26000,26000,less ice
DTL04888,ORD03011,ITEM037,1,27000,27000,
DTL04889,ORD03011,ITEM077,1,23000,23000,
DTL04890,ORD03012,ITEM064,1,38000,38000,
DTL04891,ORD03012,ITEM076,1,28000,28000,no ice
DTL04892,ORD03013,ITEM032,1,27000,27000,
DTL04893,ORD03013,ITEM066,2,45000,90000,
DTL04894,ORD03013,ITEM009,1,24000,24000,
DTL04895,ORD03013,ITEM055,1,52000,52000,
DTL04896,ORD03014,ITEM080,1,34000,34000,
DTL04897,ORD03014,ITEM017,1,36000,36000,
DTL04898,ORD03015,ITEM002,2,40000,80000,
DTL04899,ORD03015,ITEM049,2,28000,56000,
DTL04900,ORD03015,ITEM035,2,30000,60000,tambah whip cream
DTL04901,ORD03016,ITEM035,3,30000,90000,
DTL04902,ORD03016,ITEM076,2,28000,56000,
DTL04903,ORD03017,ITEM034,1,30000,30000,
DTL04904,ORD03017,ITEM068,1,39000,39000,
DTL04905,ORD03018,ITEM073,1,22000,22000,
DTL04906,ORD03018,ITEM008,1,36000,36000,
DTL04907,ORD03019,ITEM050,1,27000,27000,
DTL04908,ORD03019,ITEM051,1,49000,49000,
DTL04909,ORD03019,ITEM034,1,30000,30000,
DTL04910,ORD03019,ITEM004,1,29000,29000,
DTL04911,ORD03020,ITEM013,2,40000,80000,
DTL04912,ORD03021,ITEM058,2,52000,104000,
DTL04913,ORD03021,ITEM029,1,37000,37000,
DTL04914,ORD03022,ITEM050,1,27000,27000,
DTL04915,ORD03022,ITEM019,1,47000,47000,extra hot
DTL04916,ORD03023,ITEM052,1,56000,56000,
DTL04917,ORD03023,ITEM071,1,26000,26000,
DTL04918,ORD03024,ITEM061,2,59000,118000,ekstra creamer
DTL04919,ORD03024,ITEM080,1,34000,34000,
DTL04920,ORD03025,ITEM066,1,45000,45000,
DTL04921,ORD03025,ITEM040,3,24000,72000,
DTL04922,ORD03026,ITEM042,1,33000,33000,
DTL04923,ORD03027,ITEM005,1,28000,28000,gula sedikit
DTL04924,ORD03027,ITEM004,1,29000,29000,tanpa gula
DTL04925,ORD03028,ITEM053,1,68000,68000,less sugar
DTL04926,ORD03028,ITEM046,1,29000,29000,
DTL04927,ORD03028,ITEM076,1,28000,28000,
DTL04928,ORD03029,ITEM064,1,38000,38000,
DTL04929,ORD03029,ITEM052,3,56000,168000,
DTL04930,ORD03029,ITEM027,1,35000,35000,extra hot
DTL04931,ORD03030,ITEM050,1,27000,27000,
DTL04932,ORD03030,ITEM011,1,49000,49000,extra hot
DTL04933,ORD03031,ITEM003,1,37000,37000,
DTL04934,ORD03031,ITEM046,1,29000,29000,no ice
DTL04935,ORD03032,ITEM030,1,27000,27000,
DTL04936,ORD03032,ITEM013,2,40000,80000,
DTL04937,ORD03033,ITEM056,1,51000,51000,
DTL04938,ORD03034,ITEM029,1,37000,37000,
DTL04939,ORD03034,ITEM038,1,39000,39000,
DTL04940,ORD03035,ITEM042,1,33000,33000,
DTL04941,ORD03035,ITEM073,1,22000,22000,no ice
DTL04942,ORD03035,ITEM025,1,41000,41000,
DTL04943,ORD03036,ITEM051,2,49000,98000,dingin
DTL04944,ORD03037,ITEM003,1,37000,37000,
DTL04945,ORD03038,ITEM069,1,60000,60000,
DTL04946,ORD03038,ITEM032,1,27000,27000,
DTL04947,ORD03038,ITEM066,1,45000,45000,
DTL04948,ORD03039,ITEM067,1,63000,63000,
DTL04949,ORD03040,ITEM038,1,39000,39000,
DTL04950,ORD03041,ITEM066,1,45000,45000,
DTL04951,ORD03042,ITEM045,2,36000,72000,
DTL04952,ORD03043,ITEM008,3,36000,108000,
DTL04953,ORD03043,ITEM019,1,47000,47000,
DTL04954,ORD03043,ITEM054,3,65000,195000,
DTL04955,ORD03044,ITEM033,1,39000,39000,dingin
DTL04956,ORD03045,ITEM060,1,73000,73000,
DTL04957,ORD03046,ITEM025,2,41000,82000,
DTL04958,ORD03046,ITEM069,1,60000,60000,
DTL04959,ORD03047,ITEM041,2,26000,52000,
DTL04960,ORD03047,ITEM025,1,41000,41000,
DTL04961,ORD03047,ITEM062,1,44000,44000,
DTL04962,ORD03048,ITEM043,1,27000,27000,tanpa susu
DTL04963,ORD03048,ITEM031,2,21000,42000,
DTL04964,ORD03048,ITEM054,1,65000,65000,
DTL04965,ORD03049,ITEM009,2,24000,48000,
DTL04966,ORD03049,ITEM016,1,40000,40000,gula sedikit
DTL04967,ORD03049,ITEM057,1,72000,72000,
DTL04968,ORD03049,ITEM030,1,27000,27000,
DTL04969,ORD03050,ITEM075,1,29000,29000,
DTL04970,ORD03051,ITEM032,2,27000,54000,
DTL04971,ORD03052,ITEM013,1,40000,40000,
DTL04972,ORD03052,ITEM001,1,29000,29000,
DTL04973,ORD03053,ITEM009,3,24000,72000,
DTL04974,ORD03054,ITEM011,1,49000,49000,
DTL04975,ORD03055,ITEM038,1,39000,39000,dingin
DTL04976,ORD03055,ITEM024,2,27000,54000,
DTL04977,ORD03056,ITEM057,1,72000,72000,
DTL04978,ORD03057,ITEM066,1,45000,45000,
DTL04979,ORD03058,ITEM050,1,27000,27000,
DTL04980,ORD03058,ITEM053,1,68000,68000,
DTL04981,ORD03058,ITEM031,2,21000,42000,
DTL04982,ORD03059,ITEM036,2,25000,50000,
DTL04983,ORD03059,ITEM075,2,29000,58000,no ice
DTL04984,ORD03060,ITEM078,1,18000,18000,
DTL04985,ORD03061,ITEM056,2,51000,102000,
DTL04986,ORD03061,ITEM047,1,20000,20000,
DTL04987,ORD03061,ITEM029,1,37000,37000,
DTL04988,ORD03062,ITEM019,1,47000,47000,
DTL04989,ORD03062,ITEM042,1,33000,33000,extra shot
DTL04990,ORD03063,ITEM011,1,49000,49000,
DTL04991,ORD03064,ITEM034,3,30000,90000,
DTL04992,ORD03065,ITEM042,1,33000,33000,tanpa gula
DTL04993,ORD03065,ITEM030,1,27000,27000,
DTL04994,ORD03066,ITEM036,2,25000,50000,
DTL04995,ORD03067,ITEM010,2,35000,70000,tanpa susu
DTL04996,ORD03068,ITEM050,1,27000,27000,
DTL04997,ORD03069,ITEM006,2,50000,100000,
DTL04998,ORD03070,ITEM047,1,20000,20000,ekstra creamer
DTL04999,ORD03071,ITEM030,1,27000,27000,less ice
DTL05000,ORD03071,ITEM042,3,33000,99000,
DTL05001,ORD03072,ITEM052,1,56000,56000,
DTL05002,ORD03073,ITEM074,1,27000,27000,
DTL05003,ORD03073,ITEM061,1,59000,59000,
DTL05004,ORD03074,ITEM013,1,40000,40000,
DTL05005,ORD03075,ITEM027,1,35000,35000,
DTL05006,ORD03076,ITEM042,1,33000,33000,
DTL05007,ORD03076,ITEM019,1,47000,47000,
DTL05008,ORD03076,ITEM040,1,24000,24000,
DTL05009,ORD03077,ITEM028,1,27000,27000,less ice
DTL05010,ORD03077,ITEM060,1,73000,73000,
DTL05011,ORD03078,ITEM011,1,49000,49000,
DTL05012,ORD03078,ITEM064,1,38000,38000,panas
DTL05013,ORD03079,ITEM068,1,39000,39000,
DTL05014,ORD03079,ITEM058,1,52000,52000,
DTL05015,ORD03080,ITEM067,1,63000,63000,
DTL05016,ORD03080,ITEM052,1,56000,56000,less sugar
DTL05017,ORD03081,ITEM077,1,23000,23000,less ice
DTL05018,ORD03082,ITEM028,1,27000,27000,dingin
DTL05019,ORD03082,ITEM035,1,30000,30000,tanpa susu
DTL05020,ORD03083,ITEM031,1,21000,21000,
DTL05021,ORD03084,ITEM052,2,56000,112000,
DTL05022,ORD03084,ITEM041,1,26000,26000,
DTL05023,ORD03085,ITEM008,1,36000,36000,
DTL05024,ORD03085,ITEM078,1,18000,18000,
DTL05025,ORD03086,ITEM058,1,52000,52000,
DTL05026,ORD03086,ITEM036,1,25000,25000,
DTL05027,ORD03087,ITEM060,1,73000,73000,
DTL05028,ORD03088,ITEM056,1,51000,51000,
DTL05029,ORD03089,ITEM003,1,37000,37000,
DTL05030,ORD03089,ITEM057,1,72000,72000,
DTL05031,ORD03090,ITEM017,1,36000,36000,
DTL05032,ORD03090,ITEM008,1,36000,36000,
DTL05033,ORD03090,ITEM007,1,24000,24000,panas
DTL05034,ORD03091,ITEM061,1,59000,59000,
DTL05035,ORD03091,ITEM001,2,29000,58000,
DTL05036,ORD03092,ITEM001,1,29000,29000,less sugar
DTL05037,ORD03092,ITEM043,1,27000,27000,ekstra creamer
DTL05038,ORD03093,ITEM067,1,63000,63000,
DTL05039,ORD03094,ITEM080,1,34000,34000,
DTL05040,ORD03094,ITEM049,2,28000,56000,
DTL05041,ORD03094,ITEM072,1,18000,18000,
DTL05042,ORD03095,ITEM052,1,56000,56000,
DTL05043,ORD03096,ITEM050,1,27000,27000,
DTL05044,ORD03097,ITEM017,3,36000,108000,
DTL05045,ORD03097,ITEM032,1,27000,27000,gula sedikit
DTL05046,ORD03098,ITEM001,1,29000,29000,
DTL05047,ORD03099,ITEM033,1,39000,39000,
DTL05048,ORD03099,ITEM024,1,27000,27000,
DTL05049,ORD03099,ITEM069,1,60000,60000,dingin
DTL05050,ORD03100,ITEM028,1,27000,27000,
DTL05051,ORD03100,ITEM032,1,27000,27000,
DTL05052,ORD03101,ITEM045,1,36000,36000,
DTL05053,ORD03102,ITEM030,1,27000,27000,
DTL05054,ORD03103,ITEM042,3,33000,99000,
DTL05055,ORD03103,ITEM055,1,52000,52000,
DTL05056,ORD03104,ITEM015,1,50000,50000,
DTL05057,ORD03104,ITEM078,1,18000,18000,
DTL05058,ORD03105,ITEM032,2,27000,54000,
DTL05059,ORD03105,ITEM036,1,25000,25000,
DTL05060,ORD03106,ITEM024,1,27000,27000,
DTL05061,ORD03106,ITEM073,1,22000,22000,
DTL05062,ORD03107,ITEM057,1,72000,72000,
DTL05063,ORD03107,ITEM006,1,50000,50000,
DTL05064,ORD03108,ITEM077,3,23000,69000,
DTL05065,ORD03109,ITEM073,1,22000,22000,
DTL05066,ORD03110,ITEM060,1,73000,73000,
DTL05067,ORD03110,ITEM030,3,27000,81000,
DTL05068,ORD03111,ITEM074,2,27000,54000,
DTL05069,ORD03111,ITEM077,1,23000,23000,
DTL05070,ORD03111,ITEM009,2,24000,48000,
DTL05071,ORD03112,ITEM019,1,47000,47000,
DTL05072,ORD03112,ITEM025,1,41000,41000,
DTL05073,ORD03113,ITEM001,2,29000,58000,
DTL05074,ORD03113,ITEM080,1,34000,34000,
DTL05075,ORD03114,ITEM061,2,59000,118000,
DTL05076,ORD03115,ITEM009,1,24000,24000,
DTL05077,ORD03116,ITEM069,1,60000,60000,
DTL05078,ORD03116,ITEM045,1,36000,36000,
DTL05079,ORD03116,ITEM034,1,30000,30000,
DTL05080,ORD03117,ITEM077,1,23000,23000,tanpa gula
DTL05081,ORD03117,ITEM073,1,22000,22000,
DTL05082,ORD03117,ITEM003,1,37000,37000,
DTL05083,ORD03118,ITEM051,3,49000,147000,
DTL05084,ORD03118,ITEM057,1,72000,72000,
DTL05085,ORD03119,ITEM005,1,28000,28000,
DTL05086,ORD03119,ITEM053,1,68000,68000,
DTL05087,ORD03120,ITEM016,1,40000,40000,
DTL05088,ORD03120,ITEM050,1,27000,27000,
DTL05089,ORD03120,ITEM064,1,38000,38000,
DTL05090,ORD03121,ITEM050,1,27000,27000,
DTL05091,ORD03122,ITEM041,1,26000,26000,
DTL05092,ORD03123,ITEM035,1,30000,30000,
DTL05093,ORD03123,ITEM060,3,73000,219000,
DTL05094,ORD03124,ITEM074,1,27000,27000,
DTL05095,ORD03125,ITEM007,1,24000,24000,
DTL05096,ORD03126,ITEM035,1,30000,30000,
DTL05097,ORD03127,ITEM005,1,28000,28000,
DTL05098,ORD03127,ITEM063,1,67000,67000,less sugar
DTL05099,ORD03127,ITEM010,1,35000,35000,
DTL05100,ORD03128,ITEM013,1,40000,40000,
DTL05101,ORD03129,ITEM001,1,29000,29000,
DTL05102,ORD03129,ITEM047,1,20000,20000,
DTL05103,ORD03130,ITEM058,1,52000,52000,
DTL05104,ORD03131,ITEM059,2,73000,146000,
DTL05105,ORD03131,ITEM009,1,24000,24000,
DTL05106,ORD03132,ITEM067,3,63000,189000,dingin
DTL05107,ORD03133,ITEM053,3,68000,204000,
DTL05108,ORD03133,ITEM008,2,36000,72000,
DTL05109,ORD03133,ITEM047,1,20000,20000,
DTL05110,ORD03134,ITEM078,1,18000,18000,
DTL05111,ORD03134,ITEM073,2,22000,44000,
DTL05112,ORD03135,ITEM025,1,41000,41000,
DTL05113,ORD03135,ITEM077,2,23000,46000,
DTL05114,ORD03135,ITEM027,2,35000,70000,
DTL05115,ORD03136,ITEM043,1,27000,27000,
DTL05116,ORD03137,ITEM043,1,27000,27000,less ice
DTL05117,ORD03137,ITEM007,2,24000,48000,
DTL05118,ORD03138,ITEM044,1,39000,39000,
DTL05119,ORD03138,ITEM015,1,50000,50000,gula sedikit
DTL05120,ORD03139,ITEM027,1,35000,35000,
DTL05121,ORD03139,ITEM037,1,27000,27000,
DTL05122,ORD03140,ITEM010,1,35000,35000,
DTL05123,ORD03141,ITEM052,2,56000,112000,
DTL05124,ORD03142,ITEM068,1,39000,39000,
DTL05125,ORD03143,ITEM044,1,39000,39000,
DTL05126,ORD03143,ITEM036,1,25000,25000,
DTL05127,ORD03144,ITEM010,1,35000,35000,
DTL05128,ORD03145,ITEM073,3,22000,66000,
DTL05129,ORD03146,ITEM055,2,52000,104000,
DTL05130,ORD03147,ITEM031,1,21000,21000,
DTL05131,ORD03147,ITEM018,1,29000,29000,
DTL05132,ORD03148,ITEM076,1,28000,28000,
DTL05133,ORD03149,ITEM015,2,50000,100000,
DTL05134,ORD03150,ITEM054,1,65000,65000,
DTL05135,ORD03150,ITEM066,1,45000,45000,
DTL05136,ORD03150,ITEM024,1,27000,27000,no ice
DTL05137,ORD03150,ITEM077,1,23000,23000,
DTL05138,ORD03151,ITEM054,1,65000,65000,
DTL05139,ORD03151,ITEM050,3,27000,81000,
DTL05140,ORD03151,ITEM034,2,30000,60000,
DTL05141,ORD03152,ITEM013,1,40000,40000,
DTL05142,ORD03152,ITEM068,1,39000,39000,
DTL05143,ORD03153,ITEM076,1,28000,28000,
DTL05144,ORD03154,ITEM007,2,24000,48000,
DTL05145,ORD03155,ITEM032,1,27000,27000,
DTL05146,ORD03155,ITEM027,1,35000,35000,
DTL05147,ORD03155,ITEM068,1,39000,39000,
DTL05148,ORD03155,ITEM073,1,22000,22000,
DTL05149,ORD03156,ITEM019,2,47000,94000,
DTL05150,ORD03157,ITEM041,1,26000,26000,
DTL05151,ORD03157,ITEM016,1,40000,40000,
DTL05152,ORD03158,ITEM066,2,45000,90000,
DTL05153,ORD03158,ITEM010,2,35000,70000,
DTL05154,ORD03159,ITEM024,1,27000,27000,
DTL05155,ORD03159,ITEM052,1,56000,56000,
DTL05156,ORD03159,ITEM012,1,51000,51000,
DTL05157,ORD03160,ITEM010,1,35000,35000,
DTL05158,ORD03161,ITEM041,3,26000,78000,
DTL05159,ORD03162,ITEM061,2,59000,118000,
DTL05160,ORD03163,ITEM045,1,36000,36000,
DTL05161,ORD03164,ITEM007,1,24000,24000,
DTL05162,ORD03165,ITEM056,1,51000,51000,
DTL05163,ORD03165,ITEM050,1,27000,27000,
DTL05164,ORD03166,ITEM077,1,23000,23000,
DTL05165,ORD03166,ITEM009,2,24000,48000,
DTL05166,ORD03166,ITEM061,1,59000,59000,
DTL05167,ORD03167,ITEM034,2,30000,60000,
DTL05168,ORD03167,ITEM063,1,67000,67000,
DTL05169,ORD03168,ITEM031,1,21000,21000,extra hot
DTL05170,ORD03168,ITEM015,1,50000,50000,
DTL05171,ORD03169,ITEM075,1,29000,29000,
DTL05172,ORD03170,ITEM024,1,27000,27000,
DTL05173,ORD03170,ITEM038,3,39000,117000,
DTL05174,ORD03170,ITEM033,1,39000,39000,
DTL05175,ORD03171,ITEM064,2,38000,76000,
DTL05176,ORD03171,ITEM009,2,24000,48000,
DTL05177,ORD03172,ITEM012,1,51000,51000,
DTL05178,ORD03172,ITEM009,1,24000,24000,
DTL05179,ORD03172,ITEM049,1,28000,28000,
DTL05180,ORD03173,ITEM061,1,59000,59000,
DTL05181,ORD03174,ITEM069,1,60000,60000,
DTL05182,ORD03174,ITEM078,2,18000,36000,
DTL05183,ORD03175,ITEM004,2,29000,58000,
DTL05184,ORD03175,ITEM042,1,33000,33000,
DTL05185,ORD03176,ITEM034,1,30000,30000,less ice
DTL05186,ORD03177,ITEM074,2,27000,54000,
DTL05187,ORD03178,ITEM062,2,44000,88000,
DTL05188,ORD03179,ITEM069,1,60000,60000,tanpa gula
DTL05189,ORD03180,ITEM049,1,28000,28000,
DTL05190,ORD03181,ITEM012,1,51000,51000,
DTL05191,ORD03181,ITEM066,1,45000,45000,
DTL05192,ORD03181,ITEM052,1,56000,56000,
DTL05193,ORD03182,ITEM029,1,37000,37000,
DTL05194,ORD03182,ITEM054,1,65000,65000,extra hot
DTL05195,ORD03182,ITEM010,1,35000,35000,
DTL05196,ORD03183,ITEM046,2,29000,58000,
DTL05197,ORD03184,ITEM042,1,33000,33000,
DTL05198,ORD03185,ITEM042,1,33000,33000,
DTL05199,ORD03186,ITEM032,1,27000,27000,
DTL05200,ORD03187,ITEM034,1,30000,30000,
DTL05201,ORD03187,ITEM022,1,52000,52000,
DTL05202,ORD03188,ITEM034,1,30000,30000,
DTL05203,ORD03189,ITEM044,1,39000,39000,tambah whip cream
DTL05204,ORD03190,ITEM030,2,27000,54000,
DTL05205,ORD03191,ITEM056,1,51000,51000,
DTL05206,ORD03191,ITEM003,1,37000,37000,
DTL05207,ORD03192,ITEM055,1,52000,52000,gula sedikit
DTL05208,ORD03192,ITEM003,2,37000,74000,
DTL05209,ORD03192,ITEM009,3,24000,72000,
DTL05210,ORD03192,ITEM011,1,49000,49000,
DTL05211,ORD03193,ITEM061,1,59000,59000,
DTL05212,ORD03193,ITEM033,3,39000,117000,tanpa susu
DTL05213,ORD03194,ITEM080,2,34000,68000,
DTL05214,ORD03195,ITEM054,2,65000,130000,
DTL05215,ORD03196,ITEM024,1,27000,27000,panas
DTL05216,ORD03196,ITEM027,1,35000,35000,
DTL05217,ORD03196,ITEM002,2,40000,80000,
DTL05218,ORD03197,ITEM056,1,51000,51000,
DTL05219,ORD03198,ITEM024,1,27000,27000,
DTL05220,ORD03199,ITEM055,1,52000,52000,
DTL05221,ORD03200,ITEM061,1,59000,59000,
DTL05222,ORD03200,ITEM028,1,27000,27000,
DTL05223,ORD03201,ITEM001,1,29000,29000,
DTL05224,ORD03201,ITEM075,1,29000,29000,
DTL05225,ORD03202,ITEM032,1,27000,27000,tambah whip cream
DTL05226,ORD03202,ITEM059,1,73000,73000,
DTL05227,ORD03202,ITEM004,3,29000,87000,
DTL05228,ORD03203,ITEM028,2,27000,54000,
DTL05229,ORD03203,ITEM063,1,67000,67000,
DTL05230,ORD03204,ITEM074,2,27000,54000,
DTL05231,ORD03204,ITEM008,2,36000,72000,
DTL05232,ORD03205,ITEM017,1,36000,36000,no ice
DTL05233,ORD03206,ITEM025,3,41000,123000,
DTL05234,ORD03207,ITEM072,1,18000,18000,
DTL05235,ORD03208,ITEM012,2,51000,102000,
DTL05236,ORD03209,ITEM067,1,63000,63000,
DTL05237,ORD03210,ITEM009,1,24000,24000,
DTL05238,ORD03210,ITEM067,1,63000,63000,
DTL05239,ORD03210,ITEM029,1,37000,37000,
DTL05240,ORD03210,ITEM049,1,28000,28000,
DTL05241,ORD03211,ITEM010,2,35000,70000,
DTL05242,ORD03212,ITEM072,1,18000,18000,
DTL05243,ORD03213,ITEM032,1,27000,27000,tanpa gula
DTL05244,ORD03213,ITEM052,1,56000,56000,ekstra creamer
DTL05245,ORD03214,ITEM072,2,18000,36000,
DTL05246,ORD03214,ITEM037,1,27000,27000,
DTL05247,ORD03214,ITEM005,1,28000,28000,
DTL05248,ORD03215,ITEM071,1,26000,26000,
DTL05249,ORD03215,ITEM046,1,29000,29000,
DTL05250,ORD03215,ITEM012,1,51000,51000,
DTL05251,ORD03215,ITEM031,1,21000,21000,
DTL05252,ORD03216,ITEM003,1,37000,37000,
DTL05253,ORD03216,ITEM002,1,40000,40000,
DTL05254,ORD03216,ITEM004,1,29000,29000,
DTL05255,ORD03217,ITEM003,1,37000,37000,tanpa gula
DTL05256,ORD03217,ITEM034,2,30000,60000,
DTL05257,ORD03217,ITEM038,1,39000,39000,
DTL05258,ORD03218,ITEM003,1,37000,37000,
DTL05259,ORD03219,ITEM003,2,37000,74000,
DTL05260,ORD03220,ITEM068,1,39000,39000,
DTL05261,ORD03221,ITEM043,1,27000,27000,
DTL05262,ORD03221,ITEM031,1,21000,21000,
DTL05263,ORD03222,ITEM004,2,29000,58000,
DTL05264,ORD03223,ITEM069,1,60000,60000,
DTL05265,ORD03223,ITEM016,1,40000,40000,
DTL05266,ORD03224,ITEM007,3,24000,72000,
DTL05267,ORD03224,ITEM022,1,52000,52000,
DTL05268,ORD03224,ITEM003,3,37000,111000,
DTL05269,ORD03225,ITEM004,1,29000,29000,dingin
DTL05270,ORD03226,ITEM024,2,27000,54000,
DTL05271,ORD03227,ITEM050,1,27000,27000,gula sedikit
DTL05272,ORD03228,ITEM052,1,56000,56000,
DTL05273,ORD03229,ITEM041,1,26000,26000,
DTL05274,ORD03230,ITEM015,1,50000,50000,tambah whip cream
DTL05275,ORD03230,ITEM004,1,29000,29000,
DTL05276,ORD03231,ITEM060,2,73000,146000,extra hot
DTL05277,ORD03232,ITEM053,1,68000,68000,
DTL05278,ORD03233,ITEM075,1,29000,29000,
DTL05279,ORD03233,ITEM063,1,67000,67000,
DTL05280,ORD03233,ITEM017,1,36000,36000,
DTL05281,ORD03234,ITEM017,1,36000,36000,tanpa susu
DTL05282,ORD03235,ITEM051,3,49000,147000,
DTL05283,ORD03235,ITEM030,2,27000,54000,
DTL05284,ORD03235,ITEM002,1,40000,40000,
DTL05285,ORD03236,ITEM059,1,73000,73000,
DTL05286,ORD03237,ITEM067,3,63000,189000,
DTL05287,ORD03237,ITEM005,2,28000,56000,
DTL05288,ORD03237,ITEM053,2,68000,136000,
DTL05289,ORD03238,ITEM069,1,60000,60000,
DTL05290,ORD03238,ITEM032,1,27000,27000,
DTL05291,ORD03239,ITEM056,1,51000,51000,
DTL05292,ORD03240,ITEM011,1,49000,49000,
DTL05293,ORD03240,ITEM006,1,50000,50000,
DTL05294,ORD03241,ITEM035,1,30000,30000,
DTL05295,ORD03242,ITEM053,2,68000,136000,
DTL05296,ORD03243,ITEM064,1,38000,38000,
DTL05297,ORD03243,ITEM038,1,39000,39000,
DTL05298,ORD03244,ITEM071,1,26000,26000,
DTL05299,ORD03244,ITEM017,1,36000,36000,
DTL05300,ORD03244,ITEM063,3,67000,201000,
DTL05301,ORD03245,ITEM046,1,29000,29000,tanpa gula
DTL05302,ORD03245,ITEM017,1,36000,36000,
DTL05303,ORD03246,ITEM049,1,28000,28000,
DTL05304,ORD03247,ITEM030,1,27000,27000,
DTL05305,ORD03248,ITEM007,2,24000,48000,
DTL05306,ORD03249,ITEM059,2,73000,146000,
DTL05307,ORD03250,ITEM080,1,34000,34000,
DTL05308,ORD03250,ITEM067,1,63000,63000,
DTL05309,ORD03250,ITEM033,1,39000,39000,
DTL05310,ORD03251,ITEM001,1,29000,29000,
DTL05311,ORD03252,ITEM072,1,18000,18000,
DTL05312,ORD03253,ITEM069,1,60000,60000,
DTL05313,ORD03253,ITEM018,1,29000,29000,
DTL05314,ORD03253,ITEM025,1,41000,41000,
DTL05315,ORD03254,ITEM012,1,51000,51000,
DTL05316,ORD03254,ITEM031,1,21000,21000,
DTL05317,ORD03254,ITEM058,1,52000,52000,less ice
DTL05318,ORD03255,ITEM060,2,73000,146000,
DTL05319,ORD03256,ITEM078,1,18000,18000,
DTL05320,ORD03257,ITEM008,3,36000,108000,
DTL05321,ORD03257,ITEM024,1,27000,27000,
DTL05322,ORD03258,ITEM061,1,59000,59000,
DTL05323,ORD03258,ITEM076,3,28000,84000,
DTL05324,ORD03259,ITEM025,1,41000,41000,
DTL05325,ORD03260,ITEM011,1,49000,49000,extra shot
DTL05326,ORD03261,ITEM018,1,29000,29000,
DTL05327,ORD03261,ITEM043,1,27000,27000,
DTL05328,ORD03262,ITEM067,1,63000,63000,
DTL05329,ORD03262,ITEM060,1,73000,73000,
DTL05330,ORD03263,ITEM069,1,60000,60000,
DTL05331,ORD03264,ITEM055,1,52000,52000,
DTL05332,ORD03265,ITEM054,3,65000,195000,
DTL05333,ORD03265,ITEM019,1,47000,47000,
DTL05334,ORD03265,ITEM042,1,33000,33000,
DTL05335,ORD03266,ITEM056,1,51000,51000,
DTL05336,ORD03266,ITEM005,1,28000,28000,
DTL05337,ORD03266,ITEM043,2,27000,54000,
DTL05338,ORD03267,ITEM080,2,34000,68000,
DTL05339,ORD03267,ITEM010,1,35000,35000,less ice
DTL05340,ORD03268,ITEM072,1,18000,18000,
DTL05341,ORD03269,ITEM002,1,40000,40000,
DTL05342,ORD03269,ITEM077,2,23000,46000,
DTL05343,ORD03269,ITEM060,3,73000,219000,ekstra creamer
DTL05344,ORD03270,ITEM069,1,60000,60000,
DTL05345,ORD03271,ITEM069,1,60000,60000,
DTL05346,ORD03272,ITEM058,2,52000,104000,
DTL05347,ORD03272,ITEM008,1,36000,36000,
DTL05348,ORD03273,ITEM016,1,40000,40000,
DTL05349,ORD03273,ITEM060,1,73000,73000,
DTL05350,ORD03273,ITEM009,1,24000,24000,
DTL05351,ORD03274,ITEM044,1,39000,39000,
DTL05352,ORD03275,ITEM057,1,72000,72000,extra hot
DTL05353,ORD03275,ITEM030,1,27000,27000,
DTL05354,ORD03276,ITEM056,1,51000,51000,
DTL05355,ORD03276,ITEM007,2,24000,48000,
DTL05356,ORD03277,ITEM003,1,37000,37000,dingin
DTL05357,ORD03278,ITEM036,2,25000,50000,
DTL05358,ORD03278,ITEM066,1,45000,45000,
DTL05359,ORD03278,ITEM008,2,36000,72000,
DTL05360,ORD03279,ITEM049,2,28000,56000,
DTL05361,ORD03279,ITEM050,1,27000,27000,
DTL05362,ORD03279,ITEM064,2,38000,76000,
DTL05363,ORD03279,ITEM004,1,29000,29000,less sugar
DTL05364,ORD03280,ITEM055,3,52000,156000,
DTL05365,ORD03280,ITEM015,1,50000,50000,
DTL05366,ORD03281,ITEM018,2,29000,58000,
DTL05367,ORD03281,ITEM041,1,26000,26000,
DTL05368,ORD03282,ITEM046,1,29000,29000,
DTL05369,ORD03282,ITEM050,1,27000,27000,
DTL05370,ORD03283,ITEM042,3,33000,99000,
DTL05371,ORD03284,ITEM058,1,52000,52000,
DTL05372,ORD03284,ITEM002,2,40000,80000,dingin
DTL05373,ORD03284,ITEM076,1,28000,28000,
DTL05374,ORD03284,ITEM071,1,26000,26000,
DTL05375,ORD03285,ITEM007,1,24000,24000,
DTL05376,ORD03286,ITEM067,2,63000,126000,
DTL05377,ORD03287,ITEM038,1,39000,39000,
DTL05378,ORD03288,ITEM016,1,40000,40000,
DTL05379,ORD03289,ITEM030,1,27000,27000,
DTL05380,ORD03290,ITEM058,1,52000,52000,less ice
DTL05381,ORD03290,ITEM037,1,27000,27000,
DTL05382,ORD03291,ITEM078,1,18000,18000,
DTL05383,ORD03292,ITEM004,1,29000,29000,
DTL05384,ORD03293,ITEM037,2,27000,54000,gula sedikit
DTL05385,ORD03294,ITEM005,2,28000,56000,
DTL05386,ORD03294,ITEM010,2,35000,70000,extra shot
DTL05387,ORD03294,ITEM028,1,27000,27000,gula sedikit
DTL05388,ORD03295,ITEM077,1,23000,23000,
DTL05389,ORD03296,ITEM045,1,36000,36000,
DTL05390,ORD03297,ITEM076,1,28000,28000,
DTL05391,ORD03298,ITEM050,1,27000,27000,
DTL05392,ORD03299,ITEM011,2,49000,98000,
DTL05393,ORD03299,ITEM061,2,59000,118000,
DTL05394,ORD03299,ITEM028,1,27000,27000,
DTL05395,ORD03300,ITEM029,2,37000,74000,
DTL05396,ORD03300,ITEM060,1,73000,73000,
DTL05397,ORD03300,ITEM055,1,52000,52000,dingin
DTL05398,ORD03301,ITEM060,1,73000,73000,
DTL05399,ORD03302,ITEM075,2,29000,58000,
DTL05400,ORD03303,ITEM063,1,67000,67000,gula sedikit
DTL05401,ORD03304,ITEM067,1,63000,63000,
DTL05402,ORD03305,ITEM047,1,20000,20000,
DTL05403,ORD03305,ITEM003,3,37000,111000,
DTL05404,ORD03305,ITEM055,1,52000,52000,
DTL05405,ORD03306,ITEM063,1,67000,67000,
DTL05406,ORD03307,ITEM047,1,20000,20000,
DTL05407,ORD03308,ITEM049,1,28000,28000,
DTL05408,ORD03309,ITEM002,2,40000,80000,
DTL05409,ORD03310,ITEM032,1,27000,27000,
DTL05410,ORD03310,ITEM029,1,37000,37000,
DTL05411,ORD03311,ITEM074,1,27000,27000,
DTL05412,ORD03311,ITEM045,1,36000,36000,
DTL05413,ORD03312,ITEM004,1,29000,29000,
DTL05414,ORD03313,ITEM077,1,23000,23000,
DTL05415,ORD03313,ITEM002,1,40000,40000,
DTL05416,ORD03314,ITEM076,1,28000,28000,
DTL05417,ORD03314,ITEM044,1,39000,39000,
DTL05418,ORD03315,ITEM068,1,39000,39000,
DTL05419,ORD03316,ITEM050,1,27000,27000,
DTL05420,ORD03317,ITEM007,2,24000,48000,panas
DTL05421,ORD03318,ITEM027,1,35000,35000,
DTL05422,ORD03319,ITEM080,1,34000,34000,
DTL05423,ORD03320,ITEM010,2,35000,70000,no ice
DTL05424,ORD03320,ITEM058,3,52000,156000,
DTL05425,ORD03320,ITEM038,1,39000,39000,
DTL05426,ORD03321,ITEM051,1,49000,49000,
DTL05427,ORD03322,ITEM001,1,29000,29000,
DTL05428,ORD03323,ITEM057,2,72000,144000,
DTL05429,ORD03324,ITEM036,1,25000,25000,
DTL05430,ORD03324,ITEM013,2,40000,80000,
DTL05431,ORD03324,ITEM058,2,52000,104000,
DTL05432,ORD03325,ITEM036,1,25000,25000,
DTL05433,ORD03326,ITEM004,1,29000,29000,
DTL05434,ORD03327,ITEM062,1,44000,44000,
DTL05435,ORD03328,ITEM068,2,39000,78000,
DTL05436,ORD03329,ITEM033,1,39000,39000,
DTL05437,ORD03329,ITEM071,2,26000,52000,
DTL05438,ORD03330,ITEM004,1,29000,29000,
DTL05439,ORD03330,ITEM040,2,24000,48000,
DTL05440,ORD03330,ITEM080,1,34000,34000,less ice
DTL05441,ORD03331,ITEM044,1,39000,39000,
DTL05442,ORD03332,ITEM030,2,27000,54000,
DTL05443,ORD03333,ITEM007,1,24000,24000,
DTL05444,ORD03334,ITEM011,1,49000,49000,
DTL05445,ORD03335,ITEM068,1,39000,39000,
DTL05446,ORD03335,ITEM071,1,26000,26000,
DTL05447,ORD03336,ITEM035,1,30000,30000,
DTL05448,ORD03336,ITEM055,1,52000,52000,
DTL05449,ORD03336,ITEM018,1,29000,29000,
DTL05450,ORD03337,ITEM046,1,29000,29000,
DTL05451,ORD03338,ITEM044,1,39000,39000,
DTL05452,ORD03338,ITEM029,1,37000,37000,
DTL05453,ORD03339,ITEM057,1,72000,72000,
DTL05454,ORD03340,ITEM053,1,68000,68000,gula sedikit
DTL05455,ORD03341,ITEM034,1,30000,30000,
DTL05456,ORD03341,ITEM022,1,52000,52000,
DTL05457,ORD03341,ITEM008,1,36000,36000,
DTL05458,ORD03342,ITEM074,1,27000,27000,
DTL05459,ORD03342,ITEM044,1,39000,39000,
DTL05460,ORD03343,ITEM030,1,27000,27000,tambah whip cream
DTL05461,ORD03344,ITEM037,1,27000,27000,
DTL05462,ORD03345,ITEM040,1,24000,24000,
DTL05463,ORD03346,ITEM043,1,27000,27000,
DTL05464,ORD03346,ITEM073,1,22000,22000,
DTL05465,ORD03347,ITEM015,1,50000,50000,
DTL05466,ORD03347,ITEM061,1,59000,59000,
DTL05467,ORD03348,ITEM029,1,37000,37000,
DTL05468,ORD03349,ITEM038,2,39000,78000,
DTL05469,ORD03349,ITEM040,1,24000,24000,
DTL05470,ORD03350,ITEM028,1,27000,27000,
DTL05471,ORD03351,ITEM067,1,63000,63000,
DTL05472,ORD03352,ITEM006,1,50000,50000,
DTL05473,ORD03352,ITEM072,1,18000,18000,
DTL05474,ORD03353,ITEM036,1,25000,25000,
DTL05475,ORD03354,ITEM080,1,34000,34000,gula sedikit
DTL05476,ORD03354,ITEM078,1,18000,18000,
DTL05477,ORD03355,ITEM040,1,24000,24000,
DTL05478,ORD03356,ITEM011,2,49000,98000,
DTL05479,ORD03356,ITEM027,1,35000,35000,tanpa gula
DTL05480,ORD03357,ITEM019,2,47000,94000,ekstra creamer
DTL05481,ORD03358,ITEM066,1,45000,45000,
DTL05482,ORD03359,ITEM025,1,41000,41000,
DTL05483,ORD03359,ITEM027,1,35000,35000,
DTL05484,ORD03360,ITEM038,1,39000,39000,
DTL05485,ORD03361,ITEM047,3,20000,60000,
DTL05486,ORD03361,ITEM061,1,59000,59000,
DTL05487,ORD03361,ITEM028,1,27000,27000,
DTL05488,ORD03362,ITEM030,1,27000,27000,
DTL05489,ORD03363,ITEM030,1,27000,27000,
DTL05490,ORD03364,ITEM068,1,39000,39000,
DTL05491,ORD03364,ITEM056,1,51000,51000,ekstra creamer
DTL05492,ORD03364,ITEM058,1,52000,52000,
DTL05493,ORD03365,ITEM027,2,35000,70000,gula sedikit
DTL05494,ORD03365,ITEM046,1,29000,29000,
DTL05495,ORD03366,ITEM041,1,26000,26000,
DTL05496,ORD03366,ITEM049,1,28000,28000,
DTL05497,ORD03367,ITEM034,1,30000,30000,
DTL05498,ORD03367,ITEM040,2,24000,48000,
DTL05499,ORD03367,ITEM059,1,73000,73000,
DTL05500,ORD03368,ITEM012,1,51000,51000,
DTL05501,ORD03368,ITEM041,1,26000,26000,gula sedikit
DTL05502,ORD03369,ITEM068,1,39000,39000,tanpa susu
DTL05503,ORD03370,ITEM017,1,36000,36000,
DTL05504,ORD03370,ITEM069,1,60000,60000,
DTL05505,ORD03370,ITEM025,1,41000,41000,
DTL05506,ORD03371,ITEM052,1,56000,56000,less sugar
DTL05507,ORD03371,ITEM080,1,34000,34000,
DTL05508,ORD03371,ITEM003,1,37000,37000,
DTL05509,ORD03371,ITEM073,1,22000,22000,dingin
DTL05510,ORD03372,ITEM018,3,29000,87000,tanpa gula
DTL05511,ORD03372,ITEM050,2,27000,54000,
DTL05512,ORD03372,ITEM052,1,56000,56000,
DTL05513,ORD03373,ITEM018,1,29000,29000,
DTL05514,ORD03373,ITEM033,1,39000,39000,
DTL05515,ORD03374,ITEM058,2,52000,104000,
DTL05516,ORD03374,ITEM066,1,45000,45000,
DTL05517,ORD03375,ITEM057,1,72000,72000,less sugar
DTL05518,ORD03376,ITEM008,1,36000,36000,
DTL05519,ORD03376,ITEM005,1,28000,28000,
DTL05520,ORD03376,ITEM061,1,59000,59000,
DTL05521,ORD03377,ITEM052,1,56000,56000,
DTL05522,ORD03378,ITEM054,1,65000,65000,
DTL05523,ORD03378,ITEM053,1,68000,68000,tambah whip cream
DTL05524,ORD03378,ITEM052,1,56000,56000,
DTL05525,ORD03379,ITEM075,1,29000,29000,
DTL05526,ORD03380,ITEM036,1,25000,25000,
DTL05527,ORD03380,ITEM043,1,27000,27000,
DTL05528,ORD03381,ITEM050,1,27000,27000,
DTL05529,ORD03382,ITEM058,1,52000,52000,
DTL05530,ORD03383,ITEM015,1,50000,50000,extra shot
DTL05531,ORD03383,ITEM030,1,27000,27000,
DTL05532,ORD03384,ITEM067,1,63000,63000,
DTL05533,ORD03385,ITEM013,3,40000,120000,
DTL05534,ORD03386,ITEM057,1,72000,72000,
DTL05535,ORD03386,ITEM076,1,28000,28000,
DTL05536,ORD03387,ITEM008,1,36000,36000,
DTL05537,ORD03388,ITEM004,1,29000,29000,
DTL05538,ORD03388,ITEM049,3,28000,84000,
DTL05539,ORD03389,ITEM055,1,52000,52000,
DTL05540,ORD03389,ITEM078,1,18000,18000,
DTL05541,ORD03389,ITEM064,1,38000,38000,
DTL05542,ORD03390,ITEM036,1,25000,25000,
DTL05543,ORD03390,ITEM052,1,56000,56000,
DTL05544,ORD03391,ITEM029,1,37000,37000,
DTL05545,ORD03392,ITEM050,2,27000,54000,
DTL05546,ORD03392,ITEM015,1,50000,50000,
DTL05547,ORD03393,ITEM005,1,28000,28000,
DTL05548,ORD03393,ITEM018,3,29000,87000,
DTL05549,ORD03394,ITEM029,1,37000,37000,ekstra creamer
DTL05550,ORD03395,ITEM073,2,22000,44000,
DTL05551,ORD03395,ITEM005,1,28000,28000,
DTL05552,ORD03396,ITEM056,1,51000,51000,
DTL05553,ORD03396,ITEM074,1,27000,27000,
DTL05554,ORD03397,ITEM069,1,60000,60000,
DTL05555,ORD03398,ITEM016,1,40000,40000,
DTL05556,ORD03398,ITEM034,1,30000,30000,
DTL05557,ORD03398,ITEM003,1,37000,37000,
DTL05558,ORD03399,ITEM034,1,30000,30000,
DTL05559,ORD03399,ITEM050,1,27000,27000,
DTL05560,ORD03400,ITEM057,1,72000,72000,
DTL05561,ORD03401,ITEM018,1,29000,29000,
DTL05562,ORD03402,ITEM047,1,20000,20000,
DTL05563,ORD03403,ITEM073,1,22000,22000,
DTL05564,ORD03403,ITEM019,1,47000,47000,
DTL05565,ORD03403,ITEM025,1,41000,41000,
DTL05566,ORD03404,ITEM037,1,27000,27000,
DTL05567,ORD03404,ITEM056,1,51000,51000,
DTL05568,ORD03405,ITEM022,1,52000,52000,
DTL05569,ORD03406,ITEM040,1,24000,24000,
DTL05570,ORD03407,ITEM013,1,40000,40000,
DTL05571,ORD03408,ITEM072,1,18000,18000,
DTL05572,ORD03408,ITEM013,1,40000,40000,
DTL05573,ORD03409,ITEM072,1,18000,18000,
DTL05574,ORD03410,ITEM042,1,33000,33000,
DTL05575,ORD03411,ITEM030,2,27000,54000,
DTL05576,ORD03412,ITEM022,1,52000,52000,
DTL05577,ORD03413,ITEM030,1,27000,27000,
DTL05578,ORD03413,ITEM074,1,27000,27000,
DTL05579,ORD03414,ITEM049,1,28000,28000,
DTL05580,ORD03415,ITEM044,3,39000,117000,
DTL05581,ORD03415,ITEM006,1,50000,50000,
DTL05582,ORD03415,ITEM013,1,40000,40000,
DTL05583,ORD03416,ITEM035,1,30000,30000,
DTL05584,ORD03416,ITEM052,1,56000,56000,ekstra creamer
DTL05585,ORD03417,ITEM035,1,30000,30000,
DTL05586,ORD03417,ITEM032,1,27000,27000,
DTL05587,ORD03418,ITEM071,1,26000,26000,
DTL05588,ORD03419,ITEM030,1,27000,27000,
DTL05589,ORD03420,ITEM067,1,63000,63000,
DTL05590,ORD03421,ITEM056,1,51000,51000,
DTL05591,ORD03421,ITEM054,1,65000,65000,
DTL05592,ORD03421,ITEM006,1,50000,50000,
DTL05593,ORD03422,ITEM015,2,50000,100000,tanpa gula
DTL05594,ORD03422,ITEM016,1,40000,40000,
DTL05595,ORD03422,ITEM008,1,36000,36000,
DTL05596,ORD03423,ITEM040,1,24000,24000,
DTL05597,ORD03423,ITEM007,1,24000,24000,
DTL05598,ORD03423,ITEM047,2,20000,40000,
DTL05599,ORD03424,ITEM019,1,47000,47000,
DTL05600,ORD03424,ITEM060,1,73000,73000,ekstra creamer
DTL05601,ORD03425,ITEM006,1,50000,50000,
DTL05602,ORD03425,ITEM009,1,24000,24000,
DTL05603,ORD03426,ITEM054,1,65000,65000,extra hot
DTL05604,ORD03427,ITEM056,1,51000,51000,
DTL05605,ORD03427,ITEM044,1,39000,39000,less sugar
DTL05606,ORD03428,ITEM005,1,28000,28000,
DTL05607,ORD03429,ITEM075,1,29000,29000,
DTL05608,ORD03430,ITEM030,1,27000,27000,
DTL05609,ORD03431,ITEM061,1,59000,59000,
DTL05610,ORD03431,ITEM044,1,39000,39000,
DTL05611,ORD03432,ITEM054,1,65000,65000,
DTL05612,ORD03433,ITEM041,1,26000,26000,
DTL05613,ORD03433,ITEM016,2,40000,80000,
DTL05614,ORD03434,ITEM009,1,24000,24000,
DTL05615,ORD03434,ITEM051,1,49000,49000,no ice
DTL05616,ORD03435,ITEM055,1,52000,52000,
DTL05617,ORD03436,ITEM073,1,22000,22000,
DTL05618,ORD03436,ITEM029,1,37000,37000,
DTL05619,ORD03436,ITEM047,1,20000,20000,
DTL05620,ORD03437,ITEM028,1,27000,27000,
DTL05621,ORD03438,ITEM035,2,30000,60000,
DTL05622,ORD03439,ITEM013,1,40000,40000,
DTL05623,ORD03439,ITEM041,1,26000,26000,
DTL05624,ORD03440,ITEM066,2,45000,90000,
DTL05625,ORD03441,ITEM050,2,27000,54000,
DTL05626,ORD03442,ITEM058,2,52000,104000,
DTL05627,ORD03442,ITEM063,2,67000,134000,
DTL05628,ORD03443,ITEM062,1,44000,44000,
DTL05629,ORD03444,ITEM019,1,47000,47000,
DTL05630,ORD03445,ITEM053,1,68000,68000,
DTL05631,ORD03445,ITEM067,1,63000,63000,
DTL05632,ORD03446,ITEM024,1,27000,27000,ekstra creamer
DTL05633,ORD03447,ITEM061,3,59000,177000,less sugar
DTL05634,ORD03447,ITEM062,1,44000,44000,
DTL05635,ORD03447,ITEM016,1,40000,40000,
DTL05636,ORD03448,ITEM077,1,23000,23000,panas
DTL05637,ORD03449,ITEM073,1,22000,22000,
DTL05638,ORD03449,ITEM062,1,44000,44000,
DTL05639,ORD03450,ITEM006,1,50000,50000,
DTL05640,ORD03451,ITEM043,2,27000,54000,
DTL05641,ORD03451,ITEM009,1,24000,24000,
DTL05642,ORD03452,ITEM074,1,27000,27000,tanpa susu
DTL05643,ORD03452,ITEM016,2,40000,80000,
DTL05644,ORD03453,ITEM012,3,51000,153000,
DTL05645,ORD03454,ITEM051,1,49000,49000,
DTL05646,ORD03454,ITEM031,2,21000,42000,
DTL05647,ORD03455,ITEM031,2,21000,42000,
DTL05648,ORD03456,ITEM032,2,27000,54000,
DTL05649,ORD03456,ITEM049,1,28000,28000,less ice
DTL05650,ORD03456,ITEM010,1,35000,35000,
DTL05651,ORD03457,ITEM004,1,29000,29000,
DTL05652,ORD03457,ITEM032,1,27000,27000,
DTL05653,ORD03458,ITEM004,1,29000,29000,
DTL05654,ORD03459,ITEM073,1,22000,22000,
DTL05655,ORD03459,ITEM058,1,52000,52000,
DTL05656,ORD03460,ITEM027,3,35000,105000,
DTL05657,ORD03461,ITEM056,1,51000,51000,
DTL05658,ORD03462,ITEM077,1,23000,23000,
DTL05659,ORD03462,ITEM047,2,20000,40000,tanpa susu
DTL05660,ORD03462,ITEM057,1,72000,72000,
DTL05661,ORD03463,ITEM035,1,30000,30000,
DTL05662,ORD03464,ITEM064,1,38000,38000,
DTL05663,ORD03464,ITEM035,1,30000,30000,less sugar
DTL05664,ORD03465,ITEM033,1,39000,39000,
DTL05665,ORD03466,ITEM078,1,18000,18000,
DTL05666,ORD03466,ITEM051,1,49000,49000,no ice
DTL05667,ORD03467,ITEM076,1,28000,28000,
DTL05668,ORD03467,ITEM060,2,73000,146000,
DTL05669,ORD03468,ITEM055,2,52000,104000,
DTL05670,ORD03469,ITEM045,1,36000,36000,
DTL05671,ORD03469,ITEM044,1,39000,39000,
DTL05672,ORD03470,ITEM076,3,28000,84000,
DTL05673,ORD03470,ITEM017,1,36000,36000,extra shot
DTL05674,ORD03471,ITEM031,1,21000,21000,
DTL05675,ORD03472,ITEM003,1,37000,37000,
DTL05676,ORD03473,ITEM038,1,39000,39000,
DTL05677,ORD03474,ITEM046,2,29000,58000,
DTL05678,ORD03474,ITEM022,2,52000,104000,
DTL05679,ORD03475,ITEM062,1,44000,44000,tanpa gula
DTL05680,ORD03476,ITEM034,2,30000,60000,
DTL05681,ORD03476,ITEM058,3,52000,156000,
DTL05682,ORD03477,ITEM047,1,20000,20000,
DTL05683,ORD03478,ITEM051,1,49000,49000,
DTL05684,ORD03479,ITEM058,1,52000,52000,
DTL05685,ORD03480,ITEM024,1,27000,27000,
DTL05686,ORD03480,ITEM049,1,28000,28000,
DTL05687,ORD03481,ITEM069,1,60000,60000,
DTL05688,ORD03481,ITEM071,1,26000,26000,
DTL05689,ORD03482,ITEM018,1,29000,29000,
DTL05690,ORD03482,ITEM078,2,18000,36000,
DTL05691,ORD03482,ITEM025,3,41000,123000,
DTL05692,ORD03483,ITEM040,1,24000,24000,
DTL05693,ORD03484,ITEM045,1,36000,36000,
DTL05694,ORD03485,ITEM031,1,21000,21000,ekstra creamer
DTL05695,ORD03486,ITEM008,2,36000,72000,
DTL05696,ORD03486,ITEM041,1,26000,26000,
DTL05697,ORD03487,ITEM041,1,26000,26000,
DTL05698,ORD03487,ITEM034,1,30000,30000,
DTL05699,ORD03488,ITEM040,2,24000,48000,
DTL05700,ORD03489,ITEM006,1,50000,50000,
DTL05701,ORD03489,ITEM080,2,34000,68000,
DTL05702,ORD03490,ITEM067,1,63000,63000,
DTL05703,ORD03491,ITEM033,2,39000,78000,
DTL05704,ORD03491,ITEM056,1,51000,51000,
DTL05705,ORD03492,ITEM017,1,36000,36000,ekstra creamer
DTL05706,ORD03492,ITEM058,1,52000,52000,
DTL05707,ORD03493,ITEM029,1,37000,37000,
DTL05708,ORD03494,ITEM067,1,63000,63000,
DTL05709,ORD03495,ITEM078,1,18000,18000,
DTL05710,ORD03496,ITEM034,1,30000,30000,
DTL05711,ORD03496,ITEM064,1,38000,38000,
DTL05712,ORD03497,ITEM050,1,27000,27000,
DTL05713,ORD03498,ITEM016,1,40000,40000,
DTL05714,ORD03499,ITEM002,2,40000,80000,panas
DTL05715,ORD03500,ITEM045,1,36000,36000,
DTL05716,ORD03501,ITEM035,1,30000,30000,
DTL05717,ORD03502,ITEM009,2,24000,48000,
DTL05718,ORD03503,ITEM075,1,29000,29000,
DTL05719,ORD03503,ITEM035,1,30000,30000,dingin
DTL05720,ORD03504,ITEM066,1,45000,45000,
DTL05721,ORD03504,ITEM030,1,27000,27000,
DTL05722,ORD03505,ITEM012,1,51000,51000,
DTL05723,ORD03505,ITEM028,1,27000,27000,
DTL05724,ORD03506,ITEM032,1,27000,27000,no ice
DTL05725,ORD03506,ITEM074,1,27000,27000,
DTL05726,ORD03507,ITEM001,1,29000,29000,gula sedikit
DTL05727,ORD03508,ITEM008,3,36000,108000,
DTL05728,ORD03508,ITEM057,1,72000,72000,less sugar
DTL05729,ORD03508,ITEM075,2,29000,58000,
DTL05730,ORD03508,ITEM005,3,28000,84000,
DTL05731,ORD03509,ITEM036,1,25000,25000,less ice
DTL05732,ORD03510,ITEM018,1,29000,29000,
DTL05733,ORD03510,ITEM011,1,49000,49000,
DTL05734,ORD03511,ITEM072,1,18000,18000,
DTL05735,ORD03512,ITEM004,1,29000,29000,
DTL05736,ORD03512,ITEM010,1,35000,35000,
DTL05737,ORD03513,ITEM031,2,21000,42000,
DTL05738,ORD03513,ITEM041,1,26000,26000,
DTL05739,ORD03514,ITEM028,1,27000,27000,
DTL05740,ORD03515,ITEM060,1,73000,73000,tanpa gula
DTL05741,ORD03516,ITEM043,1,27000,27000,
DTL05742,ORD03517,ITEM013,1,40000,40000,
DTL05743,ORD03518,ITEM054,1,65000,65000,
DTL05744,ORD03518,ITEM024,2,27000,54000,
DTL05745,ORD03519,ITEM002,1,40000,40000,
DTL05746,ORD03520,ITEM031,1,21000,21000,
DTL05747,ORD03521,ITEM055,3,52000,156000,
DTL05748,ORD03522,ITEM076,1,28000,28000,
DTL05749,ORD03523,ITEM010,1,35000,35000,
DTL05750,ORD03524,ITEM015,1,50000,50000,
DTL05751,ORD03525,ITEM027,1,35000,35000,
DTL05752,ORD03525,ITEM047,1,20000,20000,
DTL05753,ORD03526,ITEM008,1,36000,36000,
DTL05754,ORD03527,ITEM016,2,40000,80000,
DTL05755,ORD03527,ITEM013,3,40000,120000,
DTL05756,ORD03528,ITEM018,1,29000,29000,
DTL05757,ORD03528,ITEM017,3,36000,108000,
DTL05758,ORD03529,ITEM003,1,37000,37000,
DTL05759,ORD03530,ITEM030,1,27000,27000,
DTL05760,ORD03531,ITEM040,1,24000,24000,
DTL05761,ORD03531,ITEM008,1,36000,36000,tanpa susu
DTL05762,ORD03532,ITEM009,1,24000,24000,
DTL05763,ORD03533,ITEM043,3,27000,81000,
DTL05764,ORD03534,ITEM051,1,49000,49000,
DTL05765,ORD03535,ITEM071,1,26000,26000,
DTL05766,ORD03536,ITEM003,1,37000,37000,
DTL05767,ORD03536,ITEM024,1,27000,27000,
DTL05768,ORD03537,ITEM072,1,18000,18000,panas
DTL05769,ORD03537,ITEM076,1,28000,28000,
DTL05770,ORD03538,ITEM034,1,30000,30000,
DTL05771,ORD03538,ITEM003,1,37000,37000,
DTL05772,ORD03539,ITEM004,1,29000,29000,
DTL05773,ORD03539,ITEM055,1,52000,52000,less ice
DTL05774,ORD03539,ITEM050,1,27000,27000,
DTL05775,ORD03540,ITEM076,1,28000,28000,
DTL05776,ORD03540,ITEM066,1,45000,45000,
DTL05777,ORD03541,ITEM056,1,51000,51000,
DTL05778,ORD03541,ITEM066,1,45000,45000,
DTL05779,ORD03542,ITEM007,1,24000,24000,
DTL05780,ORD03543,ITEM018,3,29000,87000,
DTL05781,ORD03544,ITEM016,1,40000,40000,no ice
DTL05782,ORD03545,ITEM072,1,18000,18000,
DTL05783,ORD03546,ITEM067,1,63000,63000,
DTL05784,ORD03547,ITEM045,1,36000,36000,
DTL05785,ORD03548,ITEM032,1,27000,27000,
DTL05786,ORD03548,ITEM066,1,45000,45000,
DTL05787,ORD03549,ITEM073,1,22000,22000,
DTL05788,ORD03550,ITEM027,1,35000,35000,
DTL05789,ORD03550,ITEM042,1,33000,33000,
DTL05790,ORD03551,ITEM078,1,18000,18000,
DTL05791,ORD03552,ITEM061,1,59000,59000,
DTL05792,ORD03553,ITEM015,2,50000,100000,no ice
DTL05793,ORD03553,ITEM076,1,28000,28000,
DTL05794,ORD03554,ITEM064,1,38000,38000,
DTL05795,ORD03555,ITEM055,3,52000,156000,
DTL05796,ORD03555,ITEM051,1,49000,49000,
DTL05797,ORD03556,ITEM053,1,68000,68000,
DTL05798,ORD03556,ITEM056,1,51000,51000,
DTL05799,ORD03557,ITEM049,1,28000,28000,
DTL05800,ORD03558,ITEM024,1,27000,27000,
DTL05801,ORD03558,ITEM004,1,29000,29000,
DTL05802,ORD03559,ITEM075,1,29000,29000,
DTL05803,ORD03559,ITEM068,1,39000,39000,
DTL05804,ORD03560,ITEM030,1,27000,27000,
DTL05805,ORD03561,ITEM050,1,27000,27000,
DTL05806,ORD03561,ITEM080,1,34000,34000,
DTL05807,ORD03562,ITEM027,1,35000,35000,
DTL05808,ORD03562,ITEM005,1,28000,28000,
DTL05809,ORD03563,ITEM056,1,51000,51000,
DTL05810,ORD03564,ITEM041,1,26000,26000,
DTL05811,ORD03564,ITEM028,1,27000,27000,
DTL05812,ORD03565,ITEM050,2,27000,54000,
DTL05813,ORD03566,ITEM058,3,52000,156000,
DTL05814,ORD03567,ITEM015,1,50000,50000,
DTL05815,ORD03568,ITEM068,1,39000,39000,
DTL05816,ORD03569,ITEM059,1,73000,73000,
DTL05817,ORD03570,ITEM046,1,29000,29000,
DTL05818,ORD03571,ITEM057,1,72000,72000,
DTL05819,ORD03572,ITEM054,1,65000,65000,
DTL05820,ORD03572,ITEM040,1,24000,24000,
DTL05821,ORD03573,ITEM005,1,28000,28000,
DTL05822,ORD03573,ITEM050,2,27000,54000,
DTL05823,ORD03573,ITEM002,2,40000,80000,
DTL05824,ORD03574,ITEM053,1,68000,68000,
DTL05825,ORD03574,ITEM012,2,51000,102000,
DTL05826,ORD03575,ITEM010,1,35000,35000,
DTL05827,ORD03575,ITEM072,1,18000,18000,
DTL05828,ORD03576,ITEM022,2,52000,104000,
DTL05829,ORD03577,ITEM055,1,52000,52000,
DTL05830,ORD03578,ITEM036,1,25000,25000,
DTL05831,ORD03578,ITEM043,2,27000,54000,
DTL05832,ORD03579,ITEM061,1,59000,59000,
DTL05833,ORD03579,ITEM076,1,28000,28000,
DTL05834,ORD03579,ITEM059,1,73000,73000,
DTL05835,ORD03580,ITEM060,1,73000,73000,tanpa susu
DTL05836,ORD03580,ITEM003,1,37000,37000,
DTL05837,ORD03581,ITEM028,1,27000,27000,
DTL05838,ORD03582,ITEM049,1,28000,28000,
DTL05839,ORD03582,ITEM040,2,24000,48000,
DTL05840,ORD03582,ITEM025,1,41000,41000,
DTL05841,ORD03583,ITEM075,1,29000,29000,tanpa gula
DTL05842,ORD03584,ITEM074,1,27000,27000,
DTL05843,ORD03584,ITEM004,1,29000,29000,
DTL05844,ORD03585,ITEM018,1,29000,29000,
DTL05845,ORD03586,ITEM028,2,27000,54000,
DTL05846,ORD03586,ITEM029,1,37000,37000,
DTL05847,ORD03587,ITEM064,1,38000,38000,
DTL05848,ORD03587,ITEM038,1,39000,39000,
DTL05849,ORD03588,ITEM034,1,30000,30000,
DTL05850,ORD03588,ITEM031,2,21000,42000,less ice
DTL05851,ORD03588,ITEM062,1,44000,44000,
DTL05852,ORD03589,ITEM019,1,47000,47000,
DTL05853,ORD03590,ITEM007,1,24000,24000,
DTL05854,ORD03590,ITEM060,2,73000,146000,
DTL05855,ORD03590,ITEM033,2,39000,78000,
DTL05856,ORD03591,ITEM010,3,35000,105000,
DTL05857,ORD03591,ITEM056,1,51000,51000,
DTL05858,ORD03592,ITEM044,1,39000,39000,
DTL05859,ORD03592,ITEM036,1,25000,25000,dingin
DTL05860,ORD03593,ITEM041,1,26000,26000,
DTL05861,ORD03594,ITEM071,3,26000,78000,
DTL05862,ORD03594,ITEM030,1,27000,27000,
DTL05863,ORD03595,ITEM054,1,65000,65000,
DTL05864,ORD03595,ITEM080,1,34000,34000,
DTL05865,ORD03596,ITEM033,1,39000,39000,
DTL05866,ORD03597,ITEM009,1,24000,24000,
DTL05867,ORD03597,ITEM056,1,51000,51000,
DTL05868,ORD03598,ITEM027,1,35000,35000,
DTL05869,ORD03598,ITEM049,1,28000,28000,ekstra creamer
DTL05870,ORD03598,ITEM045,1,36000,36000,
DTL05871,ORD03599,ITEM006,2,50000,100000,tanpa gula
DTL05872,ORD03599,ITEM028,1,27000,27000,
DTL05873,ORD03600,ITEM062,1,44000,44000,
DTL05874,ORD03600,ITEM028,2,27000,54000,
DTL05875,ORD03600,ITEM055,1,52000,52000,
DTL05876,ORD03600,ITEM044,1,39000,39000,extra hot
DTL05877,ORD03601,ITEM002,1,40000,40000,
DTL05878,ORD03602,ITEM018,1,29000,29000,
DTL05879,ORD03603,ITEM077,2,23000,46000,
DTL05880,ORD03604,ITEM041,1,26000,26000,
DTL05881,ORD03604,ITEM012,1,51000,51000,gula sedikit
DTL05882,ORD03604,ITEM063,1,67000,67000,
DTL05883,ORD03605,ITEM016,1,40000,40000,less ice
DTL05884,ORD03605,ITEM022,3,52000,156000,
DTL05885,ORD03605,ITEM054,1,65000,65000,
DTL05886,ORD03606,ITEM068,1,39000,39000,
DTL05887,ORD03607,ITEM040,1,24000,24000,less sugar
DTL05888,ORD03608,ITEM025,1,41000,41000,
DTL05889,ORD03608,ITEM074,1,27000,27000,
DTL05890,ORD03609,ITEM054,2,65000,130000,
DTL05891,ORD03609,ITEM015,1,50000,50000,
DTL05892,ORD03610,ITEM041,1,26000,26000,
DTL05893,ORD03611,ITEM063,3,67000,201000,
DTL05894,ORD03611,ITEM055,1,52000,52000,
DTL05895,ORD03611,ITEM033,1,39000,39000,
DTL05896,ORD03612,ITEM078,1,18000,18000,
DTL05897,ORD03612,ITEM060,1,73000,73000,
DTL05898,ORD03613,ITEM045,1,36000,36000,ekstra creamer
DTL05899,ORD03613,ITEM034,1,30000,30000,
DTL05900,ORD03614,ITEM057,1,72000,72000,tambah whip cream
DTL05901,ORD03615,ITEM068,1,39000,39000,
DTL05902,ORD03615,ITEM003,1,37000,37000,
DTL05903,ORD03616,ITEM001,1,29000,29000,
DTL05904,ORD03617,ITEM060,1,73000,73000,
DTL05905,ORD03617,ITEM015,1,50000,50000,
DTL05906,ORD03617,ITEM054,1,65000,65000,
DTL05907,ORD03618,ITEM001,1,29000,29000,
DTL05908,ORD03618,ITEM028,1,27000,27000,
DTL05909,ORD03619,ITEM052,1,56000,56000,
DTL05910,ORD03619,ITEM055,1,52000,52000,
DTL05911,ORD03620,ITEM080,1,34000,34000,
DTL05912,ORD03621,ITEM061,1,59000,59000,
DTL05913,ORD03621,ITEM051,1,49000,49000,
DTL05914,ORD03621,ITEM009,1,24000,24000,
DTL05915,ORD03622,ITEM038,2,39000,78000,
DTL05916,ORD03622,ITEM040,1,24000,24000,
DTL05917,ORD03623,ITEM032,3,27000,81000,
DTL05918,ORD03623,ITEM043,2,27000,54000,
DTL05919,ORD03623,ITEM035,1,30000,30000,
DTL05920,ORD03623,ITEM006,2,50000,100000,
DTL05921,ORD03624,ITEM034,1,30000,30000,
DTL05922,ORD03624,ITEM009,3,24000,72000,
DTL05923,ORD03625,ITEM036,3,25000,75000,
DTL05924,ORD03625,ITEM080,2,34000,68000,
DTL05925,ORD03625,ITEM059,1,73000,73000,
DTL05926,ORD03626,ITEM009,2,24000,48000,
DTL05927,ORD03627,ITEM058,1,52000,52000,
DTL05928,ORD03628,ITEM052,1,56000,56000,
DTL05929,ORD03629,ITEM019,2,47000,94000,
DTL05930,ORD03629,ITEM076,1,28000,28000,
DTL05931,ORD03630,ITEM057,3,72000,216000,
DTL05932,ORD03631,ITEM076,1,28000,28000,
DTL05933,ORD03632,ITEM016,3,40000,120000,
DTL05934,ORD03633,ITEM066,1,45000,45000,
DTL05935,ORD03634,ITEM007,1,24000,24000,
DTL05936,ORD03635,ITEM007,1,24000,24000,
DTL05937,ORD03636,ITEM066,3,45000,135000,no ice
DTL05938,ORD03636,ITEM049,1,28000,28000,
DTL05939,ORD03637,ITEM003,1,37000,37000,
DTL05940,ORD03638,ITEM027,1,35000,35000,
DTL05941,ORD03639,ITEM055,3,52000,156000,extra hot
DTL05942,ORD03640,ITEM045,2,36000,72000,
DTL05943,ORD03641,ITEM028,3,27000,81000,tambah whip cream
DTL05944,ORD03641,ITEM052,1,56000,56000,
DTL05945,ORD03642,ITEM001,1,29000,29000,
DTL05946,ORD03643,ITEM009,1,24000,24000,
DTL05947,ORD03643,ITEM013,1,40000,40000,tanpa gula
DTL05948,ORD03643,ITEM055,1,52000,52000,
DTL05949,ORD03644,ITEM080,1,34000,34000,
DTL05950,ORD03644,ITEM007,1,24000,24000,
DTL05951,ORD03645,ITEM044,1,39000,39000,
DTL05952,ORD03646,ITEM029,1,37000,37000,
DTL05953,ORD03646,ITEM050,1,27000,27000,
DTL05954,ORD03647,ITEM019,1,47000,47000,
DTL05955,ORD03647,ITEM073,2,22000,44000,
DTL05956,ORD03647,ITEM056,1,51000,51000,
DTL05957,ORD03647,ITEM037,1,27000,27000,
DTL05958,ORD03648,ITEM080,1,34000,34000,panas
DTL05959,ORD03649,ITEM009,1,24000,24000,
DTL05960,ORD03649,ITEM063,1,67000,67000,
DTL05961,ORD03650,ITEM001,1,29000,29000,
DTL05962,ORD03651,ITEM043,2,27000,54000,
DTL05963,ORD03652,ITEM049,1,28000,28000,
DTL05964,ORD03653,ITEM076,1,28000,28000,dingin
DTL05965,ORD03654,ITEM075,2,29000,58000,
DTL05966,ORD03655,ITEM028,1,27000,27000,
DTL05967,ORD03656,ITEM066,1,45000,45000,less ice
DTL05968,ORD03657,ITEM033,1,39000,39000,
DTL05969,ORD03658,ITEM054,1,65000,65000,
DTL05970,ORD03658,ITEM078,1,18000,18000,
DTL05971,ORD03658,ITEM025,1,41000,41000,
DTL05972,ORD03658,ITEM072,1,18000,18000,
DTL05973,ORD03659,ITEM077,1,23000,23000,
DTL05974,ORD03659,ITEM028,1,27000,27000,
DTL05975,ORD03659,ITEM073,2,22000,44000,
DTL05976,ORD03660,ITEM050,1,27000,27000,
DTL05977,ORD03660,ITEM069,1,60000,60000,
DTL05978,ORD03661,ITEM041,1,26000,26000,
DTL05979,ORD03661,ITEM011,1,49000,49000,
DTL05980,ORD03662,ITEM017,1,36000,36000,
DTL05981,ORD03662,ITEM035,1,30000,30000,
DTL05982,ORD03663,ITEM002,1,40000,40000,
DTL05983,ORD03663,ITEM068,1,39000,39000,
DTL05984,ORD03663,ITEM013,1,40000,40000,
DTL05985,ORD03664,ITEM022,2,52000,104000,
DTL05986,ORD03664,ITEM029,1,37000,37000,
DTL05987,ORD03665,ITEM038,1,39000,39000,
DTL05988,ORD03666,ITEM027,1,35000,35000,
DTL05989,ORD03667,ITEM042,1,33000,33000,
DTL05990,ORD03668,ITEM034,1,30000,30000,
DTL05991,ORD03669,ITEM072,3,18000,54000,
DTL05992,ORD03669,ITEM061,1,59000,59000,
DTL05993,ORD03669,ITEM055,1,52000,52000,
DTL05994,ORD03670,ITEM056,1,51000,51000,
DTL05995,ORD03671,ITEM037,1,27000,27000,no ice
DTL05996,ORD03671,ITEM050,1,27000,27000,
DTL05997,ORD03672,ITEM077,1,23000,23000,
DTL05998,ORD03672,ITEM043,1,27000,27000,
DTL05999,ORD03673,ITEM038,1,39000,39000,
DTL06000,ORD03674,ITEM040,1,24000,24000,dingin
DTL06001,ORD03674,ITEM057,1,72000,72000,
DTL06002,ORD03675,ITEM075,1,29000,29000,
DTL06003,ORD03676,ITEM038,1,39000,39000,
DTL06004,ORD03676,ITEM036,1,25000,25000,
DTL06005,ORD03676,ITEM011,1,49000,49000,
DTL06006,ORD03677,ITEM072,1,18000,18000,ekstra creamer
DTL06007,ORD03678,ITEM047,3,20000,60000,less sugar
DTL06008,ORD03679,ITEM035,3,30000,90000,extra shot
DTL06009,ORD03680,ITEM007,2,24000,48000,
DTL06010,ORD03681,ITEM001,1,29000,29000,panas
DTL06011,ORD03682,ITEM012,1,51000,51000,
DTL06012,ORD03683,ITEM012,1,51000,51000,tanpa susu
DTL06013,ORD03684,ITEM001,1,29000,29000,
DTL06014,ORD03685,ITEM064,1,38000,38000,
DTL06015,ORD03685,ITEM018,2,29000,58000,gula sedikit
DTL06016,ORD03686,ITEM011,1,49000,49000,
DTL06017,ORD03686,ITEM067,1,63000,63000,
DTL06018,ORD03686,ITEM034,1,30000,30000,
DTL06019,ORD03687,ITEM017,2,36000,72000,
DTL06020,ORD03687,ITEM019,1,47000,47000,
DTL06021,ORD03687,ITEM011,2,49000,98000,
DTL06022,ORD03688,ITEM025,3,41000,123000,
DTL06023,ORD03689,ITEM080,1,34000,34000,
DTL06024,ORD03690,ITEM078,1,18000,18000,extra shot
DTL06025,ORD03690,ITEM007,1,24000,24000,
DTL06026,ORD03690,ITEM055,1,52000,52000,panas
DTL06027,ORD03691,ITEM057,2,72000,144000,
DTL06028,ORD03692,ITEM066,3,45000,135000,
DTL06029,ORD03693,ITEM007,2,24000,48000,
DTL06030,ORD03694,ITEM012,1,51000,51000,
DTL06031,ORD03694,ITEM019,1,47000,47000,ekstra creamer
DTL06032,ORD03695,ITEM067,1,63000,63000,
DTL06033,ORD03696,ITEM058,3,52000,156000,
DTL06034,ORD03696,ITEM051,1,49000,49000,
DTL06035,ORD03697,ITEM051,1,49000,49000,dingin
DTL06036,ORD03698,ITEM027,2,35000,70000,
DTL06037,ORD03698,ITEM060,1,73000,73000,
DTL06038,ORD03699,ITEM027,1,35000,35000,
DTL06039,ORD03700,ITEM041,1,26000,26000,
DTL06040,ORD03701,ITEM034,1,30000,30000,
DTL06041,ORD03702,ITEM012,1,51000,51000,
DTL06042,ORD03703,ITEM068,1,39000,39000,
DTL06043,ORD03704,ITEM055,2,52000,104000,gula sedikit
DTL06044,ORD03705,ITEM071,1,26000,26000,
DTL06045,ORD03706,ITEM071,1,26000,26000,
DTL06046,ORD03707,ITEM071,1,26000,26000,
DTL06047,ORD03707,ITEM029,1,37000,37000,
DTL06048,ORD03707,ITEM047,1,20000,20000,
DTL06049,ORD03708,ITEM025,1,41000,41000,
DTL06050,ORD03708,ITEM043,1,27000,27000,
DTL06051,ORD03709,ITEM055,1,52000,52000,
DTL06052,ORD03709,ITEM057,1,72000,72000,
DTL06053,ORD03710,ITEM034,1,30000,30000,
DTL06054,ORD03711,ITEM043,1,27000,27000,
DTL06055,ORD03711,ITEM010,1,35000,35000,
DTL06056,ORD03712,ITEM041,3,26000,78000,
DTL06057,ORD03712,ITEM006,2,50000,100000,panas
DTL06058,ORD03712,ITEM010,2,35000,70000,
DTL06059,ORD03713,ITEM035,1,30000,30000,no ice
DTL06060,ORD03714,ITEM007,1,24000,24000,
DTL06061,ORD03715,ITEM008,1,36000,36000,
DTL06062,ORD03715,ITEM009,1,24000,24000,
DTL06063,ORD03716,ITEM051,1,49000,49000,
DTL06064,ORD03717,ITEM016,1,40000,40000,
DTL06065,ORD03718,ITEM080,1,34000,34000,
DTL06066,ORD03718,ITEM009,1,24000,24000,
DTL06067,ORD03719,ITEM016,1,40000,40000,
DTL06068,ORD03720,ITEM056,1,51000,51000,
DTL06069,ORD03721,ITEM072,2,18000,36000,
DTL06070,ORD03721,ITEM003,1,37000,37000,
DTL06071,ORD03721,ITEM024,1,27000,27000,
DTL06072,ORD03722,ITEM022,2,52000,104000,
DTL06073,ORD03722,ITEM049,1,28000,28000,
DTL06074,ORD03723,ITEM019,1,47000,47000,
DTL06075,ORD03723,ITEM061,1,59000,59000,
DTL06076,ORD03723,ITEM033,1,39000,39000,
DTL06077,ORD03724,ITEM032,1,27000,27000,
DTL06078,ORD03725,ITEM076,2,28000,56000,
DTL06079,ORD03726,ITEM005,1,28000,28000,extra hot
DTL06080,ORD03727,ITEM063,2,67000,134000,
DTL06081,ORD03727,ITEM046,1,29000,29000,
DTL06082,ORD03727,ITEM009,1,24000,24000,
DTL06083,ORD03728,ITEM052,1,56000,56000,
DTL06084,ORD03728,ITEM068,1,39000,39000,
DTL06085,ORD03728,ITEM017,1,36000,36000,
DTL06086,ORD03729,ITEM028,2,27000,54000,
DTL06087,ORD03730,ITEM044,1,39000,39000,
DTL06088,ORD03730,ITEM062,1,44000,44000,less sugar
DTL06089,ORD03730,ITEM046,1,29000,29000,
DTL06090,ORD03731,ITEM031,1,21000,21000,
DTL06091,ORD03731,ITEM028,1,27000,27000,
DTL06092,ORD03731,ITEM033,1,39000,39000,
DTL06093,ORD03732,ITEM054,1,65000,65000,
DTL06094,ORD03732,ITEM071,2,26000,52000,
DTL06095,ORD03733,ITEM010,1,35000,35000,
DTL06096,ORD03733,ITEM054,1,65000,65000,no ice
DTL06097,ORD03734,ITEM053,1,68000,68000,
DTL06098,ORD03735,ITEM009,1,24000,24000,less ice
DTL06099,ORD03736,ITEM055,1,52000,52000,
DTL06100,ORD03737,ITEM019,1,47000,47000,
DTL06101,ORD03738,ITEM002,1,40000,40000,extra shot
DTL06102,ORD03738,ITEM077,2,23000,46000,
DTL06103,ORD03739,ITEM051,1,49000,49000,
DTL06104,ORD03740,ITEM034,1,30000,30000,
DTL06105,ORD03741,ITEM009,1,24000,24000,
DTL06106,ORD03742,ITEM069,1,60000,60000,
DTL06107,ORD03743,ITEM050,2,27000,54000,
DTL06108,ORD03743,ITEM067,1,63000,63000,
DTL06109,ORD03744,ITEM002,1,40000,40000,
DTL06110,ORD03745,ITEM055,1,52000,52000,
DTL06111,ORD03745,ITEM032,1,27000,27000,
DTL06112,ORD03746,ITEM051,2,49000,98000,ekstra creamer
DTL06113,ORD03747,ITEM029,1,37000,37000,
DTL06114,ORD03747,ITEM055,2,52000,104000,
DTL06115,ORD03748,ITEM005,1,28000,28000,
DTL06116,ORD03748,ITEM017,2,36000,72000,
DTL06117,ORD03749,ITEM044,2,39000,78000,
DTL06118,ORD03750,ITEM069,1,60000,60000,panas
DTL06119,ORD03751,ITEM011,2,49000,98000,
DTL06120,ORD03751,ITEM008,1,36000,36000,extra shot
DTL06121,ORD03752,ITEM031,1,21000,21000,
DTL06122,ORD03752,ITEM017,1,36000,36000,
DTL06123,ORD03753,ITEM069,1,60000,60000,
DTL06124,ORD03754,ITEM005,1,28000,28000,
DTL06125,ORD03754,ITEM057,2,72000,144000,
DTL06126,ORD03754,ITEM056,1,51000,51000,
DTL06127,ORD03755,ITEM036,1,25000,25000,no ice
DTL06128,ORD03755,ITEM032,1,27000,27000,
DTL06129,ORD03756,ITEM058,1,52000,52000,
DTL06130,ORD03757,ITEM049,1,28000,28000,
DTL06131,ORD03757,ITEM027,1,35000,35000,
DTL06132,ORD03758,ITEM064,1,38000,38000,
DTL06133,ORD03759,ITEM044,1,39000,39000,
DTL06134,ORD03760,ITEM052,1,56000,56000,
DTL06135,ORD03760,ITEM013,1,40000,40000,
DTL06136,ORD03761,ITEM053,1,68000,68000,
DTL06137,ORD03762,ITEM056,1,51000,51000,tanpa susu
DTL06138,ORD03762,ITEM062,1,44000,44000,
DTL06139,ORD03763,ITEM032,1,27000,27000,
DTL06140,ORD03764,ITEM002,1,40000,40000,
DTL06141,ORD03764,ITEM040,1,24000,24000,
DTL06142,ORD03765,ITEM024,2,27000,54000,
DTL06143,ORD03765,ITEM001,1,29000,29000,
DTL06144,ORD03766,ITEM013,1,40000,40000,
DTL06145,ORD03767,ITEM050,1,27000,27000,
DTL06146,ORD03768,ITEM076,1,28000,28000,
DTL06147,ORD03769,ITEM034,1,30000,30000,extra hot
DTL06148,ORD03769,ITEM027,2,35000,70000,
DTL06149,ORD03770,ITEM037,1,27000,27000,
DTL06150,ORD03770,ITEM016,1,40000,40000,
DTL06151,ORD03770,ITEM036,3,25000,75000,
DTL06152,ORD03771,ITEM018,1,29000,29000,
DTL06153,ORD03771,ITEM049,1,28000,28000,
DTL06154,ORD03771,ITEM063,1,67000,67000,
DTL06155,ORD03772,ITEM012,2,51000,102000,panas
DTL06156,ORD03773,ITEM069,1,60000,60000,
DTL06157,ORD03774,ITEM038,1,39000,39000,
DTL06158,ORD03775,ITEM072,3,18000,54000,
DTL06159,ORD03776,ITEM056,1,51000,51000,
DTL06160,ORD03776,ITEM055,1,52000,52000,
DTL06161,ORD03777,ITEM046,1,29000,29000,
DTL06162,ORD03778,ITEM067,2,63000,126000,
DTL06163,ORD03779,ITEM073,2,22000,44000,
DTL06164,ORD03779,ITEM007,3,24000,72000,
DTL06165,ORD03779,ITEM036,1,25000,25000,
DTL06166,ORD03780,ITEM017,1,36000,36000,less sugar
DTL06167,ORD03780,ITEM016,2,40000,80000,
DTL06168,ORD03781,ITEM016,2,40000,80000,
DTL06169,ORD03782,ITEM054,2,65000,130000,
DTL06170,ORD03782,ITEM013,1,40000,40000,
DTL06171,ORD03782,ITEM074,2,27000,54000,
DTL06172,ORD03783,ITEM053,1,68000,68000,
DTL06173,ORD03783,ITEM068,1,39000,39000,no ice
DTL06174,ORD03784,ITEM028,1,27000,27000,
DTL06175,ORD03784,ITEM034,1,30000,30000,
DTL06176,ORD03785,ITEM077,1,23000,23000,
DTL06177,ORD03785,ITEM045,1,36000,36000,
DTL06178,ORD03785,ITEM022,1,52000,52000,
DTL06179,ORD03785,ITEM003,1,37000,37000,
DTL06180,ORD03786,ITEM055,1,52000,52000,
DTL06181,ORD03786,ITEM013,1,40000,40000,
DTL06182,ORD03786,ITEM034,1,30000,30000,
DTL06183,ORD03786,ITEM033,3,39000,117000,
DTL06184,ORD03787,ITEM071,1,26000,26000,
DTL06185,ORD03788,ITEM072,1,18000,18000,
DTL06186,ORD03789,ITEM017,1,36000,36000,
DTL06187,ORD03790,ITEM009,1,24000,24000,less sugar
DTL06188,ORD03791,ITEM066,1,45000,45000,
DTL06189,ORD03792,ITEM024,1,27000,27000,
DTL06190,ORD03793,ITEM069,1,60000,60000,gula sedikit
DTL06191,ORD03793,ITEM044,1,39000,39000,
DTL06192,ORD03794,ITEM071,1,26000,26000,
DTL06193,ORD03794,ITEM051,1,49000,49000,
DTL06194,ORD03794,ITEM003,1,37000,37000,
DTL06195,ORD03795,ITEM047,1,20000,20000,
DTL06196,ORD03795,ITEM012,1,51000,51000,
DTL06197,ORD03796,ITEM063,2,67000,134000,panas
DTL06198,ORD03796,ITEM025,1,41000,41000,
DTL06199,ORD03797,ITEM030,1,27000,27000,
DTL06200,ORD03797,ITEM012,1,51000,51000,
DTL06201,ORD03798,ITEM042,1,33000,33000,
DTL06202,ORD03798,ITEM046,3,29000,87000,
DTL06203,ORD03799,ITEM006,3,50000,150000,extra hot
DTL06204,ORD03799,ITEM061,2,59000,118000,
DTL06205,ORD03800,ITEM045,1,36000,36000,
DTL06206,ORD03800,ITEM075,1,29000,29000,
DTL06207,ORD03801,ITEM032,1,27000,27000,
DTL06208,ORD03802,ITEM049,1,28000,28000,
DTL06209,ORD03802,ITEM033,3,39000,117000,
DTL06210,ORD03802,ITEM001,1,29000,29000,
DTL06211,ORD03803,ITEM061,1,59000,59000,
DTL06212,ORD03804,ITEM043,1,27000,27000,
DTL06213,ORD03805,ITEM024,2,27000,54000,less sugar
DTL06214,ORD03806,ITEM062,1,44000,44000,
DTL06215,ORD03807,ITEM034,1,30000,30000,
DTL06216,ORD03807,ITEM031,1,21000,21000,
DTL06217,ORD03807,ITEM037,1,27000,27000,
DTL06218,ORD03808,ITEM063,3,67000,201000,
DTL06219,ORD03809,ITEM036,1,25000,25000,
DTL06220,ORD03809,ITEM071,1,26000,26000,
DTL06221,ORD03810,ITEM031,2,21000,42000,extra shot
DTL06222,ORD03811,ITEM012,2,51000,102000,
DTL06223,ORD03812,ITEM035,1,30000,30000,tanpa susu
DTL06224,ORD03812,ITEM071,1,26000,26000,
DTL06225,ORD03813,ITEM006,1,50000,50000,
DTL06226,ORD03814,ITEM069,1,60000,60000,
DTL06227,ORD03814,ITEM073,1,22000,22000,
DTL06228,ORD03814,ITEM030,1,27000,27000,
DTL06229,ORD03814,ITEM057,1,72000,72000,
DTL06230,ORD03815,ITEM032,1,27000,27000,
DTL06231,ORD03816,ITEM075,1,29000,29000,less sugar
DTL06232,ORD03816,ITEM053,1,68000,68000,
DTL06233,ORD03817,ITEM047,2,20000,40000,
DTL06234,ORD03817,ITEM003,1,37000,37000,
DTL06235,ORD03818,ITEM043,3,27000,81000,
DTL06236,ORD03819,ITEM064,1,38000,38000,
DTL06237,ORD03819,ITEM067,1,63000,63000,
DTL06238,ORD03820,ITEM002,1,40000,40000,
DTL06239,ORD03821,ITEM078,1,18000,18000,no ice
DTL06240,ORD03822,ITEM063,1,67000,67000,extra shot
DTL06241,ORD03823,ITEM052,1,56000,56000,tanpa susu
DTL06242,ORD03823,ITEM054,1,65000,65000,
DTL06243,ORD03824,ITEM018,1,29000,29000,
DTL06244,ORD03825,ITEM066,1,45000,45000,
DTL06245,ORD03825,ITEM059,2,73000,146000,
DTL06246,ORD03826,ITEM063,1,67000,67000,
DTL06247,ORD03827,ITEM076,1,28000,28000,
DTL06248,ORD03827,ITEM072,1,18000,18000,
DTL06249,ORD03828,ITEM042,1,33000,33000,
DTL06250,ORD03829,ITEM029,1,37000,37000,
DTL06251,ORD03829,ITEM043,1,27000,27000,
DTL06252,ORD03830,ITEM007,1,24000,24000,
DTL06253,ORD03830,ITEM040,1,24000,24000,
DTL06254,ORD03831,ITEM036,2,25000,50000,
DTL06255,ORD03831,ITEM080,1,34000,34000,
DTL06256,ORD03832,ITEM067,1,63000,63000,
DTL06257,ORD03833,ITEM001,1,29000,29000,dingin
DTL06258,ORD03834,ITEM007,1,24000,24000,extra hot
DTL06259,ORD03834,ITEM061,2,59000,118000,
DTL06260,ORD03834,ITEM058,2,52000,104000,
DTL06261,ORD03835,ITEM072,1,18000,18000,
DTL06262,ORD03836,ITEM068,1,39000,39000,
DTL06263,ORD03837,ITEM057,1,72000,72000,
DTL06264,ORD03837,ITEM003,1,37000,37000,dingin
DTL06265,ORD03838,ITEM013,1,40000,40000,
DTL06266,ORD03839,ITEM015,1,50000,50000,panas
DTL06267,ORD03840,ITEM002,1,40000,40000,
DTL06268,ORD03841,ITEM058,1,52000,52000,
DTL06269,ORD03842,ITEM033,1,39000,39000,
DTL06270,ORD03842,ITEM080,2,34000,68000,
DTL06271,ORD03842,ITEM016,1,40000,40000,
DTL06272,ORD03843,ITEM007,3,24000,72000,
DTL06273,ORD03844,ITEM016,3,40000,120000,
DTL06274,ORD03845,ITEM060,2,73000,146000,
DTL06275,ORD03846,ITEM059,1,73000,73000,less ice
DTL06276,ORD03847,ITEM035,1,30000,30000,extra shot
DTL06277,ORD03848,ITEM046,1,29000,29000,
DTL06278,ORD03849,ITEM078,1,18000,18000,
DTL06279,ORD03849,ITEM008,1,36000,36000,
DTL06280,ORD03850,ITEM001,1,29000,29000,
DTL06281,ORD03850,ITEM025,1,41000,41000,
DTL06282,ORD03850,ITEM072,2,18000,36000,
DTL06283,ORD03851,ITEM010,1,35000,35000,tanpa gula
DTL06284,ORD03851,ITEM060,1,73000,73000,
DTL06285,ORD03852,ITEM073,1,22000,22000,
DTL06286,ORD03852,ITEM045,1,36000,36000,
DTL06287,ORD03853,ITEM060,1,73000,73000,
DTL06288,ORD03854,ITEM074,1,27000,27000,
DTL06289,ORD03855,ITEM063,1,67000,67000,
DTL06290,ORD03856,ITEM017,1,36000,36000,
DTL06291,ORD03857,ITEM013,1,40000,40000,no ice
DTL06292,ORD03858,ITEM076,1,28000,28000,
DTL06293,ORD03859,ITEM016,1,40000,40000,
DTL06294,ORD03860,ITEM053,1,68000,68000,
DTL06295,ORD03861,ITEM010,2,35000,70000,
DTL06296,ORD03862,ITEM068,1,39000,39000,gula sedikit
DTL06297,ORD03863,ITEM051,1,49000,49000,
DTL06298,ORD03864,ITEM075,2,29000,58000,
DTL06299,ORD03864,ITEM011,1,49000,49000,
DTL06300,ORD03865,ITEM073,1,22000,22000,
DTL06301,ORD03866,ITEM007,1,24000,24000,
DTL06302,ORD03867,ITEM007,2,24000,48000,tanpa susu
DTL06303,ORD03867,ITEM052,1,56000,56000,
DTL06304,ORD03868,ITEM061,1,59000,59000,
DTL06305,ORD03869,ITEM037,1,27000,27000,dingin
DTL06306,ORD03870,ITEM007,3,24000,72000,extra shot
DTL06307,ORD03871,ITEM029,1,37000,37000,
DTL06308,ORD03872,ITEM027,1,35000,35000,
DTL06309,ORD03873,ITEM058,1,52000,52000,
DTL06310,ORD03874,ITEM062,1,44000,44000,
DTL06311,ORD03875,ITEM076,1,28000,28000,
DTL06312,ORD03876,ITEM050,1,27000,27000,
DTL06313,ORD03876,ITEM067,1,63000,63000,
DTL06314,ORD03877,ITEM030,2,27000,54000,
DTL06315,ORD03878,ITEM061,2,59000,118000,
DTL06316,ORD03878,ITEM003,1,37000,37000,
DTL06317,ORD03879,ITEM006,1,50000,50000,
DTL06318,ORD03880,ITEM015,2,50000,100000,
DTL06319,ORD03880,ITEM028,1,27000,27000,
DTL06320,ORD03880,ITEM013,1,40000,40000,
DTL06321,ORD03881,ITEM018,1,29000,29000,
DTL06322,ORD03882,ITEM080,2,34000,68000,
DTL06323,ORD03883,ITEM062,1,44000,44000,
DTL06324,ORD03884,ITEM032,1,27000,27000,
DTL06325,ORD03884,ITEM030,1,27000,27000,
DTL06326,ORD03885,ITEM044,1,39000,39000,
DTL06327,ORD03886,ITEM050,1,27000,27000,
DTL06328,ORD03886,ITEM062,1,44000,44000,
DTL06329,ORD03886,ITEM043,1,27000,27000,
DTL06330,ORD03887,ITEM058,1,52000,52000,
DTL06331,ORD03888,ITEM067,1,63000,63000,
DTL06332,ORD03889,ITEM051,1,49000,49000,
DTL06333,ORD03890,ITEM027,2,35000,70000,
DTL06334,ORD03891,ITEM041,1,26000,26000,
DTL06335,ORD03891,ITEM033,2,39000,78000,
DTL06336,ORD03892,ITEM059,1,73000,73000,
DTL06337,ORD03893,ITEM032,1,27000,27000,extra shot
DTL06338,ORD03894,ITEM057,1,72000,72000,tambah whip cream
DTL06339,ORD03894,ITEM066,1,45000,45000,
DTL06340,ORD03895,ITEM052,1,56000,56000,tambah whip cream
DTL06341,ORD03896,ITEM006,1,50000,50000,
DTL06342,ORD03897,ITEM052,1,56000,56000,
DTL06343,ORD03897,ITEM002,1,40000,40000,
DTL06344,ORD03898,ITEM027,1,35000,35000,
DTL06345,ORD03898,ITEM060,1,73000,73000,
DTL06346,ORD03898,ITEM045,1,36000,36000,dingin
DTL06347,ORD03899,ITEM011,1,49000,49000,
DTL06348,ORD03900,ITEM059,1,73000,73000,
DTL06349,ORD03900,ITEM077,1,23000,23000,
DTL06350,ORD03901,ITEM024,1,27000,27000,extra hot
DTL06351,ORD03902,ITEM001,1,29000,29000,
DTL06352,ORD03902,ITEM025,1,41000,41000,
DTL06353,ORD03903,ITEM069,1,60000,60000,
DTL06354,ORD03904,ITEM001,1,29000,29000,
DTL06355,ORD03904,ITEM078,1,18000,18000,
DTL06356,ORD03905,ITEM005,1,28000,28000,
DTL06357,ORD03906,ITEM061,1,59000,59000,
DTL06358,ORD03906,ITEM041,2,26000,52000,
DTL06359,ORD03907,ITEM080,1,34000,34000,
DTL06360,ORD03907,ITEM045,1,36000,36000,
DTL06361,ORD03908,ITEM017,1,36000,36000,
DTL06362,ORD03908,ITEM037,1,27000,27000,ekstra creamer
DTL06363,ORD03908,ITEM010,1,35000,35000,
DTL06364,ORD03909,ITEM029,1,37000,37000,
DTL06365,ORD03910,ITEM066,1,45000,45000,
DTL06366,ORD03910,ITEM033,1,39000,39000,less ice
DTL06367,ORD03911,ITEM057,1,72000,72000,dingin
DTL06368,ORD03912,ITEM024,1,27000,27000,tambah whip cream
DTL06369,ORD03913,ITEM073,1,22000,22000,gula sedikit
DTL06370,ORD03914,ITEM058,1,52000,52000,dingin
DTL06371,ORD03915,ITEM043,1,27000,27000,
DTL06372,ORD03916,ITEM029,1,37000,37000,
DTL06373,ORD03917,ITEM019,2,47000,94000,
DTL06374,ORD03918,ITEM010,2,35000,70000,
DTL06375,ORD03918,ITEM044,1,39000,39000,
DTL06376,ORD03919,ITEM080,1,34000,34000,
DTL06377,ORD03919,ITEM043,1,27000,27000,
DTL06378,ORD03920,ITEM046,1,29000,29000,
DTL06379,ORD03921,ITEM066,1,45000,45000,tambah whip cream
DTL06380,ORD03921,ITEM077,1,23000,23000,extra hot
DTL06381,ORD03922,ITEM010,1,35000,35000,
DTL06382,ORD03922,ITEM011,1,49000,49000,
DTL06383,ORD03923,ITEM019,3,47000,141000,
DTL06384,ORD03923,ITEM024,1,27000,27000,
DTL06385,ORD03924,ITEM053,1,68000,68000,
DTL06386,ORD03924,ITEM009,1,24000,24000,
DTL06387,ORD03925,ITEM068,1,39000,39000,
DTL06388,ORD03926,ITEM057,2,72000,144000,
DTL06389,ORD03927,ITEM031,1,21000,21000,
DTL06390,ORD03928,ITEM017,1,36000,36000,
DTL06391,ORD03928,ITEM074,1,27000,27000,
DTL06392,ORD03929,ITEM044,1,39000,39000,
DTL06393,ORD03929,ITEM011,1,49000,49000,
DTL06394,ORD03930,ITEM042,1,33000,33000,
DTL06395,ORD03930,ITEM051,1,49000,49000,less ice
DTL06396,ORD03931,ITEM040,1,24000,24000,
DTL06397,ORD03932,ITEM077,1,23000,23000,no ice
DTL06398,ORD03933,ITEM044,1,39000,39000,
DTL06399,ORD03934,ITEM018,2,29000,58000,
DTL06400,ORD03934,ITEM054,1,65000,65000,
DTL06401,ORD03935,ITEM042,1,33000,33000,
DTL06402,ORD03935,ITEM063,2,67000,134000,
DTL06403,ORD03936,ITEM013,1,40000,40000,gula sedikit
DTL06404,ORD03936,ITEM051,2,49000,98000,
DTL06405,ORD03936,ITEM076,2,28000,56000,
DTL06406,ORD03937,ITEM055,1,52000,52000,
DTL06407,ORD03938,ITEM019,1,47000,47000,
DTL06408,ORD03939,ITEM029,1,37000,37000,tambah whip cream
DTL06409,ORD03940,ITEM078,1,18000,18000,
DTL06410,ORD03940,ITEM035,1,30000,30000,
DTL06411,ORD03941,ITEM076,1,28000,28000,
DTL06412,ORD03942,ITEM045,1,36000,36000,
DTL06413,ORD03942,ITEM035,1,30000,30000,
DTL06414,ORD03943,ITEM003,1,37000,37000,tanpa susu
DTL06415,ORD03944,ITEM040,1,24000,24000,
DTL06416,ORD03945,ITEM001,1,29000,29000,extra hot
DTL06417,ORD03946,ITEM004,1,29000,29000,
DTL06418,ORD03946,ITEM076,1,28000,28000,no ice
DTL06419,ORD03947,ITEM038,1,39000,39000,
DTL06420,ORD03948,ITEM059,1,73000,73000,
DTL06421,ORD03948,ITEM024,1,27000,27000,dingin
DTL06422,ORD03948,ITEM004,1,29000,29000,no ice
DTL06423,ORD03949,ITEM057,1,72000,72000,
DTL06424,ORD03950,ITEM052,2,56000,112000,
DTL06425,ORD03950,ITEM075,2,29000,58000,
DTL06426,ORD03951,ITEM025,1,41000,41000,extra hot
DTL06427,ORD03951,ITEM061,2,59000,118000,
DTL06428,ORD03952,ITEM016,3,40000,120000,
DTL06429,ORD03953,ITEM077,1,23000,23000,
DTL06430,ORD03953,ITEM030,1,27000,27000,
DTL06431,ORD03954,ITEM052,1,56000,56000,
DTL06432,ORD03955,ITEM007,2,24000,48000,
DTL06433,ORD03956,ITEM025,1,41000,41000,
DTL06434,ORD03956,ITEM073,2,22000,44000,
DTL06435,ORD03956,ITEM080,1,34000,34000,
DTL06436,ORD03957,ITEM037,1,27000,27000,
DTL06437,ORD03958,ITEM015,1,50000,50000,
DTL06438,ORD03958,ITEM045,1,36000,36000,
DTL06439,ORD03959,ITEM008,1,36000,36000,ekstra creamer
DTL06440,ORD03960,ITEM016,1,40000,40000,
DTL06441,ORD03960,ITEM076,1,28000,28000,
DTL06442,ORD03961,ITEM057,1,72000,72000,
DTL06443,ORD03961,ITEM064,1,38000,38000,less ice
DTL06444,ORD03962,ITEM029,1,37000,37000,
DTL06445,ORD03962,ITEM057,1,72000,72000,
DTL06446,ORD03962,ITEM013,2,40000,80000,
DTL06447,ORD03963,ITEM069,1,60000,60000,
DTL06448,ORD03963,ITEM005,2,28000,56000,
DTL06449,ORD03964,ITEM078,1,18000,18000,ekstra creamer
DTL06450,ORD03964,ITEM057,1,72000,72000,
DTL06451,ORD03965,ITEM011,1,49000,49000,
DTL06452,ORD03965,ITEM045,2,36000,72000,
DTL06453,ORD03965,ITEM027,1,35000,35000,panas
DTL06454,ORD03966,ITEM046,1,29000,29000,
DTL06455,ORD03967,ITEM035,1,30000,30000,
DTL06456,ORD03967,ITEM007,1,24000,24000,
DTL06457,ORD03967,ITEM074,1,27000,27000,
DTL06458,ORD03968,ITEM057,1,72000,72000,
DTL06459,ORD03969,ITEM074,1,27000,27000,
DTL06460,ORD03969,ITEM042,1,33000,33000,
DTL06461,ORD03970,ITEM058,1,52000,52000,
DTL06462,ORD03971,ITEM004,2,29000,58000,
DTL06463,ORD03972,ITEM055,1,52000,52000,less ice
DTL06464,ORD03973,ITEM028,2,27000,54000,
DTL06465,ORD03974,ITEM004,1,29000,29000,
DTL06466,ORD03974,ITEM067,1,63000,63000,dingin
DTL06467,ORD03975,ITEM061,1,59000,59000,
DTL06468,ORD03975,ITEM072,1,18000,18000,tanpa gula
DTL06469,ORD03975,ITEM069,1,60000,60000,
DTL06470,ORD03976,ITEM005,1,28000,28000,
DTL06471,ORD03976,ITEM072,1,18000,18000,
DTL06472,ORD03976,ITEM064,1,38000,38000,
DTL06473,ORD03976,ITEM053,1,68000,68000,
DTL06474,ORD03977,ITEM040,1,24000,24000,
DTL06475,ORD03977,ITEM057,1,72000,72000,
DTL06476,ORD03978,ITEM012,1,51000,51000,
DTL06477,ORD03979,ITEM064,1,38000,38000,
DTL06478,ORD03979,ITEM045,1,36000,36000,
DTL06479,ORD03980,ITEM061,3,59000,177000,gula sedikit
DTL06480,ORD03981,ITEM050,1,27000,27000,extra hot
DTL06481,ORD03981,ITEM004,1,29000,29000,
DTL06482,ORD03981,ITEM049,1,28000,28000,
DTL06483,ORD03982,ITEM011,1,49000,49000,
DTL06484,ORD03983,ITEM078,1,18000,18000,
DTL06485,ORD03983,ITEM063,1,67000,67000,dingin
DTL06486,ORD03984,ITEM061,1,59000,59000,ekstra creamer
DTL06487,ORD03984,ITEM068,1,39000,39000,
DTL06488,ORD03985,ITEM054,1,65000,65000,
DTL06489,ORD03986,ITEM068,1,39000,39000,
DTL06490,ORD03986,ITEM017,1,36000,36000,
DTL06491,ORD03987,ITEM047,2,20000,40000,
DTL06492,ORD03988,ITEM009,1,24000,24000,ekstra creamer
DTL06493,ORD03989,ITEM037,1,27000,27000,
DTL06494,ORD03989,ITEM053,1,68000,68000,
DTL06495,ORD03990,ITEM062,1,44000,44000,panas
DTL06496,ORD03990,ITEM022,1,52000,52000,
DTL06497,ORD03991,ITEM004,2,29000,58000,
DTL06498,ORD03991,ITEM008,1,36000,36000,
DTL06499,ORD03991,ITEM056,3,51000,153000,
DTL06500,ORD03991,ITEM059,1,73000,73000,
DTL06501,ORD03992,ITEM028,1,27000,27000,
DTL06502,ORD03992,ITEM041,2,26000,52000,no ice
DTL06503,ORD03993,ITEM037,1,27000,27000,
DTL06504,ORD03994,ITEM013,3,40000,120000,
DTL06505,ORD03995,ITEM057,1,72000,72000,
DTL06506,ORD03995,ITEM050,1,27000,27000,
DTL06507,ORD03996,ITEM063,1,67000,67000,
DTL06508,ORD03997,ITEM041,3,26000,78000,
DTL06509,ORD03998,ITEM063,3,67000,201000,
DTL06510,ORD03999,ITEM061,1,59000,59000,
DTL06511,ORD03999,ITEM080,1,34000,34000,
DTL06512,ORD04000,ITEM027,1,35000,35000,
DTL06513,ORD04000,ITEM032,1,27000,27000,
DTL06514,ORD04001,ITEM029,1,37000,37000,
DTL06515,ORD04001,ITEM045,1,36000,36000,
DTL06516,ORD04002,ITEM061,2,59000,118000,
DTL06517,ORD04002,ITEM077,1,23000,23000,
DTL06518,ORD04003,ITEM062,1,44000,44000,
DTL06519,ORD04003,ITEM077,1,23000,23000,
DTL06520,ORD04003,ITEM043,1,27000,27000,
DTL06521,ORD04004,ITEM069,1,60000,60000,
DTL06522,ORD04004,ITEM052,1,56000,56000,
DTL06523,ORD04005,ITEM076,1,28000,28000,
DTL06524,ORD04005,ITEM004,1,29000,29000,
DTL06525,ORD04006,ITEM001,1,29000,29000,
DTL06526,ORD04006,ITEM016,1,40000,40000,
DTL06527,ORD04007,ITEM017,1,36000,36000,
DTL06528,ORD04007,ITEM075,1,29000,29000,
DTL06529,ORD04007,ITEM069,1,60000,60000,
DTL06530,ORD04008,ITEM053,3,68000,204000,
DTL06531,ORD04008,ITEM057,1,72000,72000,
DTL06532,ORD04009,ITEM078,1,18000,18000,
DTL06533,ORD04010,ITEM058,1,52000,52000,
DTL06534,ORD04011,ITEM029,2,37000,74000,
DTL06535,ORD04011,ITEM068,1,39000,39000,
DTL06536,ORD04012,ITEM031,1,21000,21000,
DTL06537,ORD04012,ITEM018,3,29000,87000,ekstra creamer
DTL06538,ORD04013,ITEM047,2,20000,40000,
DTL06539,ORD04013,ITEM063,1,67000,67000,
DTL06540,ORD04014,ITEM001,2,29000,58000,
DTL06541,ORD04015,ITEM013,1,40000,40000,
DTL06542,ORD04016,ITEM062,1,44000,44000,gula sedikit
DTL06543,ORD04017,ITEM073,1,22000,22000,
DTL06544,ORD04018,ITEM017,2,36000,72000,
DTL06545,ORD04018,ITEM077,1,23000,23000,
DTL06546,ORD04019,ITEM018,1,29000,29000,
DTL06547,ORD04020,ITEM003,1,37000,37000,
DTL06548,ORD04021,ITEM019,1,47000,47000,
DTL06549,ORD04021,ITEM030,1,27000,27000,
DTL06550,ORD04022,ITEM074,1,27000,27000,gula sedikit
DTL06551,ORD04023,ITEM049,1,28000,28000,
DTL06552,ORD04023,ITEM067,2,63000,126000,less ice
DTL06553,ORD04024,ITEM059,1,73000,73000,
DTL06554,ORD04025,ITEM057,1,72000,72000,
DTL06555,ORD04026,ITEM001,1,29000,29000,
DTL06556,ORD04026,ITEM063,1,67000,67000,
DTL06557,ORD04027,ITEM018,2,29000,58000,
DTL06558,ORD04028,ITEM049,3,28000,84000,
DTL06559,ORD04028,ITEM034,1,30000,30000,tanpa susu
DTL06560,ORD04029,ITEM069,1,60000,60000,
DTL06561,ORD04030,ITEM027,1,35000,35000,
DTL06562,ORD04030,ITEM028,1,27000,27000,tanpa susu
DTL06563,ORD04031,ITEM067,1,63000,63000,panas
DTL06564,ORD04031,ITEM055,1,52000,52000,
DTL06565,ORD04032,ITEM011,2,49000,98000,
DTL06566,ORD04033,ITEM073,1,22000,22000,
DTL06567,ORD04034,ITEM072,1,18000,18000,
DTL06568,ORD04035,ITEM046,1,29000,29000,
DTL06569,ORD04036,ITEM008,1,36000,36000,
DTL06570,ORD04037,ITEM003,1,37000,37000,
DTL06571,ORD04038,ITEM010,1,35000,35000,dingin
DTL06572,ORD04038,ITEM024,1,27000,27000,
DTL06573,ORD04038,ITEM068,1,39000,39000,tanpa gula
DTL06574,ORD04039,ITEM013,2,40000,80000,
DTL06575,ORD04039,ITEM055,1,52000,52000,
DTL06576,ORD04040,ITEM075,1,29000,29000,no ice
DTL06577,ORD04041,ITEM056,1,51000,51000,
DTL06578,ORD04041,ITEM052,1,56000,56000,
DTL06579,ORD04041,ITEM062,1,44000,44000,extra shot
DTL06580,ORD04042,ITEM025,2,41000,82000,
DTL06581,ORD04042,ITEM067,1,63000,63000,
DTL06582,ORD04043,ITEM066,1,45000,45000,tanpa susu
DTL06583,ORD04044,ITEM068,1,39000,39000,
DTL06584,ORD04045,ITEM034,1,30000,30000,
DTL06585,ORD04045,ITEM036,1,25000,25000,ekstra creamer
DTL06586,ORD04046,ITEM080,2,34000,68000,
DTL06587,ORD04047,ITEM033,1,39000,39000,
DTL06588,ORD04048,ITEM025,1,41000,41000,
DTL06589,ORD04048,ITEM052,1,56000,56000,
DTL06590,ORD04048,ITEM050,1,27000,27000,
DTL06591,ORD04048,ITEM073,1,22000,22000,
DTL06592,ORD04049,ITEM043,1,27000,27000,
DTL06593,ORD04050,ITEM043,1,27000,27000,
DTL06594,ORD04050,ITEM080,1,34000,34000,
DTL06595,ORD04050,ITEM058,1,52000,52000,
DTL06596,ORD04050,ITEM072,2,18000,36000,
DTL06597,ORD04051,ITEM022,1,52000,52000,
DTL06598,ORD04052,ITEM008,2,36000,72000,
DTL06599,ORD04052,ITEM011,2,49000,98000,
DTL06600,ORD04053,ITEM068,1,39000,39000,
DTL06601,ORD04054,ITEM003,1,37000,37000,
DTL06602,ORD04054,ITEM024,1,27000,27000,
DTL06603,ORD04054,ITEM028,1,27000,27000,
DTL06604,ORD04055,ITEM071,1,26000,26000,
DTL06605,ORD04055,ITEM038,1,39000,39000,
DTL06606,ORD04055,ITEM012,1,51000,51000,panas
DTL06607,ORD04056,ITEM052,1,56000,56000,
DTL06608,ORD04056,ITEM060,1,73000,73000,
DTL06609,ORD04057,ITEM049,1,28000,28000,
DTL06610,ORD04058,ITEM058,1,52000,52000,
DTL06611,ORD04059,ITEM051,1,49000,49000,dingin
DTL06612,ORD04060,ITEM003,3,37000,111000,
DTL06613,ORD04060,ITEM040,1,24000,24000,
DTL06614,ORD04060,ITEM031,1,21000,21000,panas
DTL06615,ORD04061,ITEM011,1,49000,49000,
DTL06616,ORD04061,ITEM007,1,24000,24000,
DTL06617,ORD04061,ITEM005,1,28000,28000,dingin
DTL06618,ORD04062,ITEM025,1,41000,41000,
DTL06619,ORD04063,ITEM058,1,52000,52000,extra shot
DTL06620,ORD04063,ITEM018,2,29000,58000,
DTL06621,ORD04064,ITEM015,1,50000,50000,
DTL06622,ORD04065,ITEM033,2,39000,78000,tanpa susu
DTL06623,ORD04066,ITEM063,1,67000,67000,
DTL06624,ORD04067,ITEM049,1,28000,28000,
DTL06625,ORD04067,ITEM017,1,36000,36000,
DTL06626,ORD04067,ITEM037,1,27000,27000,
DTL06627,ORD04068,ITEM004,1,29000,29000,
DTL06628,ORD04068,ITEM038,1,39000,39000,
DTL06629,ORD04069,ITEM044,1,39000,39000,
DTL06630,ORD04069,ITEM043,2,27000,54000,
DTL06631,ORD04070,ITEM064,1,38000,38000,
DTL06632,ORD04070,ITEM035,1,30000,30000,
DTL06633,ORD04071,ITEM011,1,49000,49000,
DTL06634,ORD04072,ITEM042,1,33000,33000,
DTL06635,ORD04072,ITEM040,1,24000,24000,
DTL06636,ORD04073,ITEM049,1,28000,28000,
DTL06637,ORD04074,ITEM042,1,33000,33000,tanpa gula
DTL06638,ORD04074,ITEM055,1,52000,52000,
DTL06639,ORD04075,ITEM017,1,36000,36000,
DTL06640,ORD04075,ITEM049,1,28000,28000,
DTL06641,ORD04076,ITEM017,1,36000,36000,tambah whip cream
DTL06642,ORD04077,ITEM076,2,28000,56000,
DTL06643,ORD04078,ITEM075,1,29000,29000,
DTL06644,ORD04078,ITEM028,2,27000,54000,
DTL06645,ORD04078,ITEM003,1,37000,37000,
DTL06646,ORD04079,ITEM022,1,52000,52000,
DTL06647,ORD04080,ITEM002,1,40000,40000,
DTL06648,ORD04081,ITEM075,1,29000,29000,
DTL06649,ORD04081,ITEM077,1,23000,23000,
DTL06650,ORD04082,ITEM001,2,29000,58000,
DTL06651,ORD04083,ITEM056,1,51000,51000,
DTL06652,ORD04084,ITEM007,1,24000,24000,
DTL06653,ORD04084,ITEM080,1,34000,34000,
DTL06654,ORD04084,ITEM049,2,28000,56000,
DTL06655,ORD04085,ITEM016,1,40000,40000,
DTL06656,ORD04085,ITEM015,3,50000,150000,panas
DTL06657,ORD04086,ITEM003,1,37000,37000,
DTL06658,ORD04086,ITEM015,1,50000,50000,
DTL06659,ORD04087,ITEM062,1,44000,44000,
DTL06660,ORD04088,ITEM011,1,49000,49000,less ice
DTL06661,ORD04088,ITEM045,1,36000,36000,
DTL06662,ORD04089,ITEM052,1,56000,56000,extra shot
DTL06663,ORD04089,ITEM024,1,27000,27000,
DTL06664,ORD04090,ITEM016,3,40000,120000,
DTL06665,ORD04091,ITEM016,1,40000,40000,
DTL06666,ORD04091,ITEM076,1,28000,28000,
DTL06667,ORD04091,ITEM074,1,27000,27000,
DTL06668,ORD04092,ITEM062,1,44000,44000,
DTL06669,ORD04092,ITEM046,1,29000,29000,
DTL06670,ORD04093,ITEM015,1,50000,50000,
DTL06671,ORD04093,ITEM001,1,29000,29000,
DTL06672,ORD04093,ITEM060,1,73000,73000,
DTL06673,ORD04094,ITEM017,1,36000,36000,
DTL06674,ORD04094,ITEM072,2,18000,36000,
DTL06675,ORD04095,ITEM006,1,50000,50000,
DTL06676,ORD04095,ITEM033,1,39000,39000,
DTL06677,ORD04095,ITEM041,1,26000,26000,tanpa susu
DTL06678,ORD04096,ITEM059,1,73000,73000,
DTL06679,ORD04096,ITEM080,1,34000,34000,panas
DTL06680,ORD04097,ITEM036,1,25000,25000,
DTL06681,ORD04097,ITEM007,1,24000,24000,
DTL06682,ORD04098,ITEM008,1,36000,36000,
DTL06683,ORD04099,ITEM050,1,27000,27000,
DTL06684,ORD04100,ITEM063,1,67000,67000,
DTL06685,ORD04100,ITEM057,1,72000,72000,tambah whip cream
DTL06686,ORD04100,ITEM050,1,27000,27000,
DTL06687,ORD04101,ITEM056,1,51000,51000,
DTL06688,ORD04101,ITEM036,1,25000,25000,
DTL06689,ORD04102,ITEM028,1,27000,27000,tambah whip cream
DTL06690,ORD04103,ITEM054,2,65000,130000,
DTL06691,ORD04104,ITEM003,1,37000,37000,
DTL06692,ORD04104,ITEM008,1,36000,36000,tanpa susu
DTL06693,ORD04105,ITEM064,1,38000,38000,tanpa gula
DTL06694,ORD04106,ITEM040,1,24000,24000,
DTL06695,ORD04106,ITEM004,1,29000,29000,
DTL06696,ORD04106,ITEM003,1,37000,37000,
DTL06697,ORD04106,ITEM050,1,27000,27000,
DTL06698,ORD04107,ITEM007,2,24000,48000,
DTL06699,ORD04107,ITEM067,1,63000,63000,
DTL06700,ORD04108,ITEM073,1,22000,22000,tanpa gula
DTL06701,ORD04109,ITEM035,1,30000,30000,
DTL06702,ORD04110,ITEM061,1,59000,59000,gula sedikit
DTL06703,ORD04110,ITEM027,1,35000,35000,
DTL06704,ORD04111,ITEM032,1,27000,27000,no ice
DTL06705,ORD04112,ITEM018,1,29000,29000,
DTL06706,ORD04112,ITEM033,1,39000,39000,
DTL06707,ORD04113,ITEM059,1,73000,73000,
DTL06708,ORD04113,ITEM069,1,60000,60000,
DTL06709,ORD04114,ITEM061,1,59000,59000,
DTL06710,ORD04115,ITEM043,1,27000,27000,
DTL06711,ORD04116,ITEM030,1,27000,27000,
DTL06712,ORD04117,ITEM001,1,29000,29000,
DTL06713,ORD04118,ITEM055,1,52000,52000,
DTL06714,ORD04118,ITEM013,3,40000,120000,
DTL06715,ORD04118,ITEM028,1,27000,27000,no ice
DTL06716,ORD04119,ITEM069,2,60000,120000,
DTL06717,ORD04120,ITEM019,1,47000,47000,
DTL06718,ORD04121,ITEM028,1,27000,27000,
DTL06719,ORD04122,ITEM046,1,29000,29000,ekstra creamer
DTL06720,ORD04122,ITEM035,1,30000,30000,
DTL06721,ORD04122,ITEM033,1,39000,39000,
DTL06722,ORD04122,ITEM030,1,27000,27000,
DTL06723,ORD04123,ITEM033,1,39000,39000,
DTL06724,ORD04123,ITEM008,1,36000,36000,
DTL06725,ORD04124,ITEM016,1,40000,40000,
DTL06726,ORD04125,ITEM057,1,72000,72000,
DTL06727,ORD04125,ITEM061,1,59000,59000,
DTL06728,ORD04126,ITEM077,2,23000,46000,ekstra creamer
DTL06729,ORD04126,ITEM035,1,30000,30000,
DTL06730,ORD04127,ITEM063,1,67000,67000,
DTL06731,ORD04127,ITEM053,1,68000,68000,
DTL06732,ORD04128,ITEM044,1,39000,39000,
DTL06733,ORD04129,ITEM075,1,29000,29000,
DTL06734,ORD04130,ITEM044,1,39000,39000,
DTL06735,ORD04130,ITEM042,1,33000,33000,
DTL06736,ORD04131,ITEM011,1,49000,49000,
DTL06737,ORD04131,ITEM040,1,24000,24000,
DTL06738,ORD04131,ITEM028,1,27000,27000,
DTL06739,ORD04131,ITEM017,1,36000,36000,
DTL06740,ORD04132,ITEM058,2,52000,104000,
DTL06741,ORD04132,ITEM016,1,40000,40000,
DTL06742,ORD04133,ITEM064,2,38000,76000,
DTL06743,ORD04133,ITEM028,1,27000,27000,
DTL06744,ORD04134,ITEM038,1,39000,39000,
DTL06745,ORD04134,ITEM059,1,73000,73000,
DTL06746,ORD04135,ITEM025,1,41000,41000,
DTL06747,ORD04135,ITEM076,2,28000,56000,
DTL06748,ORD04135,ITEM011,1,49000,49000,
DTL06749,ORD04136,ITEM052,1,56000,56000,
DTL06750,ORD04137,ITEM069,2,60000,120000,
DTL06751,ORD04138,ITEM054,1,65000,65000,
DTL06752,ORD04139,ITEM009,1,24000,24000,
DTL06753,ORD04139,ITEM044,1,39000,39000,
DTL06754,ORD04140,ITEM076,1,28000,28000,
DTL06755,ORD04141,ITEM076,1,28000,28000,
DTL06756,ORD04141,ITEM035,1,30000,30000,extra shot
DTL06757,ORD04142,ITEM064,2,38000,76000,
DTL06758,ORD04142,ITEM006,1,50000,50000,
DTL06759,ORD04142,ITEM059,1,73000,73000,
DTL06760,ORD04143,ITEM049,1,28000,28000,
DTL06761,ORD04144,ITEM012,1,51000,51000,
DTL06762,ORD04145,ITEM057,1,72000,72000,
DTL06763,ORD04145,ITEM062,1,44000,44000,
DTL06764,ORD04146,ITEM010,1,35000,35000,
DTL06765,ORD04147,ITEM025,2,41000,82000,
DTL06766,ORD04147,ITEM013,1,40000,40000,
DTL06767,ORD04147,ITEM058,2,52000,104000,
DTL06768,ORD04147,ITEM049,1,28000,28000,
DTL06769,ORD04148,ITEM031,1,21000,21000,
DTL06770,ORD04148,ITEM024,1,27000,27000,
DTL06771,ORD04149,ITEM029,1,37000,37000,ekstra creamer
DTL06772,ORD04149,ITEM077,1,23000,23000,
DTL06773,ORD04150,ITEM003,1,37000,37000,
DTL06774,ORD04150,ITEM067,1,63000,63000,
DTL06775,ORD04151,ITEM001,1,29000,29000,tanpa susu
DTL06776,ORD04151,ITEM064,2,38000,76000,
DTL06777,ORD04152,ITEM004,1,29000,29000,
DTL06778,ORD04152,ITEM053,1,68000,68000,
DTL06779,ORD04152,ITEM040,1,24000,24000,
DTL06780,ORD04153,ITEM052,2,56000,112000,
DTL06781,ORD04154,ITEM005,1,28000,28000,
DTL06782,ORD04155,ITEM046,1,29000,29000,
DTL06783,ORD04156,ITEM068,2,39000,78000,less ice
DTL06784,ORD04157,ITEM064,2,38000,76000,
DTL06785,ORD04157,ITEM051,1,49000,49000,
DTL06786,ORD04158,ITEM055,1,52000,52000,no ice
DTL06787,ORD04158,ITEM019,1,47000,47000,
DTL06788,ORD04159,ITEM049,1,28000,28000,
DTL06789,ORD04160,ITEM009,1,24000,24000,
DTL06790,ORD04160,ITEM041,1,26000,26000,
DTL06791,ORD04161,ITEM069,2,60000,120000,
DTL06792,ORD04161,ITEM063,1,67000,67000,
DTL06793,ORD04161,ITEM013,1,40000,40000,
DTL06794,ORD04161,ITEM042,2,33000,66000,
DTL06795,ORD04162,ITEM054,1,65000,65000,
DTL06796,ORD04163,ITEM028,1,27000,27000,gula sedikit
DTL06797,ORD04164,ITEM028,1,27000,27000,
DTL06798,ORD04165,ITEM036,1,25000,25000,
DTL06799,ORD04165,ITEM032,1,27000,27000,
DTL06800,ORD04165,ITEM045,1,36000,36000,tambah whip cream
DTL06801,ORD04166,ITEM074,1,27000,27000,
DTL06802,ORD04167,ITEM056,1,51000,51000,dingin
DTL06803,ORD04168,ITEM049,1,28000,28000,
DTL06804,ORD04169,ITEM080,1,34000,34000,panas
DTL06805,ORD04170,ITEM078,1,18000,18000,
DTL06806,ORD04170,ITEM002,1,40000,40000,
DTL06807,ORD04171,ITEM027,1,35000,35000,
DTL06808,ORD04172,ITEM024,1,27000,27000,
DTL06809,ORD04172,ITEM035,1,30000,30000,
DTL06810,ORD04173,ITEM080,1,34000,34000,
DTL06811,ORD04174,ITEM045,1,36000,36000,extra hot
DTL06812,ORD04175,ITEM059,1,73000,73000,no ice
DTL06813,ORD04175,ITEM031,1,21000,21000,
DTL06814,ORD04176,ITEM038,1,39000,39000,
DTL06815,ORD04176,ITEM066,1,45000,45000,tambah whip cream
DTL06816,ORD04177,ITEM066,1,45000,45000,
DTL06817,ORD04177,ITEM031,1,21000,21000,
DTL06818,ORD04178,ITEM007,1,24000,24000,
DTL06819,ORD04178,ITEM059,1,73000,73000,
DTL06820,ORD04179,ITEM053,2,68000,136000,ekstra creamer
DTL06821,ORD04179,ITEM076,1,28000,28000,
DTL06822,ORD04179,ITEM064,1,38000,38000,
DTL06823,ORD04180,ITEM044,1,39000,39000,
DTL06824,ORD04181,ITEM077,1,23000,23000,
DTL06825,ORD04182,ITEM053,1,68000,68000,
DTL06826,ORD04182,ITEM025,1,41000,41000,
DTL06827,ORD04183,ITEM066,1,45000,45000,
DTL06828,ORD04184,ITEM067,1,63000,63000,
DTL06829,ORD04184,ITEM045,1,36000,36000,
DTL06830,ORD04184,ITEM040,1,24000,24000,
DTL06831,ORD04185,ITEM003,2,37000,74000,tanpa susu
DTL06832,ORD04186,ITEM078,1,18000,18000,tanpa gula
DTL06833,ORD04187,ITEM035,2,30000,60000,panas
DTL06834,ORD04187,ITEM075,1,29000,29000,
DTL06835,ORD04188,ITEM004,1,29000,29000,
DTL06836,ORD04188,ITEM041,2,26000,52000,tambah whip cream
DTL06837,ORD04189,ITEM028,1,27000,27000,
DTL06838,ORD04190,ITEM080,1,34000,34000,
DTL06839,ORD04190,ITEM058,1,52000,52000,
DTL06840,ORD04191,ITEM057,1,72000,72000,dingin
DTL06841,ORD04192,ITEM038,2,39000,78000,
DTL06842,ORD04192,ITEM041,1,26000,26000,
DTL06843,ORD04193,ITEM067,1,63000,63000,
DTL06844,ORD04194,ITEM025,1,41000,41000,
DTL06845,ORD04195,ITEM022,1,52000,52000,ekstra creamer
DTL06846,ORD04196,ITEM064,1,38000,38000,
DTL06847,ORD04197,ITEM004,1,29000,29000,
DTL06848,ORD04198,ITEM078,1,18000,18000,
DTL06849,ORD04198,ITEM035,3,30000,90000,
DTL06850,ORD04199,ITEM073,1,22000,22000,
DTL06851,ORD04199,ITEM071,1,26000,26000,
DTL06852,ORD04200,ITEM069,1,60000,60000,tambah whip cream
DTL06853,ORD04200,ITEM080,2,34000,68000,
DTL06854,ORD04201,ITEM032,1,27000,27000,
DTL06855,ORD04201,ITEM029,1,37000,37000,
DTL06856,ORD04202,ITEM040,1,24000,24000,extra shot
DTL06857,ORD04202,ITEM052,1,56000,56000,ekstra creamer
DTL06858,ORD04202,ITEM043,1,27000,27000,
DTL06859,ORD04203,ITEM058,1,52000,52000,
DTL06860,ORD04204,ITEM027,1,35000,35000,
DTL06861,ORD04204,ITEM030,1,27000,27000,
DTL06862,ORD04204,ITEM066,2,45000,90000,
DTL06863,ORD04204,ITEM056,1,51000,51000,
DTL06864,ORD04205,ITEM010,1,35000,35000,
DTL06865,ORD04206,ITEM010,1,35000,35000,extra hot
DTL06866,ORD04207,ITEM074,2,27000,54000,
DTL06867,ORD04208,ITEM013,1,40000,40000,
DTL06868,ORD04208,ITEM027,1,35000,35000,
DTL06869,ORD04209,ITEM044,1,39000,39000,
DTL06870,ORD04210,ITEM041,1,26000,26000,
DTL06871,ORD04211,ITEM045,1,36000,36000,
DTL06872,ORD04212,ITEM001,1,29000,29000,
DTL06873,ORD04212,ITEM075,1,29000,29000,
DTL06874,ORD04213,ITEM052,1,56000,56000,panas
DTL06875,ORD04214,ITEM069,1,60000,60000,tanpa gula
DTL06876,ORD04215,ITEM017,1,36000,36000,extra shot
DTL06877,ORD04216,ITEM037,1,27000,27000,
DTL06878,ORD04216,ITEM002,1,40000,40000,
DTL06879,ORD04217,ITEM030,1,27000,27000,tanpa gula
DTL06880,ORD04218,ITEM045,1,36000,36000,
DTL06881,ORD04218,ITEM002,2,40000,80000,
DTL06882,ORD04219,ITEM002,1,40000,40000,
DTL06883,ORD04220,ITEM050,1,27000,27000,
DTL06884,ORD04221,ITEM049,1,28000,28000,
DTL06885,ORD04222,ITEM075,1,29000,29000,
DTL06886,ORD04222,ITEM059,2,73000,146000,
DTL06887,ORD04223,ITEM015,1,50000,50000,
DTL06888,ORD04224,ITEM031,2,21000,42000,
DTL06889,ORD04225,ITEM078,1,18000,18000,
DTL06890,ORD04226,ITEM078,2,18000,36000,
DTL06891,ORD04226,ITEM075,1,29000,29000,
DTL06892,ORD04227,ITEM045,1,36000,36000,
DTL06893,ORD04228,ITEM071,2,26000,52000,
DTL06894,ORD04229,ITEM030,1,27000,27000,
DTL06895,ORD04229,ITEM046,1,29000,29000,
DTL06896,ORD04230,ITEM024,1,27000,27000,
DTL06897,ORD04231,ITEM011,1,49000,49000,
DTL06898,ORD04231,ITEM080,1,34000,34000,
DTL06899,ORD04232,ITEM042,1,33000,33000,extra hot
DTL06900,ORD04232,ITEM060,1,73000,73000,
DTL06901,ORD04233,ITEM034,1,30000,30000,
DTL06902,ORD04234,ITEM028,1,27000,27000,extra hot
DTL06903,ORD04235,ITEM003,1,37000,37000,
DTL06904,ORD04236,ITEM012,1,51000,51000,
DTL06905,ORD04237,ITEM022,3,52000,156000,
DTL06906,ORD04238,ITEM011,1,49000,49000,
DTL06907,ORD04239,ITEM010,1,35000,35000,
DTL06908,ORD04239,ITEM068,1,39000,39000,
DTL06909,ORD04239,ITEM058,1,52000,52000,
DTL06910,ORD04239,ITEM016,2,40000,80000,
DTL06911,ORD04240,ITEM034,1,30000,30000,
DTL06912,ORD04241,ITEM031,2,21000,42000,panas
DTL06913,ORD04241,ITEM013,1,40000,40000,
DTL06914,ORD04242,ITEM034,1,30000,30000,
DTL06915,ORD04242,ITEM066,1,45000,45000,
DTL06916,ORD04243,ITEM030,1,27000,27000,
DTL06917,ORD04243,ITEM018,1,29000,29000,
DTL06918,ORD04244,ITEM009,1,24000,24000,
DTL06919,ORD04245,ITEM001,1,29000,29000,
DTL06920,ORD04246,ITEM013,1,40000,40000,
DTL06921,ORD04247,ITEM066,1,45000,45000,
DTL06922,ORD04248,ITEM080,1,34000,34000,
DTL06923,ORD04249,ITEM052,1,56000,56000,
DTL06924,ORD04250,ITEM049,2,28000,56000,
DTL06925,ORD04250,ITEM041,1,26000,26000,extra hot
DTL06926,ORD04250,ITEM043,1,27000,27000,
DTL06927,ORD04251,ITEM002,2,40000,80000,
DTL06928,ORD04252,ITEM050,2,27000,54000,
DTL06929,ORD04252,ITEM011,1,49000,49000,
DTL06930,ORD04252,ITEM068,1,39000,39000,
DTL06931,ORD04253,ITEM033,1,39000,39000,
DTL06932,ORD04254,ITEM051,2,49000,98000,
DTL06933,ORD04254,ITEM008,1,36000,36000,
DTL06934,ORD04254,ITEM062,2,44000,88000,
DTL06935,ORD04255,ITEM004,1,29000,29000,
DTL06936,ORD04256,ITEM073,1,22000,22000,
DTL06937,ORD04257,ITEM006,1,50000,50000,
DTL06938,ORD04258,ITEM071,1,26000,26000,
DTL06939,ORD04258,ITEM059,1,73000,73000,
DTL06940,ORD04259,ITEM050,1,27000,27000,
DTL06941,ORD04260,ITEM022,1,52000,52000,
DTL06942,ORD04260,ITEM054,1,65000,65000,
DTL06943,ORD04261,ITEM075,1,29000,29000,tanpa susu
DTL06944,ORD04262,ITEM067,1,63000,63000,
DTL06945,ORD04262,ITEM073,1,22000,22000,
DTL06946,ORD04263,ITEM051,1,49000,49000,
DTL06947,ORD04263,ITEM052,1,56000,56000,less ice
DTL06948,ORD04263,ITEM032,1,27000,27000,
DTL06949,ORD04264,ITEM057,2,72000,144000,tanpa susu
DTL06950,ORD04265,ITEM075,3,29000,87000,dingin
DTL06951,ORD04265,ITEM049,1,28000,28000,
DTL06952,ORD04266,ITEM067,1,63000,63000,
DTL06953,ORD04266,ITEM047,1,20000,20000,
DTL06954,ORD04267,ITEM076,1,28000,28000,
DTL06955,ORD04268,ITEM074,1,27000,27000,
DTL06956,ORD04269,ITEM059,1,73000,73000,extra shot
DTL06957,ORD04270,ITEM071,1,26000,26000,
DTL06958,ORD04270,ITEM061,1,59000,59000,
DTL06959,ORD04271,ITEM001,1,29000,29000,
DTL06960,ORD04272,ITEM066,1,45000,45000,
DTL06961,ORD04273,ITEM008,1,36000,36000,
DTL06962,ORD04273,ITEM049,1,28000,28000,no ice
DTL06963,ORD04274,ITEM058,1,52000,52000,
DTL06964,ORD04274,ITEM032,1,27000,27000,
DTL06965,ORD04275,ITEM045,1,36000,36000,
DTL06966,ORD04275,ITEM044,1,39000,39000,
DTL06967,ORD04276,ITEM015,1,50000,50000,
DTL06968,ORD04277,ITEM057,1,72000,72000,
DTL06969,ORD04278,ITEM035,1,30000,30000,
DTL06970,ORD04278,ITEM043,1,27000,27000,
DTL06971,ORD04278,ITEM002,1,40000,40000,
DTL06972,ORD04279,ITEM064,1,38000,38000,gula sedikit
DTL06973,ORD04280,ITEM066,1,45000,45000,
DTL06974,ORD04281,ITEM072,1,18000,18000,
DTL06975,ORD04282,ITEM072,1,18000,18000,
DTL06976,ORD04282,ITEM015,1,50000,50000,
DTL06977,ORD04283,ITEM067,3,63000,189000,extra hot
DTL06978,ORD04283,ITEM018,1,29000,29000,gula sedikit
DTL06979,ORD04284,ITEM029,1,37000,37000,
DTL06980,ORD04285,ITEM071,2,26000,52000,
DTL06981,ORD04286,ITEM025,1,41000,41000,
DTL06982,ORD04286,ITEM006,1,50000,50000,
DTL06983,ORD04286,ITEM005,1,28000,28000,less sugar
DTL06984,ORD04287,ITEM032,1,27000,27000,
DTL06985,ORD04287,ITEM053,1,68000,68000,
DTL06986,ORD04287,ITEM005,1,28000,28000,
DTL06987,ORD04288,ITEM045,1,36000,36000,
DTL06988,ORD04289,ITEM046,2,29000,58000,
DTL06989,ORD04289,ITEM044,1,39000,39000,
DTL06990,ORD04290,ITEM012,1,51000,51000,
DTL06991,ORD04291,ITEM005,1,28000,28000,
DTL06992,ORD04291,ITEM011,1,49000,49000,
DTL06993,ORD04292,ITEM016,2,40000,80000,dingin
DTL06994,ORD04292,ITEM010,2,35000,70000,extra hot
DTL06995,ORD04293,ITEM042,3,33000,99000,less ice
DTL06996,ORD04294,ITEM033,1,39000,39000,
DTL06997,ORD04295,ITEM033,1,39000,39000,less ice
DTL06998,ORD04295,ITEM007,1,24000,24000,
DTL06999,ORD04296,ITEM041,1,26000,26000,
DTL07000,ORD04297,ITEM057,1,72000,72000,
DTL07001,ORD04297,ITEM032,1,27000,27000,
DTL07002,ORD04298,ITEM025,1,41000,41000,
DTL07003,ORD04298,ITEM007,1,24000,24000,
DTL07004,ORD04299,ITEM063,2,67000,134000,panas
DTL07005,ORD04300,ITEM016,1,40000,40000,extra hot
DTL07006,ORD04301,ITEM035,1,30000,30000,
DTL07007,ORD04302,ITEM045,1,36000,36000,
DTL07008,ORD04303,ITEM011,1,49000,49000,
DTL07009,ORD04304,ITEM074,1,27000,27000,
DTL07010,ORD04305,ITEM042,1,33000,33000,
DTL07011,ORD04306,ITEM017,2,36000,72000,tambah whip cream
DTL07012,ORD04307,ITEM050,1,27000,27000,
DTL07013,ORD04308,ITEM053,1,68000,68000,tanpa gula
DTL07014,ORD04308,ITEM066,1,45000,45000,
DTL07015,ORD04309,ITEM042,1,33000,33000,
DTL07016,ORD04309,ITEM078,2,18000,36000,
DTL07017,ORD04310,ITEM036,1,25000,25000,
DTL07018,ORD04311,ITEM022,1,52000,52000,
DTL07019,ORD04312,ITEM049,1,28000,28000,extra hot
DTL07020,ORD04313,ITEM007,1,24000,24000,
DTL07021,ORD04313,ITEM063,1,67000,67000,
DTL07022,ORD04313,ITEM038,1,39000,39000,
DTL07023,ORD04314,ITEM060,3,73000,219000,
DTL07024,ORD04314,ITEM067,1,63000,63000,
DTL07025,ORD04315,ITEM058,2,52000,104000,tanpa susu
DTL07026,ORD04316,ITEM016,1,40000,40000,
DTL07027,ORD04317,ITEM002,1,40000,40000,
DTL07028,ORD04317,ITEM033,1,39000,39000,
DTL07029,ORD04318,ITEM060,1,73000,73000,
DTL07030,ORD04319,ITEM016,1,40000,40000,
DTL07031,ORD04320,ITEM072,1,18000,18000,tanpa susu
DTL07032,ORD04321,ITEM006,2,50000,100000,
DTL07033,ORD04322,ITEM069,1,60000,60000,
DTL07034,ORD04322,ITEM052,1,56000,56000,
DTL07035,ORD04323,ITEM049,2,28000,56000,
DTL07036,ORD04323,ITEM069,1,60000,60000,less sugar
DTL07037,ORD04324,ITEM031,2,21000,42000,
DTL07038,ORD04325,ITEM002,1,40000,40000,
DTL07039,ORD04326,ITEM031,1,21000,21000,
DTL07040,ORD04326,ITEM059,1,73000,73000,
DTL07041,ORD04327,ITEM078,1,18000,18000,
DTL07042,ORD04327,ITEM015,1,50000,50000,
DTL07043,ORD04328,ITEM074,1,27000,27000,
DTL07044,ORD04328,ITEM051,1,49000,49000,
DTL07045,ORD04329,ITEM071,1,26000,26000,
DTL07046,ORD04329,ITEM025,1,41000,41000,gula sedikit
DTL07047,ORD04329,ITEM035,2,30000,60000,
DTL07048,ORD04330,ITEM075,2,29000,58000,
DTL07049,ORD04331,ITEM012,1,51000,51000,
DTL07050,ORD04331,ITEM073,1,22000,22000,
DTL07051,ORD04332,ITEM055,2,52000,104000,
DTL07052,ORD04332,ITEM064,1,38000,38000,
DTL07053,ORD04333,ITEM004,1,29000,29000,
DTL07054,ORD04333,ITEM024,1,27000,27000,
DTL07055,ORD04333,ITEM045,1,36000,36000,extra shot
DTL07056,ORD04334,ITEM061,2,59000,118000,
DTL07057,ORD04334,ITEM012,1,51000,51000,
DTL07058,ORD04334,ITEM069,3,60000,180000,
DTL07059,ORD04335,ITEM012,1,51000,51000,no ice
DTL07060,ORD04336,ITEM057,1,72000,72000,
DTL07061,ORD04337,ITEM074,3,27000,81000,
DTL07062,ORD04337,ITEM075,2,29000,58000,tanpa gula
DTL07063,ORD04337,ITEM004,1,29000,29000,
DTL07064,ORD04338,ITEM002,2,40000,80000,
DTL07065,ORD04339,ITEM064,1,38000,38000,
DTL07066,ORD04340,ITEM030,1,27000,27000,
DTL07067,ORD04341,ITEM036,2,25000,50000,
DTL07068,ORD04342,ITEM011,1,49000,49000,
DTL07069,ORD04343,ITEM013,1,40000,40000,
DTL07070,ORD04344,ITEM024,2,27000,54000,
DTL07071,ORD04344,ITEM046,1,29000,29000,
DTL07072,ORD04345,ITEM006,1,50000,50000,
DTL07073,ORD04346,ITEM063,1,67000,67000,
DTL07074,ORD04347,ITEM038,2,39000,78000,
DTL07075,ORD04347,ITEM036,1,25000,25000,
DTL07076,ORD04347,ITEM064,2,38000,76000,ekstra creamer
DTL07077,ORD04348,ITEM008,1,36000,36000,
DTL07078,ORD04348,ITEM025,1,41000,41000,
DTL07079,ORD04348,ITEM019,1,47000,47000,
DTL07080,ORD04349,ITEM010,1,35000,35000,
DTL07081,ORD04350,ITEM067,1,63000,63000,
DTL07082,ORD04351,ITEM008,1,36000,36000,
DTL07083,ORD04352,ITEM031,1,21000,21000,
DTL07084,ORD04352,ITEM028,1,27000,27000,
DTL07085,ORD04353,ITEM025,3,41000,123000,gula sedikit
DTL07086,ORD04353,ITEM038,1,39000,39000,
DTL07087,ORD04354,ITEM005,1,28000,28000,
DTL07088,ORD04355,ITEM072,3,18000,54000,
DTL07089,ORD04356,ITEM025,1,41000,41000,
DTL07090,ORD04356,ITEM063,1,67000,67000,
DTL07091,ORD04357,ITEM029,1,37000,37000,
DTL07092,ORD04358,ITEM068,1,39000,39000,
DTL07093,ORD04358,ITEM001,2,29000,58000,
DTL07094,ORD04359,ITEM075,1,29000,29000,
DTL07095,ORD04359,ITEM022,1,52000,52000,
DTL07096,ORD04359,ITEM057,2,72000,144000,
DTL07097,ORD04360,ITEM001,1,29000,29000,
DTL07098,ORD04361,ITEM027,2,35000,70000,dingin
DTL07099,ORD04361,ITEM010,1,35000,35000,
DTL07100,ORD04362,ITEM051,1,49000,49000,
DTL07101,ORD04362,ITEM053,1,68000,68000,
DTL07102,ORD04362,ITEM003,1,37000,37000,
DTL07103,ORD04363,ITEM004,1,29000,29000,
DTL07104,ORD04364,ITEM063,2,67000,134000,
DTL07105,ORD04365,ITEM024,1,27000,27000,
DTL07106,ORD04366,ITEM051,1,49000,49000,
DTL07107,ORD04367,ITEM074,1,27000,27000,
DTL07108,ORD04368,ITEM076,1,28000,28000,
DTL07109,ORD04368,ITEM028,1,27000,27000,
DTL07110,ORD04369,ITEM022,1,52000,52000,
DTL07111,ORD04369,ITEM044,2,39000,78000,
DTL07112,ORD04370,ITEM027,2,35000,70000,
DTL07113,ORD04371,ITEM053,1,68000,68000,less sugar
DTL07114,ORD04371,ITEM068,1,39000,39000,tanpa susu
DTL07115,ORD04371,ITEM067,1,63000,63000,
DTL07116,ORD04372,ITEM040,1,24000,24000,
DTL07117,ORD04372,ITEM015,2,50000,100000,
DTL07118,ORD04373,ITEM024,1,27000,27000,
DTL07119,ORD04373,ITEM055,1,52000,52000,
DTL07120,ORD04374,ITEM013,1,40000,40000,
DTL07121,ORD04375,ITEM080,2,34000,68000,
DTL07122,ORD04376,ITEM040,1,24000,24000,
DTL07123,ORD04377,ITEM006,1,50000,50000,
DTL07124,ORD04378,ITEM058,1,52000,52000,
DTL07125,ORD04379,ITEM049,1,28000,28000,
DTL07126,ORD04379,ITEM044,1,39000,39000,
DTL07127,ORD04380,ITEM032,1,27000,27000,
DTL07128,ORD04381,ITEM066,1,45000,45000,
DTL07129,ORD04381,ITEM052,1,56000,56000,
DTL07130,ORD04382,ITEM067,1,63000,63000,
DTL07131,ORD04382,ITEM013,1,40000,40000,
DTL07132,ORD04383,ITEM068,1,39000,39000,extra shot
DTL07133,ORD04384,ITEM054,1,65000,65000,
DTL07134,ORD04384,ITEM061,1,59000,59000,tambah whip cream
DTL07135,ORD04385,ITEM016,2,40000,80000,
DTL07136,ORD04386,ITEM044,1,39000,39000,
DTL07137,ORD04387,ITEM060,2,73000,146000,ekstra creamer
DTL07138,ORD04388,ITEM062,1,44000,44000,
DTL07139,ORD04388,ITEM072,1,18000,18000,
DTL07140,ORD04389,ITEM002,1,40000,40000,
DTL07141,ORD04390,ITEM024,1,27000,27000,
DTL07142,ORD04391,ITEM078,1,18000,18000,
DTL07143,ORD04391,ITEM059,1,73000,73000,
DTL07144,ORD04392,ITEM027,2,35000,70000,
DTL07145,ORD04393,ITEM054,1,65000,65000,
DTL07146,ORD04394,ITEM031,1,21000,21000,ekstra creamer
DTL07147,ORD04394,ITEM028,1,27000,27000,
DTL07148,ORD04395,ITEM066,3,45000,135000,
DTL07149,ORD04395,ITEM064,1,38000,38000,
DTL07150,ORD04396,ITEM019,1,47000,47000,
DTL07151,ORD04397,ITEM069,1,60000,60000,
DTL07152,ORD04397,ITEM016,1,40000,40000,
DTL07153,ORD04398,ITEM069,2,60000,120000,
DTL07154,ORD04398,ITEM059,1,73000,73000,
DTL07155,ORD04398,ITEM057,1,72000,72000,
DTL07156,ORD04399,ITEM022,1,52000,52000,
DTL07157,ORD04400,ITEM003,1,37000,37000,gula sedikit
DTL07158,ORD04400,ITEM027,2,35000,70000,
DTL07159,ORD04401,ITEM013,1,40000,40000,
DTL07160,ORD04401,ITEM064,1,38000,38000,
DTL07161,ORD04402,ITEM075,2,29000,58000,
DTL07162,ORD04403,ITEM013,1,40000,40000,extra hot
DTL07163,ORD04403,ITEM043,1,27000,27000,
DTL07164,ORD04404,ITEM003,1,37000,37000,
DTL07165,ORD04405,ITEM008,1,36000,36000,
DTL07166,ORD04406,ITEM077,1,23000,23000,
DTL07167,ORD04407,ITEM051,3,49000,147000,
DTL07168,ORD04407,ITEM030,1,27000,27000,
DTL07169,ORD04408,ITEM066,1,45000,45000,
DTL07170,ORD04408,ITEM007,1,24000,24000,less sugar
DTL07171,ORD04408,ITEM035,2,30000,60000,
DTL07172,ORD04408,ITEM068,1,39000,39000,
DTL07173,ORD04409,ITEM017,2,36000,72000,
DTL07174,ORD04409,ITEM002,2,40000,80000,
DTL07175,ORD04410,ITEM040,1,24000,24000,
DTL07176,ORD04410,ITEM072,2,18000,36000,no ice
DTL07177,ORD04410,ITEM077,2,23000,46000,
DTL07178,ORD04411,ITEM038,1,39000,39000,no ice
DTL07179,ORD04412,ITEM024,3,27000,81000,
DTL07180,ORD04412,ITEM038,1,39000,39000,less ice
DTL07181,ORD04413,ITEM057,3,72000,216000,
DTL07182,ORD04413,ITEM076,1,28000,28000,
DTL07183,ORD04414,ITEM029,1,37000,37000,
DTL07184,ORD04415,ITEM074,1,27000,27000,
DTL07185,ORD04416,ITEM006,1,50000,50000,
DTL07186,ORD04416,ITEM033,3,39000,117000,
DTL07187,ORD04417,ITEM019,1,47000,47000,
DTL07188,ORD04418,ITEM036,1,25000,25000,less sugar
DTL07189,ORD04419,ITEM054,3,65000,195000,
DTL07190,ORD04419,ITEM058,1,52000,52000,
DTL07191,ORD04420,ITEM050,1,27000,27000,
DTL07192,ORD04421,ITEM015,1,50000,50000,
DTL07193,ORD04421,ITEM033,2,39000,78000,
DTL07194,ORD04422,ITEM049,1,28000,28000,
DTL07195,ORD04422,ITEM029,1,37000,37000,
DTL07196,ORD04422,ITEM038,3,39000,117000,
DTL07197,ORD04423,ITEM007,1,24000,24000,
DTL07198,ORD04424,ITEM001,1,29000,29000,
DTL07199,ORD04424,ITEM058,1,52000,52000,tanpa susu
DTL07200,ORD04425,ITEM003,1,37000,37000,
DTL07201,ORD04426,ITEM025,3,41000,123000,
DTL07202,ORD04427,ITEM019,1,47000,47000,
DTL07203,ORD04428,ITEM037,1,27000,27000,
DTL07204,ORD04429,ITEM028,1,27000,27000,
DTL07205,ORD04430,ITEM002,1,40000,40000,
DTL07206,ORD04430,ITEM022,1,52000,52000,
DTL07207,ORD04431,ITEM072,2,18000,36000,
DTL07208,ORD04431,ITEM035,1,30000,30000,
DTL07209,ORD04431,ITEM002,1,40000,40000,extra hot
DTL07210,ORD04432,ITEM045,1,36000,36000,no ice
DTL07211,ORD04432,ITEM002,1,40000,40000,
DTL07212,ORD04433,ITEM042,1,33000,33000,
DTL07213,ORD04434,ITEM062,1,44000,44000,
DTL07214,ORD04435,ITEM032,1,27000,27000,
DTL07215,ORD04436,ITEM001,2,29000,58000,
DTL07216,ORD04436,ITEM077,1,23000,23000,
DTL07217,ORD04436,ITEM069,1,60000,60000,
DTL07218,ORD04437,ITEM057,1,72000,72000,
DTL07219,ORD04438,ITEM076,1,28000,28000,
DTL07220,ORD04439,ITEM066,1,45000,45000,
DTL07221,ORD04440,ITEM012,1,51000,51000,
DTL07222,ORD04440,ITEM037,1,27000,27000,
DTL07223,ORD04441,ITEM038,2,39000,78000,
DTL07224,ORD04441,ITEM055,1,52000,52000,
DTL07225,ORD04441,ITEM004,1,29000,29000,
DTL07226,ORD04442,ITEM024,1,27000,27000,
DTL07227,ORD04442,ITEM051,1,49000,49000,
DTL07228,ORD04443,ITEM022,1,52000,52000,
DTL07229,ORD04444,ITEM037,1,27000,27000,
DTL07230,ORD04445,ITEM033,2,39000,78000,
DTL07231,ORD04445,ITEM010,1,35000,35000,
DTL07232,ORD04446,ITEM071,2,26000,52000,
DTL07233,ORD04447,ITEM072,1,18000,18000,no ice
DTL07234,ORD04447,ITEM060,1,73000,73000,
DTL07235,ORD04448,ITEM043,1,27000,27000,
DTL07236,ORD04449,ITEM067,1,63000,63000,ekstra creamer
DTL07237,ORD04450,ITEM058,3,52000,156000,
DTL07238,ORD04450,ITEM074,1,27000,27000,dingin
DTL07239,ORD04451,ITEM078,2,18000,36000,
DTL07240,ORD04451,ITEM061,1,59000,59000,
DTL07241,ORD04452,ITEM071,1,26000,26000,
DTL07242,ORD04453,ITEM004,1,29000,29000,
DTL07243,ORD04454,ITEM049,1,28000,28000,extra shot
DTL07244,ORD04454,ITEM044,1,39000,39000,
DTL07245,ORD04454,ITEM034,1,30000,30000,
DTL07246,ORD04455,ITEM007,2,24000,48000,
DTL07247,ORD04455,ITEM051,2,49000,98000,
DTL07248,ORD04456,ITEM025,1,41000,41000,
DTL07249,ORD04456,ITEM040,1,24000,24000,
DTL07250,ORD04457,ITEM060,1,73000,73000,
DTL07251,ORD04458,ITEM058,2,52000,104000,gula sedikit
DTL07252,ORD04459,ITEM057,1,72000,72000,
DTL07253,ORD04459,ITEM012,1,51000,51000,
DTL07254,ORD04460,ITEM035,1,30000,30000,
DTL07255,ORD04460,ITEM007,1,24000,24000,tambah whip cream
DTL07256,ORD04461,ITEM059,2,73000,146000,
DTL07257,ORD04461,ITEM010,1,35000,35000,
DTL07258,ORD04461,ITEM060,1,73000,73000,
DTL07259,ORD04462,ITEM056,2,51000,102000,
DTL07260,ORD04462,ITEM013,1,40000,40000,
DTL07261,ORD04463,ITEM019,1,47000,47000,
DTL07262,ORD04463,ITEM073,1,22000,22000,
DTL07263,ORD04464,ITEM080,1,34000,34000,
DTL07264,ORD04465,ITEM076,1,28000,28000,
DTL07265,ORD04465,ITEM042,1,33000,33000,
DTL07266,ORD04466,ITEM069,1,60000,60000,
DTL07267,ORD04466,ITEM018,1,29000,29000,
DTL07268,ORD04467,ITEM012,1,51000,51000,
DTL07269,ORD04467,ITEM058,1,52000,52000,
DTL07270,ORD04468,ITEM060,3,73000,219000,
DTL07271,ORD04468,ITEM044,1,39000,39000,
DTL07272,ORD04469,ITEM064,1,38000,38000,
DTL07273,ORD04469,ITEM052,1,56000,56000,dingin
DTL07274,ORD04470,ITEM029,1,37000,37000,
DTL07275,ORD04470,ITEM063,1,67000,67000,
DTL07276,ORD04471,ITEM031,1,21000,21000,
DTL07277,ORD04471,ITEM009,1,24000,24000,extra shot
DTL07278,ORD04471,ITEM060,2,73000,146000,
DTL07279,ORD04471,ITEM076,1,28000,28000,
DTL07280,ORD04472,ITEM068,2,39000,78000,
DTL07281,ORD04473,ITEM044,2,39000,78000,
DTL07282,ORD04473,ITEM011,1,49000,49000,
DTL07283,ORD04474,ITEM050,1,27000,27000,
DTL07284,ORD04474,ITEM031,1,21000,21000,
DTL07285,ORD04474,ITEM007,2,24000,48000,
DTL07286,ORD04475,ITEM052,1,56000,56000,
DTL07287,ORD04475,ITEM071,1,26000,26000,
DTL07288,ORD04476,ITEM068,1,39000,39000,
DTL07289,ORD04476,ITEM028,1,27000,27000,
DTL07290,ORD04477,ITEM072,1,18000,18000,
DTL07291,ORD04478,ITEM058,2,52000,104000,
DTL07292,ORD04479,ITEM062,1,44000,44000,
DTL07293,ORD04479,ITEM060,3,73000,219000,less sugar
DTL07294,ORD04480,ITEM056,2,51000,102000,
DTL07295,ORD04481,ITEM022,1,52000,52000,
DTL07296,ORD04482,ITEM016,1,40000,40000,
DTL07297,ORD04483,ITEM027,3,35000,105000,
DTL07298,ORD04484,ITEM030,1,27000,27000,
DTL07299,ORD04485,ITEM050,1,27000,27000,
DTL07300,ORD04485,ITEM010,1,35000,35000,less sugar
DTL07301,ORD04485,ITEM016,1,40000,40000,
DTL07302,ORD04486,ITEM018,1,29000,29000,
DTL07303,ORD04487,ITEM064,2,38000,76000,
DTL07304,ORD04488,ITEM004,1,29000,29000,
DTL07305,ORD04488,ITEM037,2,27000,54000,
DTL07306,ORD04488,ITEM076,2,28000,56000,
DTL07307,ORD04489,ITEM059,1,73000,73000,no ice
DTL07308,ORD04490,ITEM042,1,33000,33000,
DTL07309,ORD04490,ITEM080,1,34000,34000,
DTL07310,ORD04491,ITEM027,1,35000,35000,
DTL07311,ORD04491,ITEM042,1,33000,33000,
DTL07312,ORD04492,ITEM073,2,22000,44000,
DTL07313,ORD04493,ITEM053,1,68000,68000,
DTL07314,ORD04493,ITEM068,1,39000,39000,
DTL07315,ORD04493,ITEM008,1,36000,36000,
DTL07316,ORD04494,ITEM040,1,24000,24000,tanpa susu
DTL07317,ORD04494,ITEM063,1,67000,67000,no ice
DTL07318,ORD04495,ITEM010,1,35000,35000,
DTL07319,ORD04495,ITEM057,1,72000,72000,
DTL07320,ORD04496,ITEM003,1,37000,37000,
DTL07321,ORD04497,ITEM017,2,36000,72000,
DTL07322,ORD04498,ITEM035,1,30000,30000,
DTL07323,ORD04498,ITEM007,1,24000,24000,
DTL07324,ORD04499,ITEM006,2,50000,100000,
DTL07325,ORD04499,ITEM045,1,36000,36000,
DTL07326,ORD04499,ITEM022,1,52000,52000,
DTL07327,ORD04500,ITEM005,1,28000,28000,
DTL07328,ORD04500,ITEM068,1,39000,39000,tanpa susu
DTL07329,ORD04500,ITEM077,1,23000,23000,
DTL07330,ORD04501,ITEM050,2,27000,54000,
DTL07331,ORD04502,ITEM055,1,52000,52000,
DTL07332,ORD04503,ITEM001,2,29000,58000,
DTL07333,ORD04504,ITEM058,1,52000,52000,
DTL07334,ORD04505,ITEM075,1,29000,29000,
DTL07335,ORD04506,ITEM016,1,40000,40000,no ice
DTL07336,ORD04507,ITEM031,1,21000,21000,
DTL07337,ORD04508,ITEM003,1,37000,37000,
DTL07338,ORD04508,ITEM073,1,22000,22000,
DTL07339,ORD04509,ITEM002,1,40000,40000,
DTL07340,ORD04510,ITEM008,1,36000,36000,dingin
DTL07341,ORD04510,ITEM056,2,51000,102000,
DTL07342,ORD04511,ITEM032,1,27000,27000,
DTL07343,ORD04512,ITEM060,1,73000,73000,
DTL07344,ORD04513,ITEM061,1,59000,59000,
DTL07345,ORD04514,ITEM073,2,22000,44000,
DTL07346,ORD04515,ITEM043,2,27000,54000,
DTL07347,ORD04516,ITEM059,1,73000,73000,
DTL07348,ORD04517,ITEM033,1,39000,39000,
DTL07349,ORD04518,ITEM016,1,40000,40000,
DTL07350,ORD04519,ITEM066,1,45000,45000,
DTL07351,ORD04519,ITEM027,1,35000,35000,
DTL07352,ORD04520,ITEM008,1,36000,36000,less sugar
DTL07353,ORD04520,ITEM060,1,73000,73000,
DTL07354,ORD04521,ITEM036,2,25000,50000,
DTL07355,ORD04522,ITEM077,1,23000,23000,
DTL07356,ORD04523,ITEM022,2,52000,104000,
DTL07357,ORD04524,ITEM009,2,24000,48000,
DTL07358,ORD04524,ITEM037,1,27000,27000,
DTL07359,ORD04524,ITEM004,1,29000,29000,
DTL07360,ORD04525,ITEM056,1,51000,51000,less sugar
DTL07361,ORD04525,ITEM019,1,47000,47000,
DTL07362,ORD04526,ITEM042,1,33000,33000,
DTL07363,ORD04527,ITEM002,1,40000,40000,
DTL07364,ORD04528,ITEM028,3,27000,81000,gula sedikit
DTL07365,ORD04528,ITEM054,1,65000,65000,
DTL07366,ORD04528,ITEM037,1,27000,27000,
DTL07367,ORD04528,ITEM006,1,50000,50000,
DTL07368,ORD04529,ITEM044,1,39000,39000,
DTL07369,ORD04530,ITEM036,1,25000,25000,ekstra creamer
DTL07370,ORD04530,ITEM069,1,60000,60000,
DTL07371,ORD04531,ITEM078,2,18000,36000,
DTL07372,ORD04532,ITEM012,1,51000,51000,
DTL07373,ORD04532,ITEM024,1,27000,27000,
DTL07374,ORD04533,ITEM075,3,29000,87000,
DTL07375,ORD04534,ITEM047,1,20000,20000,less ice
DTL07376,ORD04534,ITEM056,3,51000,153000,
DTL07377,ORD04535,ITEM028,1,27000,27000,less sugar
DTL07378,ORD04536,ITEM022,1,52000,52000,
DTL07379,ORD04537,ITEM045,1,36000,36000,
DTL07380,ORD04537,ITEM011,1,49000,49000,
DTL07381,ORD04537,ITEM054,1,65000,65000,
DTL07382,ORD04538,ITEM033,1,39000,39000,
DTL07383,ORD04539,ITEM054,1,65000,65000,
DTL07384,ORD04539,ITEM025,1,41000,41000,
DTL07385,ORD04540,ITEM073,1,22000,22000,
DTL07386,ORD04541,ITEM017,1,36000,36000,
DTL07387,ORD04541,ITEM045,1,36000,36000,
DTL07388,ORD04541,ITEM024,1,27000,27000,
DTL07389,ORD04542,ITEM003,1,37000,37000,
DTL07390,ORD04542,ITEM077,1,23000,23000,
DTL07391,ORD04542,ITEM080,1,34000,34000,
DTL07392,ORD04543,ITEM074,2,27000,54000,
DTL07393,ORD04544,ITEM004,1,29000,29000,
DTL07394,ORD04545,ITEM036,1,25000,25000,
DTL07395,ORD04546,ITEM045,1,36000,36000,
DTL07396,ORD04547,ITEM062,1,44000,44000,
DTL07397,ORD04548,ITEM066,3,45000,135000,
DTL07398,ORD04549,ITEM033,1,39000,39000,
DTL07399,ORD04550,ITEM004,2,29000,58000,ekstra creamer
DTL07400,ORD04551,ITEM066,1,45000,45000,
DTL07401,ORD04551,ITEM002,1,40000,40000,
DTL07402,ORD04552,ITEM078,1,18000,18000,
DTL07403,ORD04553,ITEM035,1,30000,30000,tambah whip cream
DTL07404,ORD04554,ITEM072,3,18000,54000,
DTL07405,ORD04554,ITEM028,1,27000,27000,
DTL07406,ORD04555,ITEM005,2,28000,56000,
DTL07407,ORD04555,ITEM032,1,27000,27000,tanpa susu
DTL07408,ORD04555,ITEM029,1,37000,37000,
DTL07409,ORD04556,ITEM007,1,24000,24000,
DTL07410,ORD04557,ITEM061,1,59000,59000,
DTL07411,ORD04558,ITEM003,1,37000,37000,
DTL07412,ORD04559,ITEM040,1,24000,24000,dingin
DTL07413,ORD04559,ITEM077,1,23000,23000,
DTL07414,ORD04560,ITEM064,3,38000,114000,
DTL07415,ORD04560,ITEM028,1,27000,27000,less ice
DTL07416,ORD04561,ITEM004,2,29000,58000,
DTL07417,ORD04562,ITEM057,3,72000,216000,
DTL07418,ORD04562,ITEM058,1,52000,52000,
DTL07419,ORD04563,ITEM043,1,27000,27000,
DTL07420,ORD04564,ITEM043,3,27000,81000,
DTL07421,ORD04565,ITEM074,2,27000,54000,
DTL07422,ORD04565,ITEM010,1,35000,35000,
DTL07423,ORD04565,ITEM024,2,27000,54000,
DTL07424,ORD04565,ITEM057,1,72000,72000,
DTL07425,ORD04566,ITEM076,1,28000,28000,tambah whip cream
DTL07426,ORD04566,ITEM071,1,26000,26000,
DTL07427,ORD04567,ITEM035,1,30000,30000,extra hot
DTL07428,ORD04568,ITEM037,1,27000,27000,
DTL07429,ORD04568,ITEM013,1,40000,40000,
DTL07430,ORD04569,ITEM078,1,18000,18000,
DTL07431,ORD04569,ITEM010,1,35000,35000,
DTL07432,ORD04569,ITEM025,1,41000,41000,
DTL07433,ORD04570,ITEM028,1,27000,27000,
DTL07434,ORD04570,ITEM049,1,28000,28000,
DTL07435,ORD04571,ITEM033,1,39000,39000,
DTL07436,ORD04571,ITEM025,1,41000,41000,
DTL07437,ORD04571,ITEM042,1,33000,33000,
DTL07438,ORD04571,ITEM069,1,60000,60000,
DTL07439,ORD04572,ITEM030,1,27000,27000,
DTL07440,ORD04572,ITEM001,3,29000,87000,
DTL07441,ORD04573,ITEM058,2,52000,104000,tanpa gula
DTL07442,ORD04574,ITEM010,1,35000,35000,
DTL07443,ORD04575,ITEM043,1,27000,27000,
DTL07444,ORD04575,ITEM050,1,27000,27000,
DTL07445,ORD04576,ITEM041,1,26000,26000,
DTL07446,ORD04576,ITEM002,1,40000,40000,
DTL07447,ORD04577,ITEM058,1,52000,52000,
DTL07448,ORD04577,ITEM015,2,50000,100000,
DTL07449,ORD04578,ITEM073,1,22000,22000,
DTL07450,ORD04579,ITEM072,1,18000,18000,extra hot
DTL07451,ORD04580,ITEM062,1,44000,44000,
DTL07452,ORD04581,ITEM051,2,49000,98000,
DTL07453,ORD04582,ITEM080,1,34000,34000,
DTL07454,ORD04583,ITEM008,1,36000,36000,
DTL07455,ORD04584,ITEM056,1,51000,51000,
DTL07456,ORD04584,ITEM047,1,20000,20000,
DTL07457,ORD04585,ITEM052,1,56000,56000,gula sedikit
DTL07458,ORD04586,ITEM027,2,35000,70000,extra shot
DTL07459,ORD04586,ITEM041,1,26000,26000,
DTL07460,ORD04587,ITEM058,1,52000,52000,
DTL07461,ORD04587,ITEM007,2,24000,48000,ekstra creamer
DTL07462,ORD04588,ITEM064,1,38000,38000,
DTL07463,ORD04589,ITEM019,1,47000,47000,
DTL07464,ORD04590,ITEM073,1,22000,22000,
DTL07465,ORD04590,ITEM033,1,39000,39000,
DTL07466,ORD04590,ITEM003,1,37000,37000,
DTL07467,ORD04591,ITEM076,2,28000,56000,less sugar
DTL07468,ORD04591,ITEM017,1,36000,36000,
DTL07469,ORD04592,ITEM009,1,24000,24000,
DTL07470,ORD04592,ITEM062,1,44000,44000,
DTL07471,ORD04592,ITEM033,1,39000,39000,extra shot
DTL07472,ORD04593,ITEM064,1,38000,38000,tanpa gula
DTL07473,ORD04594,ITEM033,1,39000,39000,extra hot
DTL07474,ORD04594,ITEM022,1,52000,52000,less sugar
DTL07475,ORD04595,ITEM004,1,29000,29000,
DTL07476,ORD04596,ITEM067,1,63000,63000,
DTL07477,ORD04597,ITEM018,2,29000,58000,
DTL07478,ORD04598,ITEM064,1,38000,38000,extra shot
DTL07479,ORD04599,ITEM068,1,39000,39000,
DTL07480,ORD04600,ITEM060,2,73000,146000,
DTL07481,ORD04600,ITEM063,1,67000,67000,
DTL07482,ORD04600,ITEM011,1,49000,49000,
DTL07483,ORD04601,ITEM007,1,24000,24000,
DTL07484,ORD04601,ITEM067,1,63000,63000,extra hot
DTL07485,ORD04602,ITEM025,1,41000,41000,
DTL07486,ORD04602,ITEM007,1,24000,24000,
DTL07487,ORD04603,ITEM063,1,67000,67000,
DTL07488,ORD04603,ITEM077,2,23000,46000,
DTL07489,ORD04604,ITEM009,2,24000,48000,
DTL07490,ORD04604,ITEM077,1,23000,23000,dingin
DTL07491,ORD04605,ITEM010,1,35000,35000,
DTL07492,ORD04606,ITEM010,2,35000,70000,gula sedikit
DTL07493,ORD04607,ITEM034,2,30000,60000,
DTL07494,ORD04608,ITEM045,1,36000,36000,
DTL07495,ORD04609,ITEM044,1,39000,39000,
DTL07496,ORD04609,ITEM007,1,24000,24000,tanpa susu
DTL07497,ORD04610,ITEM060,2,73000,146000,
DTL07498,ORD04611,ITEM036,1,25000,25000,tanpa gula
DTL07499,ORD04612,ITEM056,1,51000,51000,
DTL07500,ORD04613,ITEM042,2,33000,66000,
DTL07501,ORD04614,ITEM043,1,27000,27000,
DTL07502,ORD04614,ITEM019,1,47000,47000,
DTL07503,ORD04615,ITEM030,1,27000,27000,
DTL07504,ORD04615,ITEM062,1,44000,44000,
DTL07505,ORD04616,ITEM005,1,28000,28000,
DTL07506,ORD04616,ITEM049,1,28000,28000,
DTL07507,ORD04617,ITEM041,2,26000,52000,less sugar
DTL07508,ORD04617,ITEM055,1,52000,52000,
DTL07509,ORD04617,ITEM016,2,40000,80000,
DTL07510,ORD04617,ITEM032,1,27000,27000,
DTL07511,ORD04618,ITEM013,1,40000,40000,tanpa gula
DTL07512,ORD04619,ITEM051,1,49000,49000,
DTL07513,ORD04620,ITEM006,1,50000,50000,
DTL07514,ORD04621,ITEM024,2,27000,54000,
DTL07515,ORD04622,ITEM060,1,73000,73000,
DTL07516,ORD04622,ITEM073,1,22000,22000,
DTL07517,ORD04622,ITEM028,1,27000,27000,
DTL07518,ORD04623,ITEM068,1,39000,39000,
DTL07519,ORD04624,ITEM038,1,39000,39000,
DTL07520,ORD04625,ITEM035,1,30000,30000,dingin
DTL07521,ORD04626,ITEM042,1,33000,33000,
DTL07522,ORD04627,ITEM015,2,50000,100000,panas
DTL07523,ORD04628,ITEM052,1,56000,56000,
DTL07524,ORD04628,ITEM016,1,40000,40000,
DTL07525,ORD04628,ITEM074,1,27000,27000,
DTL07526,ORD04629,ITEM031,2,21000,42000,
DTL07527,ORD04630,ITEM018,1,29000,29000,gula sedikit
DTL07528,ORD04631,ITEM033,1,39000,39000,
DTL07529,ORD04632,ITEM003,1,37000,37000,
DTL07530,ORD04633,ITEM040,1,24000,24000,
DTL07531,ORD04634,ITEM061,1,59000,59000,
DTL07532,ORD04634,ITEM055,1,52000,52000,
DTL07533,ORD04635,ITEM011,1,49000,49000,
DTL07534,ORD04636,ITEM049,1,28000,28000,
DTL07535,ORD04637,ITEM022,2,52000,104000,
DTL07536,ORD04638,ITEM038,2,39000,78000,
DTL07537,ORD04639,ITEM046,2,29000,58000,
DTL07538,ORD04640,ITEM017,1,36000,36000,
DTL07539,ORD04641,ITEM046,1,29000,29000,
DTL07540,ORD04642,ITEM066,1,45000,45000,no ice
DTL07541,ORD04642,ITEM001,1,29000,29000,
DTL07542,ORD04643,ITEM040,2,24000,48000,
DTL07543,ORD04644,ITEM080,1,34000,34000,
DTL07544,ORD04644,ITEM055,3,52000,156000,gula sedikit
DTL07545,ORD04644,ITEM016,2,40000,80000,
DTL07546,ORD04644,ITEM025,2,41000,82000,ekstra creamer
DTL07547,ORD04645,ITEM006,1,50000,50000,
DTL07548,ORD04646,ITEM019,1,47000,47000,tanpa gula
DTL07549,ORD04647,ITEM040,1,24000,24000,
DTL07550,ORD04647,ITEM055,1,52000,52000,
DTL07551,ORD04648,ITEM076,3,28000,84000,
DTL07552,ORD04649,ITEM043,1,27000,27000,
DTL07553,ORD04650,ITEM066,2,45000,90000,tanpa susu
DTL07554,ORD04650,ITEM028,1,27000,27000,
DTL07555,ORD04651,ITEM062,1,44000,44000,
DTL07556,ORD04652,ITEM071,1,26000,26000,gula sedikit
DTL07557,ORD04652,ITEM063,2,67000,134000,
DTL07558,ORD04652,ITEM030,1,27000,27000,
DTL07559,ORD04653,ITEM043,2,27000,54000,
DTL07560,ORD04654,ITEM075,1,29000,29000,
DTL07561,ORD04655,ITEM060,1,73000,73000,
DTL07562,ORD04656,ITEM061,1,59000,59000,
DTL07563,ORD04657,ITEM036,1,25000,25000,
DTL07564,ORD04658,ITEM062,1,44000,44000,
DTL07565,ORD04659,ITEM043,3,27000,81000,
DTL07566,ORD04660,ITEM064,1,38000,38000,
DTL07567,ORD04660,ITEM029,1,37000,37000,
DTL07568,ORD04661,ITEM049,1,28000,28000,
DTL07569,ORD04661,ITEM017,2,36000,72000,panas
DTL07570,ORD04662,ITEM071,1,26000,26000,panas
DTL07571,ORD04663,ITEM062,2,44000,88000,
DTL07572,ORD04663,ITEM007,1,24000,24000,
DTL07573,ORD04664,ITEM013,1,40000,40000,
DTL07574,ORD04665,ITEM013,1,40000,40000,
DTL07575,ORD04666,ITEM009,2,24000,48000,
DTL07576,ORD04666,ITEM037,2,27000,54000,
DTL07577,ORD04667,ITEM049,1,28000,28000,
DTL07578,ORD04667,ITEM028,2,27000,54000,
DTL07579,ORD04668,ITEM059,1,73000,73000,
DTL07580,ORD04669,ITEM062,1,44000,44000,
DTL07581,ORD04669,ITEM050,1,27000,27000,
DTL07582,ORD04670,ITEM046,1,29000,29000,
DTL07583,ORD04670,ITEM050,1,27000,27000,
DTL07584,ORD04671,ITEM050,1,27000,27000,
DTL07585,ORD04671,ITEM005,1,28000,28000,
DTL07586,ORD04672,ITEM080,1,34000,34000,
DTL07587,ORD04673,ITEM041,1,26000,26000,
DTL07588,ORD04674,ITEM019,1,47000,47000,
DTL07589,ORD04675,ITEM018,1,29000,29000,tambah whip cream
DTL07590,ORD04676,ITEM001,1,29000,29000,
DTL07591,ORD04676,ITEM078,3,18000,54000,
DTL07592,ORD04676,ITEM075,1,29000,29000,
DTL07593,ORD04677,ITEM062,1,44000,44000,gula sedikit
DTL07594,ORD04678,ITEM006,1,50000,50000,
DTL07595,ORD04678,ITEM073,2,22000,44000,no ice
DTL07596,ORD04679,ITEM047,1,20000,20000,tanpa gula
DTL07597,ORD04679,ITEM030,2,27000,54000,
DTL07598,ORD04680,ITEM042,1,33000,33000,
DTL07599,ORD04680,ITEM006,2,50000,100000,
DTL07600,ORD04681,ITEM074,1,27000,27000,
DTL07601,ORD04682,ITEM047,3,20000,60000,
DTL07602,ORD04682,ITEM078,1,18000,18000,
DTL07603,ORD04682,ITEM068,1,39000,39000,
DTL07604,ORD04683,ITEM072,1,18000,18000,
DTL07605,ORD04684,ITEM016,3,40000,120000,
DTL07606,ORD04685,ITEM040,1,24000,24000,
DTL07607,ORD04686,ITEM001,1,29000,29000,
DTL07608,ORD04687,ITEM010,2,35000,70000,
DTL07609,ORD04687,ITEM035,1,30000,30000,
DTL07610,ORD04687,ITEM030,3,27000,81000,
DTL07611,ORD04687,ITEM005,1,28000,28000,
DTL07612,ORD04688,ITEM046,1,29000,29000,
DTL07613,ORD04689,ITEM057,2,72000,144000,
DTL07614,ORD04689,ITEM043,1,27000,27000,
DTL07615,ORD04690,ITEM006,1,50000,50000,extra hot
DTL07616,ORD04691,ITEM001,1,29000,29000,
DTL07617,ORD04692,ITEM042,3,33000,99000,
DTL07618,ORD04692,ITEM024,1,27000,27000,tambah whip cream
DTL07619,ORD04693,ITEM034,2,30000,60000,
DTL07620,ORD04693,ITEM042,3,33000,99000,
DTL07621,ORD04693,ITEM047,1,20000,20000,
DTL07622,ORD04694,ITEM044,1,39000,39000,
DTL07623,ORD04695,ITEM047,1,20000,20000,
DTL07624,ORD04695,ITEM022,1,52000,52000,
DTL07625,ORD04696,ITEM063,2,67000,134000,
DTL07626,ORD04696,ITEM038,1,39000,39000,
DTL07627,ORD04696,ITEM080,1,34000,34000,
DTL07628,ORD04696,ITEM047,1,20000,20000,
DTL07629,ORD04697,ITEM036,3,25000,75000,
DTL07630,ORD04697,ITEM057,1,72000,72000,
DTL07631,ORD04697,ITEM022,1,52000,52000,gula sedikit
DTL07632,ORD04698,ITEM043,1,27000,27000,extra hot
DTL07633,ORD04699,ITEM074,2,27000,54000,
DTL07634,ORD04700,ITEM062,3,44000,132000,
DTL07635,ORD04701,ITEM008,3,36000,108000,
DTL07636,ORD04702,ITEM057,3,72000,216000,tanpa susu
DTL07637,ORD04702,ITEM013,1,40000,40000,
DTL07638,ORD04703,ITEM033,1,39000,39000,
DTL07639,ORD04704,ITEM053,2,68000,136000,
DTL07640,ORD04705,ITEM046,1,29000,29000,
DTL07641,ORD04706,ITEM045,1,36000,36000,
DTL07642,ORD04707,ITEM055,3,52000,156000,
DTL07643,ORD04707,ITEM049,1,28000,28000,
DTL07644,ORD04707,ITEM044,1,39000,39000,no ice
DTL07645,ORD04708,ITEM063,2,67000,134000,
DTL07646,ORD04709,ITEM037,1,27000,27000,ekstra creamer
DTL07647,ORD04710,ITEM055,1,52000,52000,
DTL07648,ORD04710,ITEM028,2,27000,54000,
DTL07649,ORD04711,ITEM033,2,39000,78000,
DTL07650,ORD04712,ITEM062,1,44000,44000,tambah whip cream
DTL07651,ORD04712,ITEM003,1,37000,37000,
DTL07652,ORD04713,ITEM076,3,28000,84000,
DTL07653,ORD04713,ITEM061,2,59000,118000,
DTL07654,ORD04713,ITEM028,1,27000,27000,
DTL07655,ORD04714,ITEM073,1,22000,22000,
DTL07656,ORD04715,ITEM056,1,51000,51000,
DTL07657,ORD04716,ITEM038,2,39000,78000,
DTL07658,ORD04716,ITEM022,1,52000,52000,
DTL07659,ORD04716,ITEM024,1,27000,27000,
DTL07660,ORD04717,ITEM058,1,52000,52000,
DTL07661,ORD04718,ITEM038,2,39000,78000,tanpa gula
DTL07662,ORD04719,ITEM030,1,27000,27000,
DTL07663,ORD04719,ITEM033,1,39000,39000,
DTL07664,ORD04719,ITEM040,2,24000,48000,
DTL07665,ORD04720,ITEM041,2,26000,52000,
DTL07666,ORD04721,ITEM028,2,27000,54000,
DTL07667,ORD04721,ITEM027,2,35000,70000,
DTL07668,ORD04721,ITEM033,1,39000,39000,tambah whip cream
DTL07669,ORD04722,ITEM043,1,27000,27000,
DTL07670,ORD04722,ITEM033,1,39000,39000,
DTL07671,ORD04723,ITEM049,1,28000,28000,
DTL07672,ORD04724,ITEM074,2,27000,54000,gula sedikit
DTL07673,ORD04724,ITEM069,1,60000,60000,
DTL07674,ORD04725,ITEM038,1,39000,39000,tanpa susu
DTL07675,ORD04725,ITEM033,1,39000,39000,
DTL07676,ORD04726,ITEM044,2,39000,78000,ekstra creamer
DTL07677,ORD04727,ITEM074,1,27000,27000,
DTL07678,ORD04728,ITEM047,1,20000,20000,panas
DTL07679,ORD04728,ITEM024,2,27000,54000,
DTL07680,ORD04729,ITEM005,1,28000,28000,
DTL07681,ORD04730,ITEM035,1,30000,30000,
DTL07682,ORD04731,ITEM010,2,35000,70000,
DTL07683,ORD04732,ITEM041,1,26000,26000,
DTL07684,ORD04732,ITEM077,1,23000,23000,
DTL07685,ORD04733,ITEM078,1,18000,18000,
DTL07686,ORD04733,ITEM077,1,23000,23000,less ice
DTL07687,ORD04734,ITEM067,1,63000,63000,
DTL07688,ORD04735,ITEM015,1,50000,50000,extra shot
DTL07689,ORD04735,ITEM050,2,27000,54000,
DTL07690,ORD04736,ITEM080,1,34000,34000,
DTL07691,ORD04737,ITEM018,2,29000,58000,
DTL07692,ORD04738,ITEM001,3,29000,87000,
DTL07693,ORD04739,ITEM059,2,73000,146000,gula sedikit
DTL07694,ORD04739,ITEM061,1,59000,59000,
DTL07695,ORD04740,ITEM073,1,22000,22000,
DTL07696,ORD04740,ITEM076,1,28000,28000,tanpa susu
DTL07697,ORD04740,ITEM006,1,50000,50000,
DTL07698,ORD04741,ITEM030,1,27000,27000,
DTL07699,ORD04742,ITEM058,1,52000,52000,tanpa gula
DTL07700,ORD04743,ITEM046,1,29000,29000,
DTL07701,ORD04744,ITEM040,1,24000,24000,
DTL07702,ORD04744,ITEM071,1,26000,26000,ekstra creamer
DTL07703,ORD04745,ITEM043,1,27000,27000,
DTL07704,ORD04745,ITEM030,1,27000,27000,less ice
DTL07705,ORD04745,ITEM074,2,27000,54000,
DTL07706,ORD04746,ITEM061,1,59000,59000,
DTL07707,ORD04747,ITEM011,2,49000,98000,
DTL07708,ORD04748,ITEM005,1,28000,28000,
DTL07709,ORD04749,ITEM002,1,40000,40000,
DTL07710,ORD04750,ITEM001,1,29000,29000,
DTL07711,ORD04751,ITEM057,2,72000,144000,
DTL07712,ORD04752,ITEM001,2,29000,58000,dingin
DTL07713,ORD04753,ITEM027,1,35000,35000,
DTL07714,ORD04754,ITEM019,2,47000,94000,
DTL07715,ORD04755,ITEM041,1,26000,26000,
DTL07716,ORD04756,ITEM022,3,52000,156000,
DTL07717,ORD04757,ITEM037,2,27000,54000,
DTL07718,ORD04757,ITEM049,1,28000,28000,
DTL07719,ORD04758,ITEM003,1,37000,37000,
DTL07720,ORD04759,ITEM007,1,24000,24000,
DTL07721,ORD04759,ITEM011,2,49000,98000,dingin
DTL07722,ORD04760,ITEM004,1,29000,29000,
DTL07723,ORD04760,ITEM030,1,27000,27000,
DTL07724,ORD04760,ITEM028,1,27000,27000,
DTL07725,ORD04761,ITEM047,1,20000,20000,
DTL07726,ORD04761,ITEM056,1,51000,51000,
DTL07727,ORD04762,ITEM003,1,37000,37000,
DTL07728,ORD04762,ITEM013,1,40000,40000,
DTL07729,ORD04763,ITEM067,1,63000,63000,
DTL07730,ORD04763,ITEM031,2,21000,42000,
DTL07731,ORD04764,ITEM022,1,52000,52000,
DTL07732,ORD04764,ITEM080,1,34000,34000,
DTL07733,ORD04765,ITEM018,1,29000,29000,
DTL07734,ORD04765,ITEM027,1,35000,35000,
DTL07735,ORD04766,ITEM064,1,38000,38000,
DTL07736,ORD04767,ITEM071,1,26000,26000,
DTL07737,ORD04767,ITEM022,1,52000,52000,
DTL07738,ORD04768,ITEM019,1,47000,47000,
DTL07739,ORD04769,ITEM024,1,27000,27000,
DTL07740,ORD04770,ITEM053,1,68000,68000,
DTL07741,ORD04771,ITEM005,3,28000,84000,
DTL07742,ORD04771,ITEM038,1,39000,39000,
DTL07743,ORD04772,ITEM047,1,20000,20000,no ice
DTL07744,ORD04773,ITEM044,1,39000,39000,
DTL07745,ORD04773,ITEM041,1,26000,26000,
DTL07746,ORD04773,ITEM018,1,29000,29000,
DTL07747,ORD04774,ITEM042,1,33000,33000,
DTL07748,ORD04775,ITEM009,1,24000,24000,
DTL07749,ORD04775,ITEM063,1,67000,67000,
DTL07750,ORD04776,ITEM027,1,35000,35000,tambah whip cream
DTL07751,ORD04777,ITEM062,2,44000,88000,
DTL07752,ORD04778,ITEM044,1,39000,39000,
DTL07753,ORD04779,ITEM051,1,49000,49000,
DTL07754,ORD04779,ITEM022,1,52000,52000,
DTL07755,ORD04779,ITEM074,1,27000,27000,dingin
DTL07756,ORD04779,ITEM030,1,27000,27000,
DTL07757,ORD04780,ITEM059,1,73000,73000,
DTL07758,ORD04780,ITEM046,1,29000,29000,
DTL07759,ORD04780,ITEM002,1,40000,40000,
DTL07760,ORD04781,ITEM029,2,37000,74000,
DTL07761,ORD04781,ITEM042,2,33000,66000,
DTL07762,ORD04782,ITEM077,1,23000,23000,
DTL07763,ORD04783,ITEM061,1,59000,59000,tambah whip cream
DTL07764,ORD04783,ITEM008,2,36000,72000,
DTL07765,ORD04784,ITEM013,1,40000,40000,
DTL07766,ORD04784,ITEM062,1,44000,44000,tanpa susu
DTL07767,ORD04785,ITEM073,1,22000,22000,gula sedikit
DTL07768,ORD04786,ITEM031,1,21000,21000,
DTL07769,ORD04786,ITEM027,1,35000,35000,
DTL07770,ORD04786,ITEM043,1,27000,27000,
DTL07771,ORD04787,ITEM008,1,36000,36000,
DTL07772,ORD04788,ITEM066,1,45000,45000,less ice
DTL07773,ORD04789,ITEM025,1,41000,41000,
DTL07774,ORD04790,ITEM040,1,24000,24000,
DTL07775,ORD04791,ITEM051,2,49000,98000,
DTL07776,ORD04792,ITEM036,1,25000,25000,
DTL07777,ORD04793,ITEM050,1,27000,27000,
DTL07778,ORD04794,ITEM054,1,65000,65000,
DTL07779,ORD04794,ITEM061,2,59000,118000,
DTL07780,ORD04794,ITEM012,1,51000,51000,tambah whip cream
DTL07781,ORD04794,ITEM009,1,24000,24000,
DTL07782,ORD04795,ITEM013,1,40000,40000,
DTL07783,ORD04796,ITEM002,1,40000,40000,
DTL07784,ORD04796,ITEM044,1,39000,39000,tanpa gula
DTL07785,ORD04797,ITEM027,1,35000,35000,
DTL07786,ORD04797,ITEM045,1,36000,36000,
DTL07787,ORD04798,ITEM040,1,24000,24000,ekstra creamer
DTL07788,ORD04798,ITEM041,2,26000,52000,
DTL07789,ORD04799,ITEM058,1,52000,52000,
DTL07790,ORD04800,ITEM063,1,67000,67000,
DTL07791,ORD04801,ITEM012,3,51000,153000,
DTL07792,ORD04802,ITEM050,1,27000,27000,
DTL07793,ORD04802,ITEM066,2,45000,90000,
DTL07794,ORD04803,ITEM028,1,27000,27000,
DTL07795,ORD04804,ITEM028,1,27000,27000,less ice
DTL07796,ORD04805,ITEM029,1,37000,37000,
DTL07797,ORD04806,ITEM049,2,28000,56000,
DTL07798,ORD04807,ITEM002,1,40000,40000,
DTL07799,ORD04808,ITEM034,2,30000,60000,
DTL07800,ORD04808,ITEM042,1,33000,33000,tanpa gula
DTL07801,ORD04808,ITEM054,2,65000,130000,
DTL07802,ORD04808,ITEM073,1,22000,22000,
DTL07803,ORD04809,ITEM025,1,41000,41000,
DTL07804,ORD04809,ITEM033,1,39000,39000,
DTL07805,ORD04810,ITEM006,1,50000,50000,
DTL07806,ORD04810,ITEM031,1,21000,21000,less sugar
DTL07807,ORD04811,ITEM044,2,39000,78000,
DTL07808,ORD04812,ITEM010,2,35000,70000,
DTL07809,ORD04812,ITEM009,1,24000,24000,
DTL07810,ORD04813,ITEM071,1,26000,26000,
DTL07811,ORD04814,ITEM074,3,27000,81000,
DTL07812,ORD04815,ITEM027,1,35000,35000,
DTL07813,ORD04816,ITEM075,1,29000,29000,
DTL07814,ORD04817,ITEM067,1,63000,63000,
DTL07815,ORD04817,ITEM040,1,24000,24000,tambah whip cream
DTL07816,ORD04818,ITEM035,1,30000,30000,
DTL07817,ORD04818,ITEM054,1,65000,65000,
DTL07818,ORD04818,ITEM056,1,51000,51000,
DTL07819,ORD04819,ITEM077,2,23000,46000,
DTL07820,ORD04820,ITEM054,1,65000,65000,
DTL07821,ORD04820,ITEM033,1,39000,39000,ekstra creamer
DTL07822,ORD04820,ITEM060,1,73000,73000,
DTL07823,ORD04820,ITEM035,1,30000,30000,
DTL07824,ORD04821,ITEM018,1,29000,29000,
DTL07825,ORD04822,ITEM028,1,27000,27000,
DTL07826,ORD04823,ITEM038,2,39000,78000,
DTL07827,ORD04824,ITEM066,1,45000,45000,gula sedikit
DTL07828,ORD04825,ITEM062,2,44000,88000,
DTL07829,ORD04825,ITEM033,2,39000,78000,
DTL07830,ORD04826,ITEM058,1,52000,52000,
DTL07831,ORD04827,ITEM062,1,44000,44000,less ice
DTL07832,ORD04828,ITEM025,1,41000,41000,
DTL07833,ORD04829,ITEM061,1,59000,59000,
DTL07834,ORD04830,ITEM029,1,37000,37000,less ice
DTL07835,ORD04830,ITEM018,2,29000,58000,ekstra creamer
DTL07836,ORD04830,ITEM041,1,26000,26000,
DTL07837,ORD04831,ITEM074,1,27000,27000,
DTL07838,ORD04831,ITEM055,3,52000,156000,
DTL07839,ORD04831,ITEM010,2,35000,70000,
DTL07840,ORD04832,ITEM068,1,39000,39000,no ice
DTL07841,ORD04832,ITEM075,1,29000,29000,
DTL07842,ORD04833,ITEM018,1,29000,29000,
DTL07843,ORD04834,ITEM068,1,39000,39000,
DTL07844,ORD04834,ITEM043,1,27000,27000,
DTL07845,ORD04835,ITEM028,1,27000,27000,gula sedikit
DTL07846,ORD04835,ITEM074,1,27000,27000,
DTL07847,ORD04836,ITEM018,1,29000,29000,
DTL07848,ORD04837,ITEM076,1,28000,28000,
DTL07849,ORD04837,ITEM013,1,40000,40000,
DTL07850,ORD04838,ITEM015,1,50000,50000,
DTL07851,ORD04838,ITEM018,1,29000,29000,
DTL07852,ORD04839,ITEM047,1,20000,20000,
DTL07853,ORD04839,ITEM022,1,52000,52000,
DTL07854,ORD04840,ITEM018,1,29000,29000,
DTL07855,ORD04840,ITEM024,1,27000,27000,
DTL07856,ORD04841,ITEM061,2,59000,118000,
DTL07857,ORD04841,ITEM073,1,22000,22000,
DTL07858,ORD04841,ITEM007,2,24000,48000,
DTL07859,ORD04842,ITEM066,1,45000,45000,
DTL07860,ORD04842,ITEM038,1,39000,39000,
DTL07861,ORD04842,ITEM032,1,27000,27000,tambah whip cream
DTL07862,ORD04842,ITEM067,1,63000,63000,gula sedikit
DTL07863,ORD04843,ITEM072,2,18000,36000,tambah whip cream
DTL07864,ORD04844,ITEM032,1,27000,27000,
DTL07865,ORD04845,ITEM028,2,27000,54000,
DTL07866,ORD04845,ITEM015,1,50000,50000,
DTL07867,ORD04845,ITEM002,1,40000,40000,
DTL07868,ORD04845,ITEM007,1,24000,24000,
DTL07869,ORD04846,ITEM080,2,34000,68000,
DTL07870,ORD04846,ITEM061,2,59000,118000,
DTL07871,ORD04846,ITEM009,1,24000,24000,
DTL07872,ORD04847,ITEM062,1,44000,44000,less ice
DTL07873,ORD04847,ITEM019,1,47000,47000,
DTL07874,ORD04847,ITEM036,1,25000,25000,
DTL07875,ORD04847,ITEM016,1,40000,40000,ekstra creamer
DTL07876,ORD04848,ITEM013,3,40000,120000,
DTL07877,ORD04849,ITEM074,1,27000,27000,
DTL07878,ORD04850,ITEM009,1,24000,24000,
DTL07879,ORD04851,ITEM076,2,28000,56000,
DTL07880,ORD04852,ITEM033,1,39000,39000,
DTL07881,ORD04853,ITEM067,1,63000,63000,
DTL07882,ORD04853,ITEM047,2,20000,40000,
DTL07883,ORD04854,ITEM053,1,68000,68000,
DTL07884,ORD04855,ITEM045,1,36000,36000,
DTL07885,ORD04855,ITEM017,1,36000,36000,less ice
DTL07886,ORD04856,ITEM002,1,40000,40000,
DTL07887,ORD04856,ITEM001,1,29000,29000,tanpa gula
DTL07888,ORD04857,ITEM027,2,35000,70000,
DTL07889,ORD04858,ITEM025,1,41000,41000,
DTL07890,ORD04859,ITEM022,1,52000,52000,
DTL07891,ORD04859,ITEM052,1,56000,56000,
DTL07892,ORD04860,ITEM069,1,60000,60000,
DTL07893,ORD04861,ITEM018,2,29000,58000,extra hot
DTL07894,ORD04861,ITEM062,1,44000,44000,
DTL07895,ORD04862,ITEM003,1,37000,37000,
DTL07896,ORD04863,ITEM050,1,27000,27000,
DTL07897,ORD04863,ITEM041,1,26000,26000,extra hot
DTL07898,ORD04864,ITEM013,1,40000,40000,
DTL07899,ORD04865,ITEM077,1,23000,23000,
DTL07900,ORD04866,ITEM009,1,24000,24000,
DTL07901,ORD04867,ITEM006,2,50000,100000,tambah whip cream
DTL07902,ORD04867,ITEM067,1,63000,63000,
DTL07903,ORD04867,ITEM038,1,39000,39000,
DTL07904,ORD04868,ITEM030,1,27000,27000,
DTL07905,ORD04868,ITEM007,2,24000,48000,
DTL07906,ORD04869,ITEM031,1,21000,21000,
DTL07907,ORD04869,ITEM001,1,29000,29000,
DTL07908,ORD04870,ITEM074,1,27000,27000,
DTL07909,ORD04871,ITEM028,1,27000,27000,
DTL07910,ORD04871,ITEM059,1,73000,73000,
DTL07911,ORD04872,ITEM052,1,56000,56000,extra shot
DTL07912,ORD04873,ITEM029,1,37000,37000,
DTL07913,ORD04873,ITEM052,1,56000,56000,
DTL07914,ORD04874,ITEM006,1,50000,50000,
DTL07915,ORD04875,ITEM008,2,36000,72000,
DTL07916,ORD04876,ITEM018,2,29000,58000,
DTL07917,ORD04877,ITEM005,1,28000,28000,
DTL07918,ORD04877,ITEM011,1,49000,49000,
DTL07919,ORD04878,ITEM045,1,36000,36000,
DTL07920,ORD04878,ITEM015,2,50000,100000,
DTL07921,ORD04879,ITEM068,2,39000,78000,
DTL07922,ORD04880,ITEM036,1,25000,25000,no ice
DTL07923,ORD04881,ITEM017,1,36000,36000,
DTL07924,ORD04882,ITEM009,2,24000,48000,
DTL07925,ORD04883,ITEM053,1,68000,68000,
DTL07926,ORD04883,ITEM029,2,37000,74000,
DTL07927,ORD04884,ITEM053,1,68000,68000,
DTL07928,ORD04884,ITEM061,2,59000,118000,
DTL07929,ORD04885,ITEM055,1,52000,52000,
DTL07930,ORD04886,ITEM068,1,39000,39000,
DTL07931,ORD04886,ITEM010,1,35000,35000,
DTL07932,ORD04886,ITEM008,1,36000,36000,
DTL07933,ORD04886,ITEM057,2,72000,144000,
DTL07934,ORD04887,ITEM068,1,39000,39000,
DTL07935,ORD04887,ITEM078,2,18000,36000,
DTL07936,ORD04888,ITEM068,1,39000,39000,
DTL07937,ORD04889,ITEM060,1,73000,73000,
DTL07938,ORD04890,ITEM076,1,28000,28000,panas
DTL07939,ORD04890,ITEM015,1,50000,50000,
DTL07940,ORD04890,ITEM035,1,30000,30000,
DTL07941,ORD04891,ITEM067,1,63000,63000,
DTL07942,ORD04892,ITEM073,1,22000,22000,
DTL07943,ORD04893,ITEM036,1,25000,25000,less ice
DTL07944,ORD04893,ITEM008,3,36000,108000,
DTL07945,ORD04894,ITEM029,1,37000,37000,
DTL07946,ORD04894,ITEM050,1,27000,27000,
DTL07947,ORD04894,ITEM004,1,29000,29000,
DTL07948,ORD04895,ITEM074,1,27000,27000,
DTL07949,ORD04895,ITEM076,1,28000,28000,
DTL07950,ORD04896,ITEM041,2,26000,52000,
DTL07951,ORD04897,ITEM005,1,28000,28000,
DTL07952,ORD04897,ITEM002,2,40000,80000,
DTL07953,ORD04898,ITEM040,1,24000,24000,
DTL07954,ORD04899,ITEM072,2,18000,36000,tanpa gula
DTL07955,ORD04899,ITEM017,1,36000,36000,
DTL07956,ORD04900,ITEM075,1,29000,29000,
DTL07957,ORD04901,ITEM028,1,27000,27000,
DTL07958,ORD04902,ITEM074,1,27000,27000,
DTL07959,ORD04903,ITEM075,1,29000,29000,
DTL07960,ORD04904,ITEM011,2,49000,98000,
DTL07961,ORD04905,ITEM060,1,73000,73000,
DTL07962,ORD04905,ITEM062,1,44000,44000,
DTL07963,ORD04906,ITEM061,1,59000,59000,
DTL07964,ORD04906,ITEM009,1,24000,24000,tanpa gula
DTL07965,ORD04906,ITEM066,1,45000,45000,
DTL07966,ORD04906,ITEM010,1,35000,35000,
DTL07967,ORD04907,ITEM041,1,26000,26000,
DTL07968,ORD04907,ITEM046,1,29000,29000,
DTL07969,ORD04907,ITEM032,3,27000,81000,
DTL07970,ORD04908,ITEM037,1,27000,27000,
DTL07971,ORD04908,ITEM047,1,20000,20000,
DTL07972,ORD04909,ITEM032,2,27000,54000,
DTL07973,ORD04909,ITEM058,1,52000,52000,
DTL07974,ORD04909,ITEM050,3,27000,81000,
DTL07975,ORD04910,ITEM034,1,30000,30000,
DTL07976,ORD04911,ITEM062,1,44000,44000,
DTL07977,ORD04911,ITEM018,2,29000,58000,less ice
DTL07978,ORD04912,ITEM059,1,73000,73000,
DTL07979,ORD04912,ITEM077,2,23000,46000,
DTL07980,ORD04913,ITEM008,1,36000,36000,
DTL07981,ORD04914,ITEM045,1,36000,36000,no ice
DTL07982,ORD04914,ITEM066,1,45000,45000,
DTL07983,ORD04915,ITEM036,2,25000,50000,less sugar
DTL07984,ORD04916,ITEM073,1,22000,22000,
DTL07985,ORD04916,ITEM011,1,49000,49000,
DTL07986,ORD04917,ITEM022,1,52000,52000,
DTL07987,ORD04918,ITEM050,3,27000,81000,
DTL07988,ORD04919,ITEM028,2,27000,54000,
DTL07989,ORD04920,ITEM030,1,27000,27000,
DTL07990,ORD04921,ITEM049,2,28000,56000,
DTL07991,ORD04921,ITEM041,1,26000,26000,
DTL07992,ORD04921,ITEM069,3,60000,180000,
DTL07993,ORD04922,ITEM069,1,60000,60000,
DTL07994,ORD04922,ITEM064,1,38000,38000,
DTL07995,ORD04923,ITEM077,1,23000,23000,
DTL07996,ORD04924,ITEM077,1,23000,23000,
DTL07997,ORD04925,ITEM080,1,34000,34000,
DTL07998,ORD04925,ITEM040,1,24000,24000,
DTL07999,ORD04926,ITEM019,1,47000,47000,
DTL08000,ORD04926,ITEM058,1,52000,52000,
DTL08001,ORD04927,ITEM027,2,35000,70000,
DTL08002,ORD04928,ITEM016,1,40000,40000,
DTL08003,ORD04929,ITEM076,1,28000,28000,
DTL08004,ORD04929,ITEM073,1,22000,22000,
DTL08005,ORD04929,ITEM019,2,47000,94000,
DTL08006,ORD04930,ITEM073,1,22000,22000,
DTL08007,ORD04931,ITEM057,3,72000,216000,
DTL08008,ORD04931,ITEM006,1,50000,50000,
DTL08009,ORD04932,ITEM062,1,44000,44000,
DTL08010,ORD04933,ITEM033,1,39000,39000,
DTL08011,ORD04934,ITEM041,1,26000,26000,
DTL08012,ORD04935,ITEM011,1,49000,49000,gula sedikit
DTL08013,ORD04935,ITEM022,1,52000,52000,
DTL08014,ORD04936,ITEM075,1,29000,29000,
DTL08015,ORD04937,ITEM028,1,27000,27000,
DTL08016,ORD04937,ITEM035,1,30000,30000,
DTL08017,ORD04938,ITEM068,2,39000,78000,
DTL08018,ORD04939,ITEM053,1,68000,68000,
DTL08019,ORD04940,ITEM057,1,72000,72000,extra hot
DTL08020,ORD04940,ITEM050,1,27000,27000,ekstra creamer
DTL08021,ORD04940,ITEM033,1,39000,39000,
DTL08022,ORD04941,ITEM012,1,51000,51000,
DTL08023,ORD04941,ITEM080,2,34000,68000,
DTL08024,ORD04942,ITEM046,1,29000,29000,
DTL08025,ORD04942,ITEM016,1,40000,40000,
DTL08026,ORD04943,ITEM018,3,29000,87000,
DTL08027,ORD04943,ITEM005,3,28000,84000,
DTL08028,ORD04943,ITEM011,1,49000,49000,
DTL08029,ORD04944,ITEM060,1,73000,73000,
DTL08030,ORD04944,ITEM061,1,59000,59000,
DTL08031,ORD04945,ITEM066,3,45000,135000,
DTL08032,ORD04945,ITEM047,1,20000,20000,
DTL08033,ORD04946,ITEM032,1,27000,27000,
DTL08034,ORD04947,ITEM074,1,27000,27000,
DTL08035,ORD04947,ITEM058,1,52000,52000,
DTL08036,ORD04948,ITEM036,1,25000,25000,tanpa susu
DTL08037,ORD04949,ITEM051,2,49000,98000,
DTL08038,ORD04949,ITEM012,2,51000,102000,tanpa gula
DTL08039,ORD04949,ITEM057,1,72000,72000,
DTL08040,ORD04949,ITEM044,1,39000,39000,
DTL08041,ORD04950,ITEM001,1,29000,29000,
DTL08042,ORD04951,ITEM041,1,26000,26000,
DTL08043,ORD04952,ITEM025,1,41000,41000,
DTL08044,ORD04953,ITEM005,1,28000,28000,
DTL08045,ORD04954,ITEM013,1,40000,40000,
DTL08046,ORD04954,ITEM006,1,50000,50000,less sugar
DTL08047,ORD04955,ITEM005,1,28000,28000,
DTL08048,ORD04956,ITEM046,1,29000,29000,
DTL08049,ORD04957,ITEM040,2,24000,48000,
DTL08050,ORD04958,ITEM067,1,63000,63000,
DTL08051,ORD04958,ITEM055,2,52000,104000,
DTL08052,ORD04959,ITEM033,1,39000,39000,extra hot
DTL08053,ORD04959,ITEM061,1,59000,59000,
DTL08054,ORD04960,ITEM047,1,20000,20000,
DTL08055,ORD04961,ITEM080,1,34000,34000,
DTL08056,ORD04961,ITEM015,2,50000,100000,
DTL08057,ORD04962,ITEM042,3,33000,99000,
DTL08058,ORD04963,ITEM042,3,33000,99000,
DTL08059,ORD04964,ITEM059,1,73000,73000,
DTL08060,ORD04965,ITEM078,2,18000,36000,panas
DTL08061,ORD04966,ITEM002,1,40000,40000,
DTL08062,ORD04966,ITEM024,1,27000,27000,
DTL08063,ORD04966,ITEM058,1,52000,52000,
DTL08064,ORD04967,ITEM072,3,18000,54000,
DTL08065,ORD04968,ITEM062,1,44000,44000,tanpa gula
DTL08066,ORD04969,ITEM042,3,33000,99000,
DTL08067,ORD04970,ITEM027,1,35000,35000,
DTL08068,ORD04970,ITEM006,1,50000,50000,
DTL08069,ORD04971,ITEM006,2,50000,100000,
DTL08070,ORD04972,ITEM069,1,60000,60000,
DTL08071,ORD04972,ITEM019,2,47000,94000,
DTL08072,ORD04972,ITEM056,1,51000,51000,
DTL08073,ORD04972,ITEM073,1,22000,22000,
DTL08074,ORD04973,ITEM012,1,51000,51000,
DTL08075,ORD04974,ITEM051,1,49000,49000,
DTL08076,ORD04975,ITEM043,1,27000,27000,
DTL08077,ORD04976,ITEM005,1,28000,28000,
DTL08078,ORD04976,ITEM061,1,59000,59000,tanpa gula
DTL08079,ORD04977,ITEM017,1,36000,36000,
DTL08080,ORD04977,ITEM054,1,65000,65000,
DTL08081,ORD04978,ITEM008,2,36000,72000,
DTL08082,ORD04978,ITEM060,1,73000,73000,
DTL08083,ORD04978,ITEM032,1,27000,27000,
DTL08084,ORD04979,ITEM058,1,52000,52000,
DTL08085,ORD04980,ITEM036,2,25000,50000,
DTL08086,ORD04981,ITEM002,1,40000,40000,
DTL08087,ORD04982,ITEM042,3,33000,99000,
DTL08088,ORD04982,ITEM030,1,27000,27000,
DTL08089,ORD04983,ITEM024,1,27000,27000,
DTL08090,ORD04983,ITEM061,1,59000,59000,less ice
DTL08091,ORD04984,ITEM005,1,28000,28000,
DTL08092,ORD04984,ITEM063,1,67000,67000,
DTL08093,ORD04985,ITEM031,1,21000,21000,
DTL08094,ORD04986,ITEM041,2,26000,52000,
DTL08095,ORD04987,ITEM060,1,73000,73000,no ice
DTL08096,ORD04987,ITEM016,1,40000,40000,
DTL08097,ORD04988,ITEM004,1,29000,29000,
DTL08098,ORD04988,ITEM062,1,44000,44000,extra shot
DTL08099,ORD04989,ITEM022,2,52000,104000,
DTL08100,ORD04989,ITEM040,1,24000,24000,
DTL08101,ORD04990,ITEM003,1,37000,37000,ekstra creamer
DTL08102,ORD04990,ITEM029,1,37000,37000,
DTL08103,ORD04990,ITEM016,1,40000,40000,
DTL08104,ORD04990,ITEM066,1,45000,45000,
DTL08105,ORD04991,ITEM060,3,73000,219000,
DTL08106,ORD04992,ITEM015,1,50000,50000,
DTL08107,ORD04993,ITEM017,1,36000,36000,no ice
DTL08108,ORD04994,ITEM005,1,28000,28000,
DTL08109,ORD04994,ITEM006,2,50000,100000,
DTL08110,ORD04995,ITEM006,2,50000,100000,
DTL08111,ORD04995,ITEM052,1,56000,56000,extra hot
DTL08112,ORD04995,ITEM076,1,28000,28000,
DTL08113,ORD04995,ITEM074,1,27000,27000,
DTL08114,ORD04996,ITEM075,1,29000,29000,
DTL08115,ORD04997,ITEM033,1,39000,39000,
DTL08116,ORD04997,ITEM017,1,36000,36000,
DTL08117,ORD04997,ITEM009,2,24000,48000,
DTL08118,ORD04998,ITEM078,2,18000,36000,no ice
DTL08119,ORD04998,ITEM075,1,29000,29000,
DTL08120,ORD04999,ITEM046,2,29000,58000,
DTL08121,ORD04999,ITEM037,2,27000,54000,
DTL08122,ORD04999,ITEM027,1,35000,35000,
DTL08123,ORD05000,ITEM044,1,39000,39000,
