order_id,outlet_id,order_date,order_time,total_amount,payment_method,order_type,staff_id
ORD00356,OUT001,2022-01-01,18:07:55,52000,OVO,dine_in,STF002
ORD00211,OUT008,2022-01-02,07:58:07,51000,Tunai,delivery,STF046
ORD00644,OUT003,2022-01-02,11:49:41,52000,GoPay,dine_in,STF014
ORD00840,OUT010,2022-01-02,12:48:29,204000,Tunai,dine_in,STF060
ORD00707,OUT010,2022-01-02,17:58:44,25000,Tunai,takeaway,STF060
ORD00221,OUT008,2022-01-02,19:40:51,50000,OVO,takeaway,STF047
ORD00716,OUT005,2022-01-03,18:53:00,27000,GoPay,dine_in,STF026
ORD00237,OUT009,2022-01-04,13:42:40,50000,Kartu Debit,dine_in,STF053
ORD00770,OUT007,2022-01-04,19:01:23,38000,OVO,dine_in,STF041
ORD00213,OUT002,2022-01-05,12:21:22,256000,QRIS,takeaway,STF009
ORD00987,OUT002,2022-01-06,07:19:28,116000,QRIS,delivery,STF012
ORD00896,OUT011,2022-01-06,16:33:06,38000,Kartu Debit,delivery,STF065
ORD00553,OUT002,2022-01-06,18:58:08,24000,OVO,delivery,STF011
ORD00264,OUT008,2022-01-06,18:59:51,29000,QRIS,dine_in,STF044
ORD00314,OUT010,2022-01-08,19:07:19,18000,QRIS,takeaway,STF055
ORD00009,OUT008,2022-01-08,20:55:41,73000,GoPay,dine_in,STF046
ORD00702,OUT008,2022-01-09,12:17:01,24000,QRIS,delivery,STF047
ORD00417,OUT010,2022-01-09,12:37:03,156000,GoPay,dine_in,STF058
ORD00434,OUT009,2022-01-10,08:27:56,51000,GoPay,dine_in,STF051
ORD00317,OUT004,2022-01-10,18:24:14,87000,QRIS,takeaway,STF019
ORD00640,OUT002,2022-01-11,10:34:18,30000,GoPay,takeaway,STF011
ORD00306,OUT011,2022-01-12,15:58:35,95000,QRIS,takeaway,STF065
ORD00597,OUT004,2022-01-12,17:30:17,109000,Kartu Debit,delivery,STF019
ORD00282,OUT002,2022-01-14,09:06:16,101000,Tunai,dine_in,STF007
ORD00478,OUT007,2022-01-14,18:09:41,96000,OVO,takeaway,STF042
ORD00681,OUT005,2022-01-15,09:36:24,160000,GoPay,delivery,STF026
ORD00416,OUT008,2022-01-15,12:31:04,91000,Tunai,delivery,STF045
ORD00283,OUT003,2022-01-15,12:55:58,213000,OVO,takeaway,STF017
ORD00446,OUT007,2022-01-15,19:19:29,28000,QRIS,takeaway,STF040
ORD00650,OUT006,2022-01-16,08:05:15,86000,GoPay,dine_in,STF035
ORD00843,OUT003,2022-01-16,13:29:15,199000,Kartu Debit,takeaway,STF017
ORD00322,OUT005,2022-01-16,20:26:19,27000,QRIS,delivery,STF027
ORD00300,OUT004,2022-01-17,19:24:42,63000,QRIS,takeaway,STF024
ORD00988,OUT010,2022-01-18,16:09:16,116000,QRIS,dine_in,STF055
ORD00729,OUT010,2022-01-18,21:02:58,295000,QRIS,dine_in,STF058
ORD00672,OUT004,2022-01-19,08:26:44,95000,QRIS,delivery,STF020
ORD00945,OUT011,2022-01-19,09:05:01,198000,GoPay,dine_in,STF063
ORD00789,OUT005,2022-01-19,17:38:26,52000,GoPay,dine_in,STF026
ORD00659,OUT010,2022-01-20,08:43:29,199000,GoPay,delivery,STF055
ORD00933,OUT008,2022-01-20,12:05:48,52000,Kartu Debit,dine_in,STF044
ORD00804,OUT004,2022-01-20,17:57:45,166000,GoPay,delivery,STF020
ORD00791,OUT004,2022-01-20,22:10:40,278000,QRIS,takeaway,STF020
ORD00423,OUT007,2022-01-22,07:50:42,39000,QRIS,takeaway,STF037
ORD00167,OUT004,2022-01-22,08:10:59,51000,Tunai,takeaway,STF023
ORD00368,OUT011,2022-01-22,17:40:22,52000,QRIS,takeaway,STF063
ORD00084,OUT010,2022-01-22,18:05:22,99000,QRIS,delivery,STF057
ORD00463,OUT011,2022-01-23,22:55:53,135000,OVO,delivery,STF063
ORD00493,OUT004,2022-01-25,10:28:19,50000,Tunai,delivery,STF019
ORD00657,OUT002,2022-01-25,12:00:22,20000,Kartu Debit,dine_in,STF011
ORD00204,OUT012,2022-01-25,13:01:43,56000,GoPay,delivery,STF069
ORD00892,OUT009,2022-01-25,18:34:14,40000,Kartu Debit,takeaway,STF050
ORD00348,OUT011,2022-01-26,07:05:27,142000,QRIS,dine_in,STF065
ORD00673,OUT012,2022-01-26,12:32:52,136000,GoPay,delivery,STF071
ORD00309,OUT005,2022-01-26,19:28:48,39000,Tunai,takeaway,STF025
ORD00454,OUT001,2022-01-27,12:40:28,29000,Tunai,dine_in,STF001
ORD00980,OUT001,2022-01-27,14:30:02,94000,GoPay,dine_in,STF002
ORD00951,OUT006,2022-01-27,16:16:28,63000,QRIS,dine_in,STF031
ORD00049,OUT009,2022-01-27,18:35:59,207000,GoPay,delivery,STF053
ORD00278,OUT012,2022-01-28,12:55:43,81000,Tunai,dine_in,STF072
ORD00272,OUT005,2022-01-28,13:30:34,27000,GoPay,takeaway,STF027
ORD00333,OUT005,2022-01-29,08:09:54,51000,GoPay,delivery,STF027
ORD00153,OUT008,2022-01-30,13:07:29,27000,Tunai,takeaway,STF043
ORD00371,OUT003,2022-01-30,13:38:40,29000,GoPay,delivery,STF013
ORD00170,OUT009,2022-01-30,22:33:22,195000,Kartu Debit,takeaway,STF050
ORD00050,OUT012,2022-01-31,13:32:23,29000,OVO,dine_in,STF068
ORD00506,OUT006,2022-01-31,17:11:01,20000,Kartu Debit,dine_in,STF033
ORD00091,OUT008,2022-02-01,21:19:10,176000,QRIS,delivery,STF047
ORD00380,OUT007,2022-02-02,16:31:34,49000,QRIS,dine_in,STF037
ORD00566,OUT001,2022-02-03,09:12:03,27000,Tunai,dine_in,STF002
ORD00027,OUT005,2022-02-03,17:40:37,23000,Tunai,delivery,STF027
ORD00066,OUT003,2022-02-03,18:46:30,134000,QRIS,takeaway,STF017
ORD00999,OUT003,2022-02-04,07:27:22,85000,Tunai,takeaway,STF013
ORD00370,OUT001,2022-02-04,07:33:06,27000,Kartu Debit,takeaway,STF004
ORD00795,OUT006,2022-02-04,17:56:14,104000,OVO,delivery,STF031
ORD00297,OUT003,2022-02-05,13:18:52,27000,OVO,takeaway,STF015
ORD00605,OUT004,2022-02-06,15:40:44,152000,Tunai,dine_in,STF022
ORD00469,OUT002,2022-02-06,17:24:05,73000,QRIS,dine_in,STF008
ORD00531,OUT001,2022-02-07,17:07:09,245000,OVO,takeaway,STF002
ORD00955,OUT003,2022-02-08,07:47:51,63000,OVO,takeaway,STF013
ORD00109,OUT002,2022-02-08,08:48:00,27000,QRIS,dine_in,STF008
ORD00217,OUT003,2022-02-08,17:15:21,51000,OVO,dine_in,STF018
ORD00555,OUT006,2022-02-09,07:43:17,56000,GoPay,takeaway,STF033
ORD00796,OUT007,2022-02-09,07:46:13,57000,OVO,dine_in,STF039
ORD00433,OUT004,2022-02-09,22:50:29,24000,OVO,dine_in,STF023
ORD00068,OUT005,2022-02-10,18:35:17,78000,GoPay,delivery,STF027
ORD00535,OUT004,2022-02-11,09:10:32,28000,QRIS,delivery,STF024
ORD00790,OUT009,2022-02-11,20:44:04,36000,QRIS,dine_in,STF050
ORD00113,OUT006,2022-02-12,13:41:50,208000,OVO,takeaway,STF031
ORD00259,OUT004,2022-02-12,17:26:16,64000,GoPay,dine_in,STF019
ORD00152,OUT009,2022-02-12,17:58:13,24000,GoPay,takeaway,STF051
ORD00310,OUT011,2022-02-12,18:03:35,67000,QRIS,dine_in,STF061
ORD00827,OUT012,2022-02-12,18:16:27,63000,OVO,delivery,STF070
ORD00578,OUT010,2022-02-13,12:04:21,40000,GoPay,takeaway,STF056
ORD00749,OUT010,2022-02-13,19:39:24,50000,QRIS,dine_in,STF058
ORD00612,OUT002,2022-02-13,22:51:55,95000,GoPay,takeaway,STF012
ORD00717,OUT003,2022-02-14,11:46:12,28000,QRIS,takeaway,STF013
ORD00457,OUT008,2022-02-15,13:16:44,78000,GoPay,dine_in,STF046
ORD00808,OUT004,2022-02-16,07:11:20,118000,Tunai,delivery,STF019
ORD00812,OUT009,2022-02-16,08:16:13,125000,QRIS,dine_in,STF050
ORD00854,OUT005,2022-02-16,09:57:57,30000,GoPay,takeaway,STF027
ORD00699,OUT004,2022-02-17,12:45:05,62000,QRIS,takeaway,STF020
ORD00349,OUT005,2022-02-17,21:06:29,30000,OVO,delivery,STF029
ORD00110,OUT012,2022-02-17,22:42:31,151000,GoPay,dine_in,STF072
ORD00095,OUT012,2022-02-19,07:59:57,37000,GoPay,takeaway,STF068
ORD00424,OUT001,2022-02-19,13:37:57,104000,OVO,dine_in,STF004
ORD00777,OUT010,2022-02-19,19:48:18,44000,QRIS,takeaway,STF057
ORD00592,OUT007,2022-02-19,19:50:37,41000,GoPay,delivery,STF039
ORD00855,OUT008,2022-02-20,19:03:20,38000,Tunai,dine_in,STF044
ORD00426,OUT001,2022-02-20,22:23:44,137000,Tunai,dine_in,STF005
ORD00180,OUT002,2022-02-21,08:26:44,27000,Tunai,delivery,STF012
ORD00866,OUT002,2022-02-21,12:17:34,94000,QRIS,takeaway,STF009
ORD00390,OUT002,2022-02-23,12:10:50,25000,GoPay,takeaway,STF012
ORD00733,OUT008,2022-02-23,12:46:57,115000,QRIS,delivery,STF046
ORD00747,OUT009,2022-02-23,13:45:39,94000,QRIS,dine_in,STF050
ORD00655,OUT004,2022-02-23,17:49:54,34000,OVO,dine_in,STF020
ORD00188,OUT004,2022-02-24,07:50:18,18000,QRIS,dine_in,STF023
ORD00303,OUT007,2022-02-24,18:43:29,218000,Kartu Debit,delivery,STF040
ORD00177,OUT009,2022-02-25,08:24:28,129000,Kartu Debit,takeaway,STF050
ORD00522,OUT008,2022-02-25,12:53:03,123000,OVO,takeaway,STF044
ORD00336,OUT002,2022-02-25,18:33:05,91000,QRIS,delivery,STF012
ORD00575,OUT003,2022-02-25,18:52:09,214000,OVO,delivery,STF014
ORD00751,OUT002,2022-02-25,18:59:43,28000,OVO,takeaway,STF011
ORD00024,OUT006,2022-02-26,07:08:00,27000,QRIS,dine_in,STF035
ORD00619,OUT007,2022-02-26,07:08:25,170000,QRIS,delivery,STF039
ORD00705,OUT008,2022-02-26,07:57:02,40000,Tunai,dine_in,STF044
ORD00642,OUT012,2022-02-26,10:23:59,44000,GoPay,dine_in,STF072
ORD00771,OUT010,2022-02-26,10:28:56,141000,QRIS,takeaway,STF057
ORD00648,OUT005,2022-02-26,12:23:54,59000,Kartu Debit,dine_in,STF027
ORD00372,OUT006,2022-02-26,15:18:29,33000,Tunai,dine_in,STF036
ORD00293,OUT007,2022-02-27,13:20:00,27000,GoPay,dine_in,STF041
ORD00214,OUT006,2022-02-27,18:03:54,175000,GoPay,dine_in,STF034
ORD00312,OUT003,2022-02-27,20:23:22,87000,GoPay,dine_in,STF015
ORD00947,OUT008,2022-02-28,11:58:28,51000,GoPay,delivery,STF043
ORD00031,OUT006,2022-02-28,14:51:27,55000,Tunai,delivery,STF035
ORD00339,OUT001,2022-02-28,17:25:46,108000,Tunai,takeaway,STF001
ORD00674,OUT011,2022-02-28,21:27:23,67000,GoPay,takeaway,STF065
ORD00421,OUT003,2022-03-01,07:30:22,76000,OVO,delivery,STF015
ORD00129,OUT003,2022-03-01,11:22:19,56000,OVO,takeaway,STF014
ORD00574,OUT001,2022-03-01,19:25:45,118000,Tunai,dine_in,STF006
ORD00331,OUT006,2022-03-02,13:00:39,22000,Kartu Debit,dine_in,STF031
ORD00932,OUT004,2022-03-03,08:05:35,28000,QRIS,dine_in,STF020
ORD00600,OUT011,2022-03-04,17:13:41,28000,GoPay,dine_in,STF065
ORD00691,OUT011,2022-03-04,18:00:45,58000,OVO,dine_in,STF064
ORD00515,OUT001,2022-03-05,08:28:00,95000,OVO,delivery,STF001
ORD00693,OUT004,2022-03-05,17:20:37,37000,QRIS,dine_in,STF024
ORD00242,OUT003,2022-03-05,17:38:25,56000,QRIS,takeaway,STF013
ORD00207,OUT003,2022-03-05,18:50:02,74000,QRIS,delivery,STF015
ORD00289,OUT009,2022-03-06,07:14:05,59000,GoPay,dine_in,STF051
ORD00186,OUT007,2022-03-06,07:43:27,68000,OVO,delivery,STF038
ORD00175,OUT010,2022-03-07,07:44:36,40000,QRIS,delivery,STF059
ORD00045,OUT011,2022-03-07,09:41:42,29000,QRIS,takeaway,STF063
ORD00919,OUT012,2022-03-07,17:00:00,104000,OVO,dine_in,STF070
ORD00884,OUT009,2022-03-07,17:23:39,21000,Kartu Debit,delivery,STF050
ORD00609,OUT010,2022-03-07,18:32:45,26000,GoPay,delivery,STF056
ORD00523,OUT003,2022-03-07,19:28:03,36000,OVO,takeaway,STF017
ORD00952,OUT002,2022-03-08,07:47:36,60000,GoPay,dine_in,STF011
ORD00627,OUT004,2022-03-08,10:02:37,115000,Tunai,dine_in,STF020
ORD00638,OUT002,2022-03-09,07:17:09,140000,Tunai,takeaway,STF007
ORD00809,OUT007,2022-03-09,13:45:18,176000,GoPay,dine_in,STF038
ORD00752,OUT008,2022-03-09,15:51:43,88000,OVO,dine_in,STF044
ORD00146,OUT002,2022-03-09,17:43:28,73000,GoPay,dine_in,STF009
ORD00764,OUT003,2022-03-09,17:58:24,25000,QRIS,dine_in,STF014
ORD00022,OUT012,2022-03-09,18:34:57,81000,Tunai,dine_in,STF068
ORD00633,OUT005,2022-03-10,17:18:20,63000,GoPay,delivery,STF025
ORD00698,OUT006,2022-03-12,07:08:20,154000,GoPay,delivery,STF035
ORD00646,OUT011,2022-03-12,14:24:26,18000,Tunai,takeaway,STF065
ORD00035,OUT007,2022-03-12,16:20:07,29000,GoPay,takeaway,STF042
ORD00649,OUT002,2022-03-12,18:45:09,96000,QRIS,delivery,STF007
ORD00226,OUT005,2022-03-12,18:56:47,60000,QRIS,dine_in,STF027
ORD00321,OUT007,2022-03-12,18:57:33,61000,GoPay,takeaway,STF038
ORD00774,OUT008,2022-03-12,19:14:43,37000,OVO,dine_in,STF046
ORD00090,OUT006,2022-03-13,08:00:16,63000,QRIS,dine_in,STF034
ORD00602,OUT008,2022-03-13,18:20:33,40000,QRIS,takeaway,STF047
ORD00260,OUT012,2022-03-13,18:37:16,85000,OVO,takeaway,STF071
ORD00740,OUT002,2022-03-13,19:46:21,70000,Kartu Debit,delivery,STF007
ORD00161,OUT002,2022-03-14,09:02:58,219000,OVO,takeaway,STF011
ORD00661,OUT001,2022-03-15,16:35:55,70000,GoPay,takeaway,STF001
ORD00768,OUT006,2022-03-15,18:56:46,20000,OVO,takeaway,STF035
ORD00358,OUT001,2022-03-15,22:42:27,244000,GoPay,dine_in,STF002
ORD00051,OUT011,2022-03-16,12:58:53,105000,QRIS,delivery,STF062
ORD00365,OUT003,2022-03-16,19:09:53,63000,QRIS,delivery,STF017
ORD00593,OUT005,2022-03-16,19:47:12,50000,Kartu Debit,delivery,STF025
ORD00825,OUT012,2022-03-16,20:34:48,98000,QRIS,delivery,STF068
ORD00686,OUT012,2022-03-17,07:20:08,26000,OVO,dine_in,STF069
ORD00993,OUT010,2022-03-17,22:43:34,78000,QRIS,dine_in,STF058
ORD00893,OUT008,2022-03-19,17:27:54,329000,OVO,dine_in,STF043
ORD00785,OUT010,2022-03-19,17:50:25,73000,GoPay,takeaway,STF057
ORD00766,OUT003,2022-03-19,18:43:41,29000,QRIS,dine_in,STF015
ORD00376,OUT009,2022-03-19,19:36:00,146000,QRIS,delivery,STF051
ORD00487,OUT008,2022-03-19,20:50:14,219000,GoPay,takeaway,STF046
ORD00486,OUT002,2022-03-20,17:52:08,116000,GoPay,dine_in,STF011
ORD00818,OUT008,2022-03-20,18:00:30,52000,GoPay,dine_in,STF043
ORD00294,OUT010,2022-03-21,07:15:10,104000,QRIS,dine_in,STF060
ORD00033,OUT011,2022-03-22,18:20:49,92000,Tunai,takeaway,STF061
ORD00253,OUT006,2022-03-22,18:52:07,66000,Tunai,dine_in,STF034
ORD00782,OUT007,2022-03-22,19:55:45,139000,OVO,dine_in,STF038
ORD00685,OUT001,2022-03-23,12:59:07,28000,GoPay,takeaway,STF001
ORD00407,OUT005,2022-03-24,07:20:36,27000,GoPay,takeaway,STF027
ORD00334,OUT006,2022-03-24,12:29:47,36000,Tunai,dine_in,STF031
ORD00067,OUT012,2022-03-24,12:49:08,82000,QRIS,takeaway,STF068
ORD00243,OUT005,2022-03-24,17:53:16,63000,GoPay,dine_in,STF026
ORD00001,OUT004,2022-03-24,18:31:18,51000,Tunai,takeaway,STF024
ORD00715,OUT011,2022-03-25,12:04:51,54000,OVO,dine_in,STF064
ORD00154,OUT001,2022-03-25,12:33:33,26000,Kartu Debit,dine_in,STF002
ORD00816,OUT001,2022-03-25,12:56:38,103000,Kartu Debit,takeaway,STF002
ORD00670,OUT010,2022-03-26,13:30:30,342000,QRIS,delivery,STF056
ORD00093,OUT003,2022-03-26,17:28:07,29000,Kartu Debit,dine_in,STF018
ORD00996,OUT011,2022-03-26,17:31:07,52000,OVO,delivery,STF063
ORD00710,OUT009,2022-03-27,10:06:19,168000,Kartu Debit,dine_in,STF051
ORD00558,OUT006,2022-03-27,17:06:52,61000,OVO,dine_in,STF035
ORD00440,OUT011,2022-03-27,18:27:12,135000,QRIS,delivery,STF061
ORD00430,OUT004,2022-03-28,08:21:12,44000,Tunai,takeaway,STF019
ORD00584,OUT008,2022-03-28,10:30:42,51000,QRIS,dine_in,STF044
ORD00108,OUT008,2022-03-28,18:10:08,102000,Kartu Debit,takeaway,STF046
ORD00846,OUT004,2022-03-28,18:21:09,27000,OVO,takeaway,STF020
ORD00422,OUT011,2022-03-30,07:47:52,111000,GoPay,dine_in,STF062
ORD00559,OUT011,2022-03-30,18:20:00,33000,QRIS,dine_in,STF064
ORD00532,OUT009,2022-03-31,17:15:11,117000,OVO,dine_in,STF050
ORD00343,OUT005,2022-03-31,19:02:49,52000,OVO,dine_in,STF029
ORD00614,OUT004,2022-03-31,19:08:32,35000,QRIS,dine_in,STF023
ORD00389,OUT008,2022-04-01,07:03:41,27000,QRIS,dine_in,STF044
ORD00276,OUT001,2022-04-01,08:57:54,54000,Tunai,takeaway,STF006
ORD00171,OUT006,2022-04-01,12:51:47,136000,Kartu Debit,dine_in,STF035
ORD00173,OUT011,2022-04-01,17:03:01,199000,GoPay,takeaway,STF062
ORD00859,OUT003,2022-04-02,13:43:19,55000,GoPay,takeaway,STF015
ORD00862,OUT012,2022-04-02,18:22:53,52000,Kartu Debit,dine_in,STF071
ORD00047,OUT006,2022-04-03,12:46:28,63000,GoPay,takeaway,STF033
ORD00337,OUT008,2022-04-03,14:45:18,36000,GoPay,dine_in,STF043
ORD00032,OUT001,2022-04-03,19:04:09,23000,Kartu Debit,delivery,STF001
ORD00666,OUT003,2022-04-03,19:49:27,147000,OVO,takeaway,STF015
ORD00931,OUT003,2022-04-04,08:47:16,27000,Kartu Debit,delivery,STF017
ORD00281,OUT006,2022-04-05,11:46:15,76000,Tunai,dine_in,STF036
ORD00708,OUT006,2022-04-06,13:09:00,81000,Kartu Debit,takeaway,STF034
ORD00545,OUT001,2022-04-06,13:18:13,36000,OVO,dine_in,STF006
ORD00168,OUT007,2022-04-06,13:56:09,61000,GoPay,takeaway,STF041
ORD00098,OUT012,2022-04-07,18:48:07,62000,GoPay,delivery,STF071
ORD00191,OUT003,2022-04-07,19:26:47,106000,QRIS,delivery,STF018
ORD00603,OUT002,2022-04-07,19:53:13,68000,GoPay,takeaway,STF012
ORD00518,OUT005,2022-04-09,07:44:43,184000,QRIS,takeaway,STF027
ORD00192,OUT006,2022-04-09,13:53:03,65000,OVO,dine_in,STF034
ORD00679,OUT007,2022-04-09,19:53:03,317000,Tunai,takeaway,STF038
ORD00826,OUT009,2022-04-12,17:46:55,50000,QRIS,takeaway,STF050
ORD00763,OUT011,2022-04-12,21:00:10,100000,GoPay,takeaway,STF063
ORD00014,OUT010,2022-04-12,22:06:15,154000,QRIS,takeaway,STF057
ORD00577,OUT006,2022-04-13,08:51:48,100000,GoPay,dine_in,STF034
ORD00316,OUT010,2022-04-13,15:03:29,26000,Tunai,dine_in,STF055
ORD00984,OUT007,2022-04-13,16:53:44,104000,Kartu Debit,dine_in,STF041
ORD00735,OUT008,2022-04-14,20:52:33,40000,GoPay,dine_in,STF047
ORD00106,OUT006,2022-04-15,13:02:36,59000,OVO,delivery,STF032
ORD00347,OUT002,2022-04-16,17:20:17,70000,GoPay,delivery,STF009
ORD00270,OUT009,2022-04-16,19:15:53,85000,Tunai,dine_in,STF050
ORD00341,OUT001,2022-04-17,12:51:58,29000,QRIS,dine_in,STF002
ORD00292,OUT011,2022-04-17,18:19:59,64000,OVO,dine_in,STF061
ORD00413,OUT005,2022-04-17,19:33:21,73000,GoPay,takeaway,STF029
ORD00957,OUT008,2022-04-18,07:24:20,21000,Tunai,takeaway,STF044
ORD00877,OUT006,2022-04-18,13:47:38,81000,QRIS,delivery,STF033
ORD00429,OUT012,2022-04-19,18:31:43,49000,GoPay,takeaway,STF071
ORD00381,OUT004,2022-04-19,21:43:55,35000,QRIS,dine_in,STF024
ORD00927,OUT002,2022-04-20,08:57:14,49000,Kartu Debit,dine_in,STF007
ORD00151,OUT009,2022-04-21,07:50:25,103000,QRIS,dine_in,STF053
ORD00856,OUT010,2022-04-21,12:36:00,65000,Tunai,takeaway,STF055
ORD00277,OUT002,2022-04-21,22:53:40,65000,GoPay,takeaway,STF009
ORD00332,OUT004,2022-04-22,13:29:26,93000,QRIS,dine_in,STF024
ORD00560,OUT003,2022-04-22,19:38:31,222000,GoPay,delivery,STF018
ORD00137,OUT001,2022-04-23,12:14:34,51000,OVO,dine_in,STF005
ORD00415,OUT008,2022-04-25,07:09:16,27000,OVO,delivery,STF048
ORD00097,OUT003,2022-04-25,07:19:29,102000,Kartu Debit,delivery,STF018
ORD00938,OUT004,2022-04-25,08:36:34,306000,GoPay,dine_in,STF023
ORD00972,OUT004,2022-04-25,17:22:52,78000,Tunai,takeaway,STF024
ORD00885,OUT005,2022-04-26,10:45:25,39000,OVO,takeaway,STF025
ORD00046,OUT004,2022-04-26,11:04:18,51000,GoPay,takeaway,STF024
ORD00833,OUT008,2022-04-26,12:14:04,122000,Tunai,dine_in,STF048
ORD00400,OUT007,2022-04-26,12:32:43,56000,QRIS,dine_in,STF037
ORD00677,OUT013,2022-04-26,14:32:18,59000,OVO,delivery,STF076
ORD00851,OUT013,2022-04-28,09:21:14,36000,OVO,dine_in,STF075
ORD00767,OUT004,2022-04-29,12:03:36,44000,QRIS,takeaway,STF024
ORD00013,OUT005,2022-04-29,12:29:16,110000,Kartu Debit,dine_in,STF029
ORD00755,OUT002,2022-04-30,07:11:43,30000,QRIS,takeaway,STF012
ORD00494,OUT010,2022-04-30,12:42:50,51000,Kartu Debit,takeaway,STF060
ORD00567,OUT007,2022-05-01,13:46:29,44000,OVO,dine_in,STF042
ORD00968,OUT005,2022-05-01,13:51:13,119000,QRIS,takeaway,STF025
ORD00726,OUT006,2022-05-01,15:52:39,171000,Kartu Debit,takeaway,STF036
ORD00229,OUT007,2022-05-02,19:51:44,51000,OVO,delivery,STF042
ORD00492,OUT009,2022-05-04,16:46:27,52000,QRIS,dine_in,STF053
ORD00831,OUT009,2022-05-05,08:23:36,37000,QRIS,dine_in,STF051
ORD00012,OUT005,2022-05-06,17:43:50,51000,GoPay,dine_in,STF026
ORD00099,OUT002,2022-05-06,19:28:14,39000,QRIS,dine_in,STF007
ORD00909,OUT008,2022-05-06,21:41:51,74000,OVO,dine_in,STF043
ORD00725,OUT004,2022-05-07,13:01:53,36000,QRIS,takeaway,STF023
ORD00246,OUT011,2022-05-07,20:17:53,152000,QRIS,dine_in,STF063
ORD00880,OUT005,2022-05-08,07:08:33,99000,GoPay,dine_in,STF029
ORD00473,OUT010,2022-05-08,12:36:03,29000,Tunai,dine_in,STF055
ORD00455,OUT006,2022-05-08,19:53:41,65000,Kartu Debit,dine_in,STF035
ORD00291,OUT007,2022-05-09,07:07:49,65000,Kartu Debit,dine_in,STF040
ORD00793,OUT010,2022-05-09,08:59:21,60000,Kartu Debit,delivery,STF056
ORD00738,OUT010,2022-05-09,12:04:55,50000,GoPay,dine_in,STF055
ORD00863,OUT013,2022-05-09,18:41:51,21000,GoPay,takeaway,STF076
ORD00540,OUT011,2022-05-09,19:49:43,182000,OVO,dine_in,STF065
ORD00156,OUT006,2022-05-11,10:14:47,117000,QRIS,dine_in,STF031
ORD00883,OUT012,2022-05-12,07:07:30,29000,QRIS,takeaway,STF072
ORD00373,OUT011,2022-05-12,07:17:49,36000,GoPay,dine_in,STF064
ORD00732,OUT013,2022-05-12,19:46:10,60000,OVO,dine_in,STF073
ORD00756,OUT009,2022-05-12,19:54:54,25000,QRIS,takeaway,STF053
ORD00212,OUT004,2022-05-12,21:18:16,89000,QRIS,dine_in,STF019
ORD00239,OUT008,2022-05-13,13:40:25,36000,QRIS,dine_in,STF043
ORD00447,OUT001,2022-05-13,15:42:35,145000,GoPay,delivery,STF001
ORD00162,OUT013,2022-05-14,07:27:42,40000,GoPay,dine_in,STF076
ORD00847,OUT004,2022-05-14,18:28:21,75000,QRIS,delivery,STF022
ORD00308,OUT013,2022-05-15,17:22:56,121000,QRIS,takeaway,STF073
ORD00669,OUT013,2022-05-15,18:28:55,122000,QRIS,takeaway,STF075
ORD00117,OUT013,2022-05-16,16:51:15,51000,Kartu Debit,dine_in,STF073
ORD00906,OUT007,2022-05-16,22:22:21,105000,QRIS,dine_in,STF038
ORD00954,OUT005,2022-05-17,13:58:42,146000,GoPay,delivery,STF027
ORD00781,OUT013,2022-05-18,17:58:22,24000,Kartu Debit,delivery,STF078
ORD00481,OUT003,2022-05-18,20:56:30,168000,GoPay,takeaway,STF018
ORD00966,OUT003,2022-05-19,07:31:25,27000,GoPay,dine_in,STF018
ORD00419,OUT010,2022-05-19,18:06:34,28000,Tunai,dine_in,STF056
ORD00637,OUT013,2022-05-20,11:46:48,37000,GoPay,takeaway,STF073
ORD00058,OUT011,2022-05-20,12:27:56,244000,QRIS,delivery,STF064
ORD00607,OUT011,2022-05-20,19:14:17,167000,GoPay,dine_in,STF064
ORD00803,OUT009,2022-05-21,07:55:45,27000,QRIS,takeaway,STF053
ORD00858,OUT011,2022-05-21,16:40:28,40000,GoPay,delivery,STF062
ORD00688,OUT013,2022-05-21,19:37:19,45000,GoPay,dine_in,STF077
ORD00713,OUT004,2022-05-21,21:56:33,144000,GoPay,dine_in,STF022
ORD00453,OUT002,2022-05-21,22:30:47,105000,QRIS,dine_in,STF011
ORD00590,OUT004,2022-05-21,22:40:53,225000,OVO,takeaway,STF022
ORD00189,OUT006,2022-05-22,17:38:43,27000,Kartu Debit,takeaway,STF031
ORD00197,OUT011,2022-05-22,18:57:41,50000,OVO,dine_in,STF062
ORD00187,OUT006,2022-05-22,19:00:50,59000,Kartu Debit,takeaway,STF035
ORD00517,OUT004,2022-05-23,13:10:35,51000,GoPay,delivery,STF024
ORD00667,OUT002,2022-05-23,17:09:30,84000,GoPay,delivery,STF008
ORD00150,OUT013,2022-05-23,18:38:04,160000,QRIS,dine_in,STF076
ORD00520,OUT002,2022-05-23,21:20:00,87000,QRIS,dine_in,STF009
ORD00351,OUT006,2022-05-25,11:32:06,35000,QRIS,delivery,STF031
ORD00456,OUT011,2022-05-25,13:23:11,74000,QRIS,dine_in,STF065
ORD00105,OUT011,2022-05-25,17:41:22,22000,OVO,dine_in,STF063
ORD00610,OUT012,2022-05-25,20:45:29,81000,GoPay,takeaway,STF070
ORD00194,OUT003,2022-05-26,07:10:54,110000,Tunai,delivery,STF014
ORD00208,OUT013,2022-05-26,13:44:09,40000,OVO,delivery,STF073
ORD00346,OUT007,2022-05-27,12:49:28,33000,Kartu Debit,dine_in,STF039
ORD00055,OUT012,2022-05-27,18:50:04,121000,OVO,dine_in,STF068
ORD00402,OUT006,2022-05-28,09:06:10,54000,OVO,dine_in,STF036
ORD00769,OUT004,2022-05-28,13:14:56,217000,GoPay,dine_in,STF022
ORD00928,OUT004,2022-05-29,08:42:52,125000,OVO,dine_in,STF023
ORD00845,OUT002,2022-05-30,08:23:25,36000,Kartu Debit,takeaway,STF011
ORD00786,OUT007,2022-05-30,08:26:35,72000,OVO,takeaway,STF039
ORD00200,OUT003,2022-05-31,08:47:16,108000,Kartu Debit,takeaway,STF014
ORD00403,OUT001,2022-05-31,18:34:59,37000,GoPay,takeaway,STF004
ORD00687,OUT011,2022-05-31,19:31:27,21000,QRIS,takeaway,STF062
ORD00394,OUT008,2022-06-01,12:36:35,135000,OVO,dine_in,STF046
ORD00911,OUT012,2022-06-01,12:57:59,47000,OVO,dine_in,STF072
ORD00589,OUT005,2022-06-01,22:43:29,28000,GoPay,takeaway,STF027
ORD00811,OUT013,2022-06-03,08:44:27,27000,OVO,delivery,STF076
ORD00724,OUT005,2022-06-04,07:51:31,29000,Tunai,delivery,STF026
ORD00875,OUT007,2022-06-05,12:14:59,38000,OVO,delivery,STF039
ORD00926,OUT002,2022-06-05,12:34:03,27000,Kartu Debit,takeaway,STF012
ORD00509,OUT005,2022-06-05,13:05:54,104000,Tunai,takeaway,STF026
ORD00915,OUT011,2022-06-05,17:51:56,89000,QRIS,takeaway,STF062
ORD00533,OUT007,2022-06-06,12:51:23,246000,Tunai,dine_in,STF041
ORD00499,OUT002,2022-06-06,13:11:52,56000,Kartu Debit,takeaway,STF007
ORD00817,OUT013,2022-06-06,18:09:12,50000,GoPay,dine_in,STF076
ORD00205,OUT010,2022-06-06,19:02:19,23000,OVO,takeaway,STF060
ORD00780,OUT002,2022-06-07,08:36:56,121000,GoPay,takeaway,STF008
ORD00041,OUT003,2022-06-08,07:03:23,99000,OVO,dine_in,STF013
ORD00656,OUT001,2022-06-08,08:40:59,50000,GoPay,dine_in,STF004
ORD00500,OUT010,2022-06-08,12:50:24,47000,QRIS,delivery,STF059
ORD00048,OUT008,2022-06-08,22:57:53,104000,GoPay,dine_in,STF048
ORD00345,OUT001,2022-06-09,09:21:29,103000,GoPay,dine_in,STF006
ORD00822,OUT010,2022-06-09,19:30:02,56000,OVO,takeaway,STF056
ORD00427,OUT004,2022-06-10,07:33:08,99000,QRIS,delivery,STF022
ORD00147,OUT004,2022-06-10,12:08:24,76000,Kartu Debit,delivery,STF020
ORD00273,OUT008,2022-06-11,07:43:13,24000,QRIS,takeaway,STF043
ORD00580,OUT011,2022-06-11,18:42:25,352000,QRIS,takeaway,STF061
ORD00488,OUT011,2022-06-11,19:10:27,153000,GoPay,takeaway,STF061
ORD00437,OUT012,2022-06-12,07:37:02,176000,GoPay,dine_in,STF070
ORD00163,OUT011,2022-06-12,08:04:12,50000,GoPay,delivery,STF065
ORD00406,OUT012,2022-06-12,08:39:59,54000,GoPay,delivery,STF072
ORD00905,OUT008,2022-06-12,10:58:46,22000,GoPay,delivery,STF046
ORD00295,OUT008,2022-06-12,18:51:57,51000,QRIS,delivery,STF044
ORD00010,OUT007,2022-06-12,22:55:34,81000,GoPay,takeaway,STF037
ORD00860,OUT010,2022-06-13,22:06:43,55000,OVO,takeaway,STF056
ORD00937,OUT006,2022-06-14,08:57:06,72000,Kartu Debit,dine_in,STF031
ORD00042,OUT007,2022-06-14,11:03:28,27000,GoPay,dine_in,STF042
ORD00734,OUT006,2022-06-14,13:24:08,39000,Tunai,takeaway,STF035
ORD00798,OUT001,2022-06-15,07:08:32,27000,QRIS,takeaway,STF005
ORD00671,OUT005,2022-06-15,17:00:09,137000,QRIS,dine_in,STF029
ORD00143,OUT005,2022-06-15,17:35:36,74000,GoPay,takeaway,STF029
ORD00543,OUT005,2022-06-16,17:50:02,103000,GoPay,dine_in,STF027
ORD00848,OUT012,2022-06-16,18:10:36,66000,Tunai,dine_in,STF071
ORD00598,OUT004,2022-06-16,19:50:34,18000,GoPay,takeaway,STF019
ORD00861,OUT006,2022-06-16,22:41:38,24000,QRIS,delivery,STF036
ORD00585,OUT006,2022-06-17,15:14:46,101000,OVO,delivery,STF034
ORD00802,OUT010,2022-06-18,12:58:16,33000,QRIS,dine_in,STF059
ORD00544,OUT004,2022-06-18,13:40:57,27000,OVO,dine_in,STF020
ORD00467,OUT004,2022-06-18,18:43:07,105000,QRIS,dine_in,STF024
ORD00761,OUT008,2022-06-18,19:23:14,201000,QRIS,dine_in,STF048
ORD00030,OUT009,2022-06-18,20:22:55,80000,Kartu Debit,delivery,STF051
ORD00468,OUT001,2022-06-18,21:20:46,48000,Kartu Debit,takeaway,STF002
ORD00882,OUT001,2022-06-19,13:02:47,23000,GoPay,takeaway,STF001
ORD00626,OUT005,2022-06-19,19:23:47,33000,Kartu Debit,takeaway,STF027
ORD00549,OUT012,2022-06-19,19:51:54,67000,GoPay,takeaway,STF069
ORD00104,OUT007,2022-06-20,07:13:59,53000,GoPay,delivery,STF037
ORD00044,OUT005,2022-06-20,18:09:58,49000,OVO,dine_in,STF029
ORD00561,OUT005,2022-06-20,19:56:44,37000,OVO,delivery,STF029
ORD00155,OUT001,2022-06-21,15:33:04,148000,OVO,delivery,STF006
ORD00160,OUT001,2022-06-21,18:24:54,69000,Kartu Debit,delivery,STF004
ORD00088,OUT004,2022-06-21,18:34:33,54000,QRIS,dine_in,STF024
ORD00174,OUT004,2022-06-22,08:10:46,95000,QRIS,delivery,STF023
ORD00830,OUT002,2022-06-22,16:27:25,214000,GoPay,dine_in,STF009
ORD00541,OUT013,2022-06-22,18:13:30,88000,OVO,takeaway,STF078
ORD00525,OUT004,2022-06-23,07:29:33,40000,OVO,takeaway,STF020
ORD00267,OUT005,2022-06-24,15:56:34,154000,Tunai,dine_in,STF029
ORD00513,OUT011,2022-06-24,17:21:01,109000,Kartu Debit,dine_in,STF061
ORD00834,OUT011,2022-06-24,19:28:09,35000,QRIS,delivery,STF064
ORD00917,OUT003,2022-06-25,12:22:11,37000,Kartu Debit,takeaway,STF015
ORD00280,OUT006,2022-06-25,12:41:18,64000,Kartu Debit,dine_in,STF035
ORD00199,OUT007,2022-06-25,14:43:34,72000,Tunai,takeaway,STF042
ORD00202,OUT007,2022-06-25,17:57:58,104000,QRIS,dine_in,STF039
ORD00034,OUT002,2022-06-26,12:43:43,80000,Tunai,takeaway,STF012
ORD00408,OUT011,2022-06-26,13:34:10,324000,QRIS,dine_in,STF061
ORD00285,OUT005,2022-06-26,17:00:44,67000,QRIS,delivery,STF029
ORD00850,OUT006,2022-06-26,17:33:23,23000,QRIS,takeaway,STF036
ORD00284,OUT005,2022-06-27,08:51:05,27000,QRIS,dine_in,STF027
ORD00823,OUT003,2022-06-27,10:41:55,27000,QRIS,dine_in,STF014
ORD00914,OUT002,2022-06-27,18:09:04,101000,Kartu Debit,dine_in,STF007
ORD00741,OUT002,2022-06-27,20:38:47,29000,Tunai,dine_in,STF012
ORD00505,OUT013,2022-06-29,07:34:10,51000,OVO,dine_in,STF075
ORD00849,OUT013,2022-06-29,07:54:13,219000,Tunai,dine_in,STF075
ORD00641,OUT005,2022-06-30,14:58:56,40000,Kartu Debit,dine_in,STF025
ORD00474,OUT009,2022-07-01,07:49:32,91000,GoPay,dine_in,STF053
ORD00772,OUT004,2022-07-01,14:46:04,63000,OVO,dine_in,STF024
ORD00484,OUT011,2022-07-01,15:57:09,138000,Kartu Debit,takeaway,STF065
ORD00165,OUT008,2022-07-02,07:43:19,152000,OVO,dine_in,STF043
ORD00900,OUT009,2022-07-02,07:45:51,67000,QRIS,dine_in,STF053
ORD00539,OUT003,2022-07-03,16:53:32,70000,QRIS,takeaway,STF013
ORD00527,OUT011,2022-07-03,17:49:09,169000,GoPay,takeaway,STF063
ORD00471,OUT005,2022-07-03,18:32:12,44000,QRIS,takeaway,STF029
ORD00136,OUT002,2022-07-03,22:08:12,91000,QRIS,takeaway,STF012
ORD00121,OUT003,2022-07-04,08:46:40,50000,QRIS,takeaway,STF018
ORD00736,OUT001,2022-07-04,09:21:11,27000,Kartu Debit,delivery,STF006
ORD00305,OUT009,2022-07-04,21:25:00,131000,Kartu Debit,dine_in,STF051
ORD00065,OUT006,2022-07-05,07:12:50,52000,GoPay,dine_in,STF034
ORD00668,OUT002,2022-07-05,22:13:03,27000,OVO,dine_in,STF011
ORD00601,OUT010,2022-07-06,12:27:42,56000,GoPay,dine_in,STF057
ORD00711,OUT005,2022-07-06,19:22:19,28000,Kartu Debit,dine_in,STF029
ORD00248,OUT005,2022-07-07,19:37:46,51000,OVO,dine_in,STF029
ORD00821,OUT008,2022-07-08,17:52:00,99000,Tunai,takeaway,STF046
ORD00581,OUT008,2022-07-08,18:42:55,57000,QRIS,takeaway,STF046
ORD00583,OUT013,2022-07-09,11:55:33,22000,Tunai,delivery,STF078
ORD00969,OUT005,2022-07-09,13:04:01,28000,QRIS,dine_in,STF029
ORD00941,OUT012,2022-07-09,13:08:46,27000,QRIS,dine_in,STF069
ORD00183,OUT006,2022-07-09,18:11:28,60000,GoPay,dine_in,STF034
ORD00250,OUT009,2022-07-09,18:13:33,156000,QRIS,dine_in,STF051
ORD00496,OUT003,2022-07-09,19:37:35,192000,QRIS,delivery,STF017
ORD00145,OUT003,2022-07-10,12:03:25,51000,Tunai,dine_in,STF014
ORD00949,OUT012,2022-07-10,18:04:11,121000,GoPay,takeaway,STF070
ORD00304,OUT011,2022-07-10,18:27:52,34000,Kartu Debit,dine_in,STF065
ORD00190,OUT005,2022-07-10,19:50:19,117000,OVO,dine_in,STF029
ORD00324,OUT011,2022-07-11,13:31:30,73000,GoPay,dine_in,STF062
ORD00864,OUT010,2022-07-11,13:50:24,66000,OVO,takeaway,STF059
ORD00992,OUT006,2022-07-11,18:46:35,129000,QRIS,dine_in,STF033
ORD00392,OUT007,2022-07-12,09:30:37,63000,QRIS,dine_in,STF040
ORD00251,OUT006,2022-07-12,18:37:41,30000,GoPay,takeaway,STF033
ORD00720,OUT003,2022-07-12,20:06:08,68000,QRIS,takeaway,STF015
ORD00107,OUT008,2022-07-14,08:31:35,54000,Tunai,delivery,STF045
ORD00623,OUT014,2022-07-14,09:55:03,30000,QRIS,takeaway,STF083
ORD00367,OUT004,2022-07-14,19:30:16,45000,GoPay,takeaway,STF023
ORD00118,OUT013,2022-07-15,07:00:19,51000,QRIS,dine_in,STF076
ORD00841,OUT014,2022-07-15,08:10:36,52000,Tunai,takeaway,STF084
ORD00254,OUT014,2022-07-15,08:36:37,52000,GoPay,dine_in,STF084
ORD00268,OUT003,2022-07-15,14:43:44,86000,OVO,dine_in,STF017
ORD00228,OUT001,2022-07-15,18:03:12,166000,OVO,delivery,STF002
ORD00039,OUT012,2022-07-16,11:15:06,27000,GoPay,dine_in,STF069
ORD00115,OUT006,2022-07-16,11:50:44,80000,Kartu Debit,dine_in,STF035
ORD00971,OUT002,2022-07-16,17:05:33,95000,QRIS,takeaway,STF012
ORD00572,OUT004,2022-07-17,12:12:48,18000,QRIS,dine_in,STF022
ORD00903,OUT014,2022-07-17,15:22:52,153000,Kartu Debit,dine_in,STF081
ORD00425,OUT012,2022-07-17,17:49:46,160000,Tunai,dine_in,STF072
ORD00354,OUT013,2022-07-17,18:03:05,108000,OVO,dine_in,STF078
ORD00384,OUT013,2022-07-17,18:36:34,54000,GoPay,dine_in,STF075
ORD00075,OUT003,2022-07-17,19:35:17,40000,Tunai,delivery,STF018
ORD00678,OUT014,2022-07-18,08:50:23,105000,QRIS,delivery,STF083
ORD00737,OUT012,2022-07-19,11:51:04,106000,QRIS,takeaway,STF071
ORD00122,OUT013,2022-07-19,19:51:55,47000,OVO,takeaway,STF076
ORD00935,OUT002,2022-07-20,12:32:04,38000,OVO,dine_in,STF008
ORD00550,OUT004,2022-07-21,08:15:56,24000,GoPay,dine_in,STF024
ORD00326,OUT011,2022-07-21,08:33:06,73000,QRIS,takeaway,STF061
ORD00223,OUT014,2022-07-21,10:49:57,128000,QRIS,takeaway,STF084
ORD00983,OUT009,2022-07-21,12:28:01,127000,QRIS,takeaway,STF053
ORD00722,OUT002,2022-07-21,18:00:29,85000,Kartu Debit,takeaway,STF011
ORD00731,OUT010,2022-07-21,19:41:30,50000,QRIS,takeaway,STF059
ORD00038,OUT002,2022-07-22,17:14:21,40000,Kartu Debit,dine_in,STF007
ORD00196,OUT010,2022-07-23,07:32:42,63000,QRIS,takeaway,STF060
ORD00690,OUT006,2022-07-23,08:51:20,39000,QRIS,dine_in,STF033
ORD00907,OUT006,2022-07-23,09:12:05,201000,GoPay,delivery,STF035
ORD00448,OUT003,2022-07-23,11:15:07,90000,Tunai,delivery,STF018
ORD00891,OUT006,2022-07-23,13:09:53,68000,Kartu Debit,dine_in,STF031
ORD00511,OUT013,2022-07-23,13:37:53,18000,QRIS,dine_in,STF073
ORD00739,OUT010,2022-07-24,10:37:30,59000,OVO,delivery,STF055
ORD00620,OUT011,2022-07-24,18:53:52,120000,QRIS,dine_in,STF061
ORD00617,OUT006,2022-07-25,07:27:31,27000,OVO,dine_in,STF035
ORD00779,OUT014,2022-07-25,12:16:43,117000,OVO,takeaway,STF082
ORD00838,OUT006,2022-07-25,12:48:13,65000,QRIS,takeaway,STF033
ORD00158,OUT002,2022-07-25,13:55:18,63000,Kartu Debit,dine_in,STF009
ORD00940,OUT004,2022-07-25,18:22:13,45000,QRIS,takeaway,STF023
ORD00166,OUT007,2022-07-25,18:41:05,157000,Tunai,takeaway,STF039
ORD00124,OUT013,2022-07-27,17:12:37,78000,QRIS,dine_in,STF078
ORD00119,OUT009,2022-07-28,07:22:35,112000,GoPay,takeaway,STF053
ORD00754,OUT004,2022-07-29,07:17:57,136000,Tunai,takeaway,STF022
ORD00604,OUT014,2022-07-29,12:24:41,39000,GoPay,takeaway,STF082
ORD00521,OUT014,2022-07-29,13:10:21,55000,OVO,dine_in,STF084
ORD00222,OUT005,2022-07-29,17:12:12,27000,GoPay,takeaway,STF026
ORD00546,OUT011,2022-07-30,07:08:34,27000,QRIS,takeaway,STF061
ORD00215,OUT002,2022-07-30,07:16:41,79000,OVO,dine_in,STF012
ORD00962,OUT014,2022-07-30,21:00:47,89000,Kartu Debit,dine_in,STF081
ORD00799,OUT013,2022-07-30,22:22:19,117000,QRIS,dine_in,STF078
ORD00357,OUT013,2022-07-31,08:42:11,124000,QRIS,dine_in,STF075
ORD00325,OUT009,2022-07-31,18:12:48,122000,OVO,dine_in,STF050
ORD00234,OUT006,2022-08-01,13:05:22,65000,OVO,dine_in,STF036
ORD00483,OUT002,2022-08-01,22:19:15,252000,OVO,takeaway,STF007
ORD00320,OUT008,2022-08-02,08:27:19,27000,Tunai,dine_in,STF046
ORD00706,OUT013,2022-08-03,08:46:52,27000,Kartu Debit,dine_in,STF077
ORD00257,OUT011,2022-08-03,10:11:30,108000,Tunai,takeaway,STF061
ORD00209,OUT005,2022-08-03,10:32:46,50000,Tunai,dine_in,STF027
ORD00029,OUT014,2022-08-03,12:42:16,124000,QRIS,dine_in,STF084
ORD00881,OUT006,2022-08-03,17:09:47,110000,Kartu Debit,dine_in,STF033
ORD00391,OUT011,2022-08-03,18:57:20,40000,OVO,delivery,STF061
ORD00459,OUT007,2022-08-03,19:09:01,79000,OVO,dine_in,STF038
ORD00169,OUT005,2022-08-03,19:33:15,146000,Tunai,takeaway,STF025
ORD00557,OUT001,2022-08-04,07:21:52,40000,GoPay,delivery,STF001
ORD00899,OUT007,2022-08-04,07:55:49,39000,OVO,delivery,STF042
ORD00011,OUT014,2022-08-04,10:28:10,36000,Kartu Debit,dine_in,STF079
ORD00028,OUT014,2022-08-04,10:54:41,106000,Tunai,delivery,STF083
ORD00362,OUT011,2022-08-04,19:18:18,60000,GoPay,dine_in,STF065
ORD00287,OUT003,2022-08-05,15:18:41,24000,Kartu Debit,takeaway,STF015
ORD00524,OUT013,2022-08-05,19:26:14,72000,Tunai,delivery,STF078
ORD00613,OUT001,2022-08-06,18:15:47,135000,Tunai,takeaway,STF006
ORD00350,OUT012,2022-08-06,18:21:50,60000,OVO,takeaway,STF071
ORD00412,OUT005,2022-08-07,12:00:18,336000,OVO,dine_in,STF027
ORD00538,OUT011,2022-08-07,13:26:23,27000,QRIS,dine_in,STF063
ORD00219,OUT013,2022-08-08,17:00:52,56000,GoPay,takeaway,STF078
ORD00576,OUT010,2022-08-09,12:11:45,40000,GoPay,dine_in,STF058
ORD00059,OUT003,2022-08-09,12:34:18,39000,OVO,dine_in,STF013
ORD00164,OUT014,2022-08-09,19:13:28,179000,OVO,takeaway,STF081
ORD00519,OUT011,2022-08-10,20:17:07,28000,Kartu Debit,takeaway,STF064
ORD00974,OUT013,2022-08-11,07:19:16,59000,OVO,dine_in,STF076
ORD00476,OUT004,2022-08-11,07:25:07,146000,GoPay,dine_in,STF023
ORD00718,OUT013,2022-08-11,07:57:16,67000,OVO,takeaway,STF076
ORD00444,OUT010,2022-08-11,08:33:12,72000,QRIS,takeaway,STF056
ORD00263,OUT010,2022-08-11,12:14:23,129000,GoPay,takeaway,STF055
ORD00621,OUT001,2022-08-11,12:31:05,103000,Kartu Debit,takeaway,STF002
ORD00355,OUT010,2022-08-11,18:05:37,58000,GoPay,takeaway,STF059
ORD00629,OUT004,2022-08-12,13:33:59,68000,QRIS,dine_in,STF020
ORD00800,OUT005,2022-08-12,13:44:50,123000,OVO,delivery,STF025
ORD00112,OUT012,2022-08-13,08:44:14,79000,OVO,delivery,STF068
ORD00814,OUT001,2022-08-13,21:37:36,27000,Kartu Debit,takeaway,STF005
ORD00374,OUT006,2022-08-14,08:39:25,34000,GoPay,delivery,STF034
ORD00327,OUT010,2022-08-14,12:49:52,24000,OVO,takeaway,STF056
ORD00144,OUT006,2022-08-14,13:12:44,33000,GoPay,delivery,STF033
ORD00313,OUT005,2022-08-14,19:14:12,89000,Kartu Debit,dine_in,STF026
ORD00375,OUT004,2022-08-15,10:02:04,81000,GoPay,takeaway,STF022
ORD00465,OUT002,2022-08-15,18:35:31,88000,QRIS,takeaway,STF007
ORD00410,OUT008,2022-08-17,12:03:38,33000,Tunai,dine_in,STF047
ORD00975,OUT005,2022-08-17,12:38:28,159000,Kartu Debit,dine_in,STF025
ORD00867,OUT014,2022-08-17,16:36:12,34000,Tunai,dine_in,STF082
ORD00643,OUT014,2022-08-17,16:39:52,22000,OVO,dine_in,STF079
ORD00635,OUT005,2022-08-17,18:27:23,63000,GoPay,takeaway,STF025
ORD00660,OUT011,2022-08-18,17:18:23,372000,Tunai,takeaway,STF061
ORD00888,OUT013,2022-08-18,21:39:16,78000,QRIS,takeaway,STF073
ORD00569,OUT014,2022-08-18,22:01:48,54000,QRIS,takeaway,STF079
ORD00836,OUT011,2022-08-20,07:09:39,67000,Tunai,dine_in,STF065
ORD00397,OUT001,2022-08-21,08:55:45,64000,QRIS,dine_in,STF004
ORD00939,OUT003,2022-08-21,12:14:09,191000,OVO,delivery,STF014
ORD00369,OUT013,2022-08-21,14:46:43,37000,Tunai,delivery,STF075
ORD00060,OUT014,2022-08-21,18:28:02,212000,Kartu Debit,dine_in,STF083
ORD00220,OUT008,2022-08-21,19:39:38,45000,QRIS,delivery,STF048
ORD00964,OUT013,2022-08-21,21:28:09,58000,GoPay,delivery,STF077
ORD00458,OUT007,2022-08-21,22:07:14,97000,Kartu Debit,dine_in,STF038
ORD00383,OUT004,2022-08-22,09:52:52,108000,GoPay,dine_in,STF023
ORD00077,OUT009,2022-08-22,17:08:20,36000,Tunai,dine_in,STF050
ORD00026,OUT005,2022-08-23,07:03:30,38000,QRIS,takeaway,STF025
ORD00890,OUT008,2022-08-23,10:35:45,67000,OVO,dine_in,STF045
ORD00111,OUT014,2022-08-24,07:33:09,68000,OVO,dine_in,STF083
ORD00703,OUT012,2022-08-26,13:32:27,52000,QRIS,dine_in,STF068
ORD00616,OUT001,2022-08-26,22:03:22,68000,GoPay,takeaway,STF005
ORD00201,OUT010,2022-08-26,22:03:55,149000,Tunai,takeaway,STF059
ORD00301,OUT002,2022-08-28,08:23:35,88000,Kartu Debit,takeaway,STF009
ORD00704,OUT014,2022-08-28,13:11:38,67000,OVO,takeaway,STF083
ORD00794,OUT005,2022-08-29,07:19:44,27000,GoPay,dine_in,STF025
ORD00865,OUT010,2022-08-29,08:49:42,99000,QRIS,delivery,STF060
ORD00630,OUT013,2022-08-29,09:10:28,145000,Kartu Debit,takeaway,STF077
ORD00651,OUT010,2022-08-29,12:28:50,27000,Tunai,delivery,STF055
ORD00401,OUT004,2022-08-29,16:28:39,63000,QRIS,delivery,STF019
ORD00958,OUT006,2022-08-29,18:37:55,49000,GoPay,takeaway,STF032
ORD00622,OUT014,2022-08-29,19:51:06,54000,Kartu Debit,delivery,STF083
ORD00461,OUT008,2022-08-30,08:00:16,52000,QRIS,takeaway,STF046
ORD00382,OUT001,2022-08-30,08:15:44,48000,Tunai,dine_in,STF001
ORD00274,OUT009,2022-08-30,17:23:11,52000,QRIS,takeaway,STF050
ORD00409,OUT010,2022-08-31,11:51:36,76000,Kartu Debit,takeaway,STF057
ORD00442,OUT014,2022-09-01,07:41:52,34000,OVO,takeaway,STF081
ORD00269,OUT003,2022-09-01,08:57:36,21000,OVO,dine_in,STF014
ORD00185,OUT008,2022-09-01,13:57:54,80000,Kartu Debit,dine_in,STF047
ORD00542,OUT014,2022-09-01,19:35:01,120000,QRIS,dine_in,STF083
ORD00801,OUT014,2022-09-02,13:24:23,65000,GoPay,delivery,STF079
ORD00562,OUT013,2022-09-02,14:32:37,36000,Kartu Debit,dine_in,STF075
ORD00123,OUT007,2022-09-03,13:20:18,27000,Kartu Debit,delivery,STF042
ORD00730,OUT013,2022-09-03,18:09:22,47000,Tunai,delivery,STF078
ORD00639,OUT005,2022-09-03,21:52:10,36000,OVO,dine_in,STF029
ORD00712,OUT014,2022-09-04,11:22:31,197000,GoPay,dine_in,STF083
ORD00271,OUT001,2022-09-04,12:31:57,29000,Tunai,dine_in,STF005
ORD00311,OUT005,2022-09-04,13:25:41,26000,Tunai,dine_in,STF026
ORD00340,OUT005,2022-09-04,13:57:55,182000,QRIS,dine_in,STF029
ORD00216,OUT008,2022-09-04,18:41:24,41000,GoPay,takeaway,STF047
ORD00697,OUT014,2022-09-05,08:46:57,98000,QRIS,takeaway,STF079
ORD00157,OUT014,2022-09-05,13:58:46,63000,OVO,dine_in,STF079
ORD00815,OUT011,2022-09-05,16:02:59,44000,OVO,delivery,STF065
ORD00344,OUT011,2022-09-05,16:49:20,57000,GoPay,delivery,STF061
ORD00783,OUT007,2022-09-06,12:19:01,26000,OVO,delivery,STF042
ORD00296,OUT002,2022-09-06,16:34:44,56000,QRIS,dine_in,STF012
ORD00930,OUT007,2022-09-07,07:40:44,59000,QRIS,dine_in,STF042
ORD00788,OUT007,2022-09-08,07:09:25,66000,Tunai,takeaway,STF041
ORD00318,OUT011,2022-09-08,08:01:22,52000,Kartu Debit,dine_in,STF063
ORD00206,OUT011,2022-09-08,08:10:58,29000,QRIS,dine_in,STF062
ORD00078,OUT009,2022-09-08,16:30:52,88000,GoPay,dine_in,STF051
ORD00432,OUT009,2022-09-08,18:08:01,95000,GoPay,delivery,STF050
ORD00571,OUT006,2022-09-09,13:25:47,35000,QRIS,dine_in,STF034
ORD00233,OUT010,2022-09-09,18:04:50,37000,Kartu Debit,dine_in,STF059
ORD00450,OUT002,2022-09-09,18:07:20,137000,QRIS,takeaway,STF011
ORD00514,OUT013,2022-09-09,18:41:04,187000,QRIS,dine_in,STF077
ORD00516,OUT008,2022-09-10,08:17:31,63000,Kartu Debit,delivery,STF047
ORD00172,OUT007,2022-09-10,08:31:02,60000,GoPay,dine_in,STF038
ORD00551,OUT007,2022-09-10,19:35:07,28000,QRIS,dine_in,STF037
ORD00683,OUT003,2022-09-11,13:25:06,35000,QRIS,dine_in,STF017
ORD00978,OUT005,2022-09-12,07:08:09,191000,GoPay,takeaway,STF026
ORD00290,OUT012,2022-09-12,08:21:05,52000,Kartu Debit,dine_in,STF068
ORD00073,OUT005,2022-09-12,13:32:29,27000,OVO,dine_in,STF027
ORD00070,OUT001,2022-09-12,16:41:19,35000,QRIS,dine_in,STF005
ORD00176,OUT004,2022-09-12,18:04:15,78000,OVO,dine_in,STF020
ORD00742,OUT002,2022-09-12,18:22:27,36000,QRIS,dine_in,STF008
ORD00942,OUT012,2022-09-12,19:50:26,52000,QRIS,delivery,STF070
ORD00842,OUT013,2022-09-13,08:54:58,52000,GoPay,takeaway,STF076
ORD00963,OUT006,2022-09-13,13:20:34,186000,Kartu Debit,dine_in,STF032
ORD00399,OUT012,2022-09-13,18:23:11,128000,Tunai,takeaway,STF068
ORD00839,OUT011,2022-09-15,13:14:54,45000,QRIS,takeaway,STF064
ORD00652,OUT006,2022-09-15,13:53:27,78000,Kartu Debit,takeaway,STF035
ORD00227,OUT006,2022-09-15,18:20:45,95000,GoPay,delivery,STF033
ORD00225,OUT011,2022-09-16,20:38:58,147000,Kartu Debit,delivery,STF062
ORD00552,OUT007,2022-09-17,07:04:40,49000,Kartu Debit,delivery,STF042
ORD00528,OUT008,2022-09-17,08:27:22,198000,OVO,dine_in,STF048
ORD00853,OUT011,2022-09-17,17:34:54,136000,Kartu Debit,takeaway,STF061
ORD00921,OUT006,2022-09-17,19:28:01,104000,Tunai,dine_in,STF035
ORD00181,OUT013,2022-09-18,13:09:03,26000,QRIS,dine_in,STF077
ORD00985,OUT007,2022-09-19,07:13:53,72000,GoPay,dine_in,STF038
ORD00624,OUT002,2022-09-19,07:19:07,165000,OVO,dine_in,STF009
ORD00878,OUT012,2022-09-19,07:29:01,40000,GoPay,dine_in,STF071
ORD00645,OUT014,2022-09-19,12:08:11,44000,Kartu Debit,dine_in,STF081
ORD00727,OUT006,2022-09-19,13:30:30,22000,OVO,dine_in,STF036
ORD00759,OUT011,2022-09-19,18:13:24,147000,Tunai,dine_in,STF062
ORD00094,OUT005,2022-09-20,17:03:35,143000,QRIS,delivery,STF027
ORD00870,OUT002,2022-09-20,17:27:02,27000,QRIS,dine_in,STF012
ORD00631,OUT001,2022-09-20,18:46:33,26000,OVO,dine_in,STF002
ORD00140,OUT009,2022-09-21,10:08:48,108000,QRIS,dine_in,STF051
ORD00418,OUT003,2022-09-21,18:11:48,40000,GoPay,takeaway,STF014
ORD00057,OUT010,2022-09-21,19:34:30,136000,OVO,dine_in,STF060
ORD00236,OUT006,2022-09-21,21:31:02,98000,OVO,delivery,STF032
ORD00255,OUT006,2022-09-22,07:56:46,228000,Kartu Debit,delivery,STF033
ORD00776,OUT012,2022-09-22,08:56:19,52000,OVO,dine_in,STF071
ORD00495,OUT011,2022-09-22,19:49:23,122000,QRIS,dine_in,STF062
ORD00599,OUT003,2022-09-23,10:48:48,37000,OVO,delivery,STF013
ORD00352,OUT013,2022-09-23,17:15:35,54000,GoPay,takeaway,STF077
ORD00302,OUT007,2022-09-23,18:14:34,27000,QRIS,dine_in,STF038
ORD00252,OUT012,2022-09-24,07:32:56,29000,GoPay,takeaway,STF069
ORD00491,OUT005,2022-09-24,16:13:05,41000,QRIS,takeaway,STF027
ORD00404,OUT008,2022-09-24,20:37:21,46000,Tunai,delivery,STF045
ORD00653,OUT003,2022-09-25,08:47:13,74000,QRIS,takeaway,STF013
ORD00498,OUT002,2022-09-25,12:19:23,52000,OVO,dine_in,STF011
ORD00792,OUT009,2022-09-25,12:36:41,54000,GoPay,dine_in,STF051
ORD00210,OUT009,2022-09-25,18:45:26,27000,OVO,dine_in,STF050
ORD00695,OUT014,2022-09-25,19:22:25,24000,GoPay,takeaway,STF081
ORD00054,OUT003,2022-09-26,09:33:34,60000,QRIS,takeaway,STF018
ORD00986,OUT013,2022-09-26,22:30:35,100000,Tunai,dine_in,STF075
ORD00548,OUT008,2022-09-27,17:56:31,51000,QRIS,takeaway,STF047
ORD00925,OUT002,2022-09-28,13:05:19,20000,Tunai,delivery,STF012
ORD00052,OUT010,2022-09-28,19:18:15,63000,OVO,dine_in,STF055
ORD00588,OUT014,2022-09-29,11:33:42,40000,Tunai,takeaway,STF080
ORD00062,OUT005,2022-09-29,12:41:17,50000,OVO,dine_in,STF025
ORD00017,OUT006,2022-09-29,12:53:10,89000,OVO,takeaway,STF033
ORD00873,OUT011,2022-09-30,18:12:49,52000,Tunai,dine_in,STF065
ORD00632,OUT002,2022-10-01,07:40:09,78000,OVO,dine_in,STF009
ORD00628,OUT007,2022-10-01,08:08:12,112000,QRIS,takeaway,STF042
ORD00874,OUT001,2022-10-01,08:49:08,40000,QRIS,dine_in,STF001
ORD00087,OUT008,2022-10-01,08:58:58,154000,GoPay,takeaway,STF044
ORD00241,OUT003,2022-10-01,18:25:50,156000,QRIS,dine_in,STF014
ORD00743,OUT007,2022-10-01,19:43:43,72000,Kartu Debit,dine_in,STF041
ORD00074,OUT005,2022-10-02,07:27:08,115000,OVO,delivery,STF027
ORD00920,OUT003,2022-10-02,12:06:55,54000,Kartu Debit,dine_in,STF018
ORD00103,OUT003,2022-10-02,13:03:17,97000,QRIS,delivery,STF018
ORD00053,OUT010,2022-10-02,17:36:15,68000,Kartu Debit,dine_in,STF057
ORD00912,OUT008,2022-10-03,07:58:50,100000,QRIS,delivery,STF046
ORD00887,OUT013,2022-10-03,08:11:00,66000,GoPay,delivery,STF073
ORD00762,OUT005,2022-10-03,13:43:37,69000,Kartu Debit,dine_in,STF027
ORD00247,OUT005,2022-10-03,18:56:40,202000,GoPay,delivery,STF025
ORD00615,OUT008,2022-10-04,10:18:19,52000,QRIS,dine_in,STF045
ORD00377,OUT003,2022-10-04,13:44:52,95000,Kartu Debit,takeaway,STF013
ORD00960,OUT013,2022-10-04,16:38:26,78000,QRIS,delivery,STF076
ORD00565,OUT007,2022-10-04,18:15:51,51000,Kartu Debit,delivery,STF042
ORD00959,OUT005,2022-10-05,08:44:07,28000,Kartu Debit,delivery,STF025
ORD00420,OUT014,2022-10-05,12:06:13,59000,GoPay,takeaway,STF080
ORD00982,OUT012,2022-10-05,12:25:13,105000,GoPay,takeaway,STF068
ORD00114,OUT009,2022-10-06,07:11:59,87000,OVO,dine_in,STF050
ORD00676,OUT010,2022-10-06,13:32:37,288000,GoPay,delivery,STF057
ORD00179,OUT003,2022-10-08,09:21:38,35000,Tunai,takeaway,STF013
ORD00286,OUT001,2022-10-08,13:56:35,144000,QRIS,takeaway,STF002
ORD00315,OUT009,2022-10-08,18:09:44,23000,Kartu Debit,delivery,STF050
ORD00086,OUT001,2022-10-09,12:26:41,55000,QRIS,takeaway,STF002
ORD00266,OUT003,2022-10-09,19:35:58,90000,Tunai,dine_in,STF015
ORD00784,OUT013,2022-10-09,19:47:56,59000,OVO,dine_in,STF073
ORD00976,OUT011,2022-10-10,08:20:53,67000,Kartu Debit,dine_in,STF065
ORD00230,OUT011,2022-10-10,18:16:12,86000,Tunai,delivery,STF064
ORD00198,OUT013,2022-10-11,08:46:01,59000,Tunai,takeaway,STF076
ORD00008,OUT013,2022-10-11,11:31:02,80000,GoPay,takeaway,STF078
ORD00748,OUT010,2022-10-11,12:46:52,103000,GoPay,dine_in,STF056
ORD00436,OUT011,2022-10-11,22:30:35,22000,GoPay,takeaway,STF061
ORD00319,OUT001,2022-10-12,14:09:21,51000,QRIS,delivery,STF002
ORD00837,OUT010,2022-10-12,14:24:58,76000,QRIS,dine_in,STF058
ORD00414,OUT006,2022-10-12,17:48:58,75000,GoPay,dine_in,STF032
ORD00970,OUT005,2022-10-12,19:21:44,85000,GoPay,dine_in,STF027
ORD00076,OUT011,2022-10-13,11:12:38,28000,QRIS,takeaway,STF065
ORD00871,OUT003,2022-10-13,12:51:32,62000,GoPay,takeaway,STF017
ORD00435,OUT006,2022-10-13,16:56:45,72000,GoPay,takeaway,STF034
ORD00128,OUT009,2022-10-13,17:14:28,54000,QRIS,takeaway,STF051
ORD00096,OUT014,2022-10-13,19:28:55,81000,QRIS,dine_in,STF079
ORD00083,OUT006,2022-10-14,15:18:07,104000,Tunai,delivery,STF035
ORD00126,OUT014,2022-10-14,17:30:37,155000,QRIS,takeaway,STF083
ORD00537,OUT014,2022-10-14,19:23:16,77000,Tunai,dine_in,STF080
ORD00536,OUT012,2022-10-14,22:30:17,84000,Tunai,takeaway,STF072
ORD00235,OUT008,2022-10-15,07:07:42,105000,OVO,takeaway,STF044
ORD00485,OUT004,2022-10-15,07:10:40,39000,GoPay,dine_in,STF022
ORD00692,OUT004,2022-10-15,17:56:51,205000,Kartu Debit,dine_in,STF024
ORD00466,OUT005,2022-10-16,13:37:00,35000,QRIS,delivery,STF026
ORD00069,OUT011,2022-10-16,19:01:05,27000,GoPay,delivery,STF065
ORD00723,OUT010,2022-10-17,12:55:03,105000,GoPay,delivery,STF059
ORD00902,OUT014,2022-10-18,08:22:41,235000,QRIS,takeaway,STF083
ORD00378,OUT012,2022-10-18,17:05:53,131000,QRIS,delivery,STF070
ORD00405,OUT010,2022-10-18,19:19:10,27000,OVO,dine_in,STF058
ORD00503,OUT002,2022-10-19,19:30:32,37000,GoPay,dine_in,STF012
ORD00307,OUT003,2022-10-20,08:46:04,40000,Kartu Debit,dine_in,STF017
ORD00512,OUT013,2022-10-20,08:46:35,69000,OVO,takeaway,STF075
ORD00342,OUT003,2022-10-20,12:38:07,99000,Kartu Debit,dine_in,STF015
ORD00728,OUT013,2022-10-20,21:26:52,36000,QRIS,dine_in,STF073
ORD00924,OUT014,2022-10-21,07:31:01,101000,QRIS,dine_in,STF081
ORD00080,OUT002,2022-10-21,10:12:01,27000,QRIS,dine_in,STF011
ORD00388,OUT012,2022-10-21,13:49:40,40000,Tunai,dine_in,STF070
ORD00526,OUT007,2022-10-21,17:16:22,64000,QRIS,takeaway,STF042
ORD00587,OUT004,2022-10-21,19:20:24,18000,Tunai,delivery,STF019
ORD00995,OUT006,2022-10-21,19:50:13,67000,Kartu Debit,takeaway,STF031
ORD00138,OUT012,2022-10-22,08:48:46,240000,QRIS,takeaway,STF069
ORD00662,OUT009,2022-10-23,07:04:11,180000,Kartu Debit,delivery,STF051
ORD00338,OUT014,2022-10-23,12:35:51,66000,Tunai,dine_in,STF079
ORD00997,OUT008,2022-10-23,13:44:48,54000,GoPay,dine_in,STF048
ORD00037,OUT013,2022-10-23,16:07:25,128000,GoPay,dine_in,STF075
ORD00721,OUT014,2022-10-23,17:01:49,63000,QRIS,dine_in,STF080
ORD00568,OUT010,2022-10-23,18:12:17,35000,QRIS,dine_in,STF057
ORD00100,OUT011,2022-10-23,18:52:20,167000,OVO,dine_in,STF062
ORD00787,OUT008,2022-10-23,19:49:14,56000,QRIS,dine_in,STF046
ORD00203,OUT006,2022-10-23,22:50:48,117000,Kartu Debit,dine_in,STF032
ORD00462,OUT001,2022-10-25,08:32:31,23000,OVO,takeaway,STF002
ORD00244,OUT007,2022-10-25,12:22:08,48000,Kartu Debit,delivery,STF038
ORD00647,OUT003,2022-10-25,14:44:05,37000,OVO,dine_in,STF013
ORD00142,OUT006,2022-10-25,19:54:46,140000,GoPay,delivery,STF034
ORD00232,OUT006,2022-10-27,07:21:29,28000,Kartu Debit,dine_in,STF031
ORD00744,OUT014,2022-10-27,07:28:07,134000,Tunai,dine_in,STF081
ORD00019,OUT009,2022-10-27,18:23:06,56000,Kartu Debit,dine_in,STF051
ORD00240,OUT003,2022-10-27,19:04:22,87000,QRIS,dine_in,STF015
ORD00385,OUT012,2022-10-28,08:59:37,92000,GoPay,dine_in,STF068
ORD00021,OUT007,2022-10-28,11:56:26,61000,Tunai,dine_in,STF040
ORD00330,OUT013,2022-10-28,12:24:35,120000,QRIS,dine_in,STF075
ORD00006,OUT010,2022-10-28,18:31:55,27000,GoPay,takeaway,STF059
ORD00948,OUT001,2022-10-28,18:59:28,111000,Tunai,takeaway,STF002
ORD00475,OUT011,2022-10-28,21:39:51,49000,OVO,dine_in,STF062
ORD00967,OUT014,2022-10-29,12:31:42,28000,GoPay,dine_in,STF079
ORD00745,OUT003,2022-10-29,13:47:48,138000,QRIS,takeaway,STF013
ORD00395,OUT008,2022-10-30,07:26:02,72000,GoPay,takeaway,STF048
ORD00765,OUT011,2022-10-30,10:46:02,185000,GoPay,delivery,STF063
ORD00595,OUT011,2022-10-31,08:40:46,52000,QRIS,dine_in,STF061
ORD00261,OUT012,2022-10-31,12:19:36,66000,OVO,delivery,STF071
ORD00709,OUT001,2022-11-01,13:37:00,37000,QRIS,dine_in,STF005
ORD00005,OUT007,2022-11-03,08:55:04,27000,OVO,delivery,STF040
ORD00904,OUT013,2022-11-03,19:11:54,18000,QRIS,dine_in,STF076
ORD00195,OUT006,2022-11-04,14:16:38,139000,OVO,delivery,STF036
ORD00936,OUT008,2022-11-05,17:10:09,24000,Tunai,dine_in,STF043
ORD00482,OUT011,2022-11-05,21:08:56,166000,OVO,delivery,STF064
ORD00869,OUT009,2022-11-06,07:08:07,18000,Tunai,takeaway,STF051
ORD00606,OUT001,2022-11-06,12:07:34,27000,GoPay,delivery,STF006
ORD00973,OUT011,2022-11-06,13:52:51,75000,Tunai,dine_in,STF065
ORD00364,OUT004,2022-11-06,17:47:09,74000,Tunai,takeaway,STF022
ORD00625,OUT009,2022-11-07,08:16:31,40000,QRIS,dine_in,STF051
ORD00323,OUT009,2022-11-07,08:38:14,26000,OVO,delivery,STF050
ORD00015,OUT002,2022-11-07,16:49:51,27000,OVO,takeaway,STF009
ORD00758,OUT011,2022-11-07,17:26:57,109000,Tunai,dine_in,STF064
ORD00901,OUT009,2022-11-07,19:38:33,156000,Kartu Debit,dine_in,STF050
ORD00608,OUT009,2022-11-08,07:10:20,18000,Kartu Debit,dine_in,STF050
ORD00387,OUT006,2022-11-09,12:45:31,92000,Tunai,dine_in,STF036
ORD00977,OUT011,2022-11-10,08:41:18,29000,OVO,takeaway,STF065
ORD00071,OUT014,2022-11-10,12:38:09,129000,OVO,delivery,STF081
ORD00956,OUT004,2022-11-10,18:08:12,51000,Kartu Debit,dine_in,STF020
ORD00470,OUT013,2022-11-10,18:48:41,67000,GoPay,dine_in,STF076
ORD00922,OUT005,2022-11-10,21:59:42,149000,Tunai,dine_in,STF029
ORD00908,OUT010,2022-11-11,07:20:14,33000,QRIS,dine_in,STF056
ORD00249,OUT008,2022-11-11,11:28:10,130000,GoPay,takeaway,STF047
ORD00916,OUT003,2022-11-11,13:46:10,137000,Kartu Debit,dine_in,STF014
ORD00134,OUT010,2022-11-11,18:08:20,52000,GoPay,dine_in,STF057
ORD01000,OUT011,2022-11-11,18:31:02,120000,QRIS,dine_in,STF063
ORD00529,OUT011,2022-11-12,12:10:06,29000,QRIS,dine_in,STF064
ORD00085,OUT004,2022-11-12,14:15:03,64000,Kartu Debit,takeaway,STF020
ORD00262,OUT013,2022-11-12,17:39:44,58000,Kartu Debit,delivery,STF073
ORD00534,OUT002,2022-11-12,19:34:18,66000,GoPay,dine_in,STF008
ORD00797,OUT009,2022-11-12,22:13:10,52000,GoPay,dine_in,STF050
ORD00480,OUT014,2022-11-13,16:02:31,48000,QRIS,takeaway,STF083
ORD00477,OUT005,2022-11-13,18:44:43,109000,Kartu Debit,delivery,STF029
ORD00563,OUT008,2022-11-14,08:23:31,28000,OVO,dine_in,STF044
ORD00664,OUT002,2022-11-14,08:47:50,50000,OVO,delivery,STF012
ORD00298,OUT001,2022-11-14,14:20:46,50000,GoPay,delivery,STF006
ORD00159,OUT010,2022-11-15,12:37:31,61000,Kartu Debit,delivery,STF056
ORD00689,OUT011,2022-11-15,13:27:12,163000,Tunai,dine_in,STF063
ORD00441,OUT008,2022-11-16,09:45:54,24000,Tunai,dine_in,STF047
ORD00363,OUT010,2022-11-16,13:05:08,33000,QRIS,dine_in,STF057
ORD00256,OUT006,2022-11-16,15:10:46,54000,Kartu Debit,dine_in,STF034
ORD00443,OUT009,2022-11-16,18:48:35,81000,GoPay,dine_in,STF053
ORD00449,OUT013,2022-11-17,14:59:27,33000,OVO,dine_in,STF073
ORD00141,OUT009,2022-11-18,13:04:40,33000,Kartu Debit,dine_in,STF051
ORD00682,OUT005,2022-11-18,17:55:06,27000,GoPay,takeaway,STF025
ORD00016,OUT005,2022-11-18,18:41:02,109000,OVO,takeaway,STF025
ORD00040,OUT006,2022-11-18,19:36:48,75000,Tunai,takeaway,STF036
ORD00148,OUT007,2022-11-18,20:39:43,155000,QRIS,dine_in,STF037
ORD00813,OUT004,2022-11-19,07:10:26,117000,QRIS,dine_in,STF022
ORD00760,OUT010,2022-11-19,13:34:46,79000,GoPay,takeaway,STF055
ORD00379,OUT004,2022-11-19,22:05:56,27000,Tunai,takeaway,STF020
ORD00258,OUT014,2022-11-20,19:02:44,133000,QRIS,takeaway,STF080
ORD00844,OUT014,2022-11-20,19:04:50,18000,QRIS,dine_in,STF084
ORD00025,OUT014,2022-11-21,07:30:28,72000,Kartu Debit,dine_in,STF083
ORD00684,OUT011,2022-11-21,12:11:19,192000,GoPay,dine_in,STF065
ORD00829,OUT005,2022-11-21,12:22:29,186000,Kartu Debit,takeaway,STF026
ORD00445,OUT003,2022-11-21,13:17:52,25000,OVO,delivery,STF014
ORD00807,OUT006,2022-11-22,07:19:17,51000,Tunai,dine_in,STF031
ORD00828,OUT010,2022-11-22,07:22:46,27000,GoPay,takeaway,STF060
ORD00775,OUT007,2022-11-22,13:00:27,55000,GoPay,takeaway,STF041
ORD00611,OUT010,2022-11-22,16:26:49,50000,OVO,dine_in,STF060
ORD00020,OUT003,2022-11-22,16:41:26,138000,GoPay,dine_in,STF013
ORD00182,OUT006,2022-11-23,07:30:54,24000,GoPay,dine_in,STF034
ORD00819,OUT013,2022-11-23,08:48:58,47000,GoPay,dine_in,STF075
ORD00750,OUT014,2022-11-23,12:02:34,136000,Kartu Debit,dine_in,STF079
ORD00133,OUT009,2022-11-24,13:39:25,63000,Tunai,dine_in,STF051
ORD00510,OUT016,2022-11-24,13:53:39,26000,OVO,delivery,STF092
ORD00464,OUT016,2022-11-25,07:14:11,39000,GoPay,takeaway,STF093
ORD00556,OUT016,2022-11-25,10:24:44,126000,OVO,takeaway,STF092
ORD00979,OUT007,2022-11-25,11:35:52,24000,GoPay,dine_in,STF040
ORD00003,OUT016,2022-11-25,17:08:59,87000,OVO,takeaway,STF096
ORD00366,OUT002,2022-11-25,19:07:03,60000,GoPay,takeaway,STF011
ORD00944,OUT005,2022-11-25,19:51:12,29000,GoPay,takeaway,STF027
ORD00178,OUT016,2022-11-26,08:18:01,70000,OVO,dine_in,STF092
ORD00139,OUT012,2022-11-26,12:39:08,117000,OVO,dine_in,STF068
ORD00680,OUT013,2022-11-26,15:53:35,29000,GoPay,dine_in,STF075
ORD00431,OUT009,2022-11-26,18:30:42,52000,Tunai,takeaway,STF051
ORD00586,OUT003,2022-11-26,18:47:47,127000,Kartu Debit,dine_in,STF018
ORD00981,OUT014,2022-11-27,08:37:02,56000,OVO,dine_in,STF083
ORD00328,OUT016,2022-11-27,10:11:49,73000,Tunai,delivery,STF096
ORD00279,OUT016,2022-11-27,12:29:40,167000,GoPay,dine_in,STF096
ORD00335,OUT014,2022-11-27,13:08:07,23000,Kartu Debit,dine_in,STF081
ORD00061,OUT008,2022-11-27,13:36:02,52000,Tunai,dine_in,STF048
ORD00092,OUT014,2022-11-27,13:48:15,185000,Kartu Debit,delivery,STF083
ORD00895,OUT006,2022-11-27,17:12:15,200000,OVO,dine_in,STF032
ORD00504,OUT016,2022-11-27,17:25:37,37000,GoPay,takeaway,STF092
ORD00411,OUT016,2022-11-27,19:12:31,72000,OVO,takeaway,STF096
ORD00636,OUT003,2022-11-28,12:10:56,52000,GoPay,takeaway,STF018
ORD00889,OUT016,2022-11-28,17:48:33,87000,OVO,dine_in,STF093
ORD00472,OUT012,2022-11-28,18:27:05,124000,GoPay,takeaway,STF070
ORD00072,OUT016,2022-11-29,08:09:06,186000,GoPay,dine_in,STF093
ORD00757,OUT016,2022-11-29,08:13:20,88000,Tunai,dine_in,STF096
ORD00665,OUT013,2022-11-29,13:55:29,36000,Kartu Debit,dine_in,STF076
ORD00991,OUT001,2022-11-29,17:53:54,51000,QRIS,takeaway,STF005
ORD00872,OUT005,2022-11-30,08:41:36,141000,OVO,takeaway,STF029
ORD00497,OUT016,2022-11-30,10:44:13,88000,QRIS,takeaway,STF092
ORD00554,OUT016,2022-11-30,12:53:10,39000,GoPay,dine_in,STF096
ORD00573,OUT002,2022-11-30,13:47:15,146000,OVO,takeaway,STF007
ORD00663,OUT016,2022-11-30,22:02:23,132000,OVO,takeaway,STF093
ORD00753,OUT009,2022-12-01,07:07:19,65000,Tunai,delivery,STF051
ORD00596,OUT006,2022-12-01,09:49:29,90000,Tunai,dine_in,STF033
ORD00701,OUT016,2022-12-01,10:58:08,177000,OVO,dine_in,STF093
ORD00897,OUT016,2022-12-01,19:58:46,39000,OVO,dine_in,STF092
ORD00805,OUT007,2022-12-02,07:21:53,65000,Kartu Debit,dine_in,STF042
ORD00002,OUT013,2022-12-02,07:42:55,28000,QRIS,takeaway,STF077
ORD00353,OUT014,2022-12-02,14:11:42,97000,Kartu Debit,dine_in,STF084
ORD00079,OUT005,2022-12-02,14:46:03,51000,Tunai,takeaway,STF026
ORD00961,OUT001,2022-12-02,15:18:48,112000,GoPay,dine_in,STF001
ORD00231,OUT016,2022-12-03,09:11:11,44000,Kartu Debit,takeaway,STF092
ORD00746,OUT004,2022-12-03,12:34:13,134000,QRIS,delivery,STF022
ORD00127,OUT008,2022-12-03,12:41:39,246000,GoPay,takeaway,STF048
ORD00618,OUT005,2022-12-03,13:25:23,130000,OVO,dine_in,STF029
ORD00275,OUT016,2022-12-03,17:43:14,118000,GoPay,delivery,STF093
ORD00965,OUT013,2022-12-03,19:23:00,37000,QRIS,delivery,STF075
ORD00393,OUT016,2022-12-04,15:12:21,80000,GoPay,dine_in,STF096
ORD00438,OUT002,2022-12-05,08:41:19,124000,Tunai,dine_in,STF007
ORD00835,OUT002,2022-12-05,09:40:31,23000,Tunai,dine_in,STF007
ORD00876,OUT016,2022-12-05,13:28:25,159000,OVO,dine_in,STF093
ORD00063,OUT016,2022-12-05,16:44:58,35000,QRIS,dine_in,STF092
ORD00778,OUT011,2022-12-05,18:25:45,91000,GoPay,delivery,STF064
ORD00451,OUT002,2022-12-06,08:44:58,123000,Kartu Debit,dine_in,STF009
ORD00361,OUT011,2022-12-06,09:43:40,67000,QRIS,takeaway,STF063
ORD00131,OUT016,2022-12-06,12:11:40,21000,Tunai,takeaway,STF093
ORD00934,OUT002,2022-12-06,13:49:13,103000,Kartu Debit,dine_in,STF007
ORD00224,OUT014,2022-12-06,17:49:58,29000,GoPay,delivery,STF083
ORD00023,OUT003,2022-12-06,18:38:01,183000,GoPay,dine_in,STF014
ORD00579,OUT001,2022-12-07,07:06:13,44000,QRIS,dine_in,STF005
ORD00489,OUT013,2022-12-07,16:46:47,75000,OVO,dine_in,STF073
ORD00089,OUT016,2022-12-08,07:47:21,127000,OVO,takeaway,STF096
ORD00810,OUT016,2022-12-08,12:37:23,35000,OVO,delivery,STF096
ORD00036,OUT009,2022-12-09,09:25:55,70000,Kartu Debit,dine_in,STF051
ORD00135,OUT014,2022-12-09,13:27:11,62000,QRIS,delivery,STF083
ORD00694,OUT016,2022-12-10,13:02:57,37000,QRIS,takeaway,STF092
ORD00502,OUT002,2022-12-10,15:41:05,137000,GoPay,delivery,STF007
ORD00570,OUT016,2022-12-10,17:30:04,54000,OVO,dine_in,STF096
ORD00857,OUT014,2022-12-10,18:11:21,36000,QRIS,takeaway,STF083
ORD00824,OUT011,2022-12-10,19:03:19,72000,QRIS,dine_in,STF061
ORD00943,OUT016,2022-12-11,20:03:12,167000,OVO,dine_in,STF096
ORD00130,OUT016,2022-12-12,07:51:45,62000,GoPay,dine_in,STF093
ORD00265,OUT006,2022-12-12,08:41:00,120000,GoPay,dine_in,STF033
ORD00007,OUT016,2022-12-12,14:36:24,60000,OVO,delivery,STF093
ORD00820,OUT010,2022-12-12,20:38:25,29000,QRIS,dine_in,STF057
ORD00832,OUT013,2022-12-13,12:17:00,128000,QRIS,dine_in,STF073
ORD00564,OUT016,2022-12-13,12:41:50,86000,Kartu Debit,dine_in,STF096
ORD00082,OUT006,2022-12-13,15:39:30,66000,GoPay,dine_in,STF033
ORD00245,OUT016,2022-12-13,16:44:37,60000,GoPay,takeaway,STF096
ORD00101,OUT012,2022-12-13,17:44:26,18000,QRIS,dine_in,STF070
ORD00913,OUT012,2022-12-14,14:29:17,89000,Tunai,dine_in,STF071
ORD00582,OUT011,2022-12-14,17:31:25,180000,Kartu Debit,takeaway,STF061
ORD00994,OUT012,2022-12-14,19:34:55,52000,Kartu Debit,dine_in,STF068
ORD00490,OUT016,2022-12-14,19:49:12,72000,OVO,dine_in,STF092
ORD00918,OUT012,2022-12-15,17:28:48,108000,GoPay,takeaway,STF070
ORD00700,OUT016,2022-12-16,07:21:13,20000,Tunai,delivery,STF096
ORD00452,OUT016,2022-12-16,13:59:58,140000,OVO,dine_in,STF092
ORD00719,OUT005,2022-12-16,15:08:26,36000,Tunai,dine_in,STF027
ORD00064,OUT003,2022-12-16,17:42:22,72000,Kartu Debit,dine_in,STF018
ORD00120,OUT003,2022-12-17,08:17:19,67000,OVO,takeaway,STF014
ORD00990,OUT016,2022-12-18,07:36:57,86000,GoPay,delivery,STF092
ORD00910,OUT016,2022-12-18,17:12:26,72000,GoPay,takeaway,STF096
ORD00428,OUT010,2022-12-18,21:14:35,48000,QRIS,dine_in,STF058
ORD00675,OUT014,2022-12-19,17:59:57,37000,GoPay,dine_in,STF079
ORD00634,OUT004,2022-12-19,18:16:55,68000,Tunai,delivery,STF024
ORD00501,OUT016,2022-12-20,18:20:05,60000,Tunai,delivery,STF096
ORD00149,OUT010,2022-12-20,19:42:56,131000,OVO,dine_in,STF059
ORD00868,OUT005,2022-12-20,19:49:04,149000,Kartu Debit,delivery,STF027
ORD00218,OUT016,2022-12-20,21:05:54,22000,QRIS,takeaway,STF093
ORD00299,OUT014,2022-12-21,07:33:42,28000,GoPay,dine_in,STF080
ORD00460,OUT011,2022-12-21,08:45:24,40000,Kartu Debit,takeaway,STF065
ORD00654,OUT003,2022-12-21,12:41:41,52000,QRIS,dine_in,STF014
ORD00125,OUT010,2022-12-21,19:50:50,36000,QRIS,delivery,STF058
ORD00946,OUT016,2022-12-22,08:18:19,127000,GoPay,takeaway,STF092
ORD00238,OUT014,2022-12-22,09:47:43,79000,GoPay,dine_in,STF082
ORD00507,OUT013,2022-12-22,10:03:12,51000,OVO,delivery,STF078
ORD00056,OUT016,2022-12-22,11:04:45,50000,Kartu Debit,takeaway,STF092
ORD00998,OUT003,2022-12-22,14:48:25,56000,OVO,dine_in,STF018
ORD00439,OUT001,2022-12-23,07:20:24,58000,Tunai,dine_in,STF004
ORD00184,OUT005,2022-12-23,09:42:22,128000,QRIS,takeaway,STF026
ORD00696,OUT016,2022-12-23,10:53:23,40000,Tunai,dine_in,STF092
ORD00953,OUT009,2022-12-23,12:51:32,56000,QRIS,takeaway,STF053
ORD00396,OUT016,2022-12-23,17:48:00,136000,Kartu Debit,delivery,STF093
ORD00879,OUT014,2022-12-23,18:05:41,33000,Tunai,dine_in,STF082
ORD00479,OUT016,2022-12-23,19:28:37,100000,OVO,dine_in,STF093
ORD00193,OUT016,2022-12-24,07:43:01,87000,OVO,dine_in,STF093
ORD00594,OUT013,2022-12-24,12:59:03,24000,GoPay,dine_in,STF077
ORD00398,OUT009,2022-12-24,13:50:43,130000,GoPay,takeaway,STF051
ORD00359,OUT016,2022-12-24,19:28:24,29000,QRIS,dine_in,STF092
ORD00043,OUT016,2022-12-25,08:23:23,51000,OVO,dine_in,STF093
ORD00591,OUT008,2022-12-25,12:54:31,179000,Kartu Debit,takeaway,STF045
ORD00989,OUT001,2022-12-26,07:46:44,51000,GoPay,dine_in,STF001
ORD00658,OUT005,2022-12-26,17:26:57,27000,Kartu Debit,takeaway,STF025
ORD00806,OUT014,2022-12-27,09:12:52,76000,Kartu Debit,takeaway,STF080
ORD00132,OUT001,2022-12-27,12:48:45,55000,GoPay,takeaway,STF001
ORD00508,OUT016,2022-12-27,13:01:26,40000,Tunai,dine_in,STF092
ORD00547,OUT014,2022-12-27,17:36:19,96000,Tunai,dine_in,STF083
ORD00852,OUT016,2022-12-28,07:53:47,28000,QRIS,dine_in,STF096
ORD00773,OUT003,2022-12-28,08:27:06,56000,Kartu Debit,takeaway,STF015
ORD00081,OUT001,2022-12-28,08:35:20,27000,Tunai,takeaway,STF006
ORD00386,OUT003,2022-12-28,16:26:44,26000,Kartu Debit,takeaway,STF014
ORD00018,OUT013,2022-12-28,18:05:50,63000,QRIS,dine_in,STF076
ORD00714,OUT016,2022-12-28,18:18:07,27000,GoPay,takeaway,STF096
ORD00116,OUT013,2022-12-29,07:40:17,51000,QRIS,takeaway,STF075
ORD00923,OUT011,2022-12-29,10:54:33,98000,GoPay,delivery,STF063
ORD00894,OUT009,2022-12-29,12:13:59,250000,Kartu Debit,takeaway,STF053
ORD00329,OUT016,2022-12-29,13:56:29,77000,GoPay,dine_in,STF093
ORD00102,OUT010,2022-12-29,13:58:03,119000,Tunai,takeaway,STF058
ORD00886,OUT011,2022-12-30,15:48:57,52000,GoPay,dine_in,STF064
ORD00004,OUT008,2022-12-30,17:00:35,178000,QRIS,dine_in,STF044
ORD00898,OUT006,2022-12-30,22:48:18,65000,OVO,takeaway,STF031
ORD00950,OUT010,2022-12-31,09:22:38,283000,QRIS,dine_in,STF059
ORD00530,OUT016,2022-12-31,13:47:49,74000,OVO,delivery,STF093
ORD00360,OUT008,2022-12-31,13:59:34,320000,Tunai,dine_in,STF043
ORD00288,OUT016,2022-12-31,18:39:31,18000,GoPay,dine_in,STF092
ORD00929,OUT014,2022-12-31,19:57:40,99000,OVO,dine_in,STF084
ORD01097,OUT009,2023-01-01,12:59:22,127000,Kartu Debit,takeaway,STF053
ORD01501,OUT010,2023-01-01,13:09:02,152000,QRIS,dine_in,STF059
ORD02364,OUT002,2023-01-01,18:53:33,24000,Tunai,dine_in,STF012
ORD02410,OUT012,2023-01-01,19:13:11,100000,Kartu Debit,dine_in,STF068
ORD01349,OUT006,2023-01-01,19:30:44,30000,Kartu Debit,dine_in,STF033
ORD01556,OUT010,2023-01-02,13:23:48,40000,QRIS,dine_in,STF056
ORD01438,OUT002,2023-01-02,19:08:42,137000,GoPay,dine_in,STF007
ORD02304,OUT016,2023-01-03,17:35:56,27000,GoPay,delivery,STF092
ORD02235,OUT009,2023-01-03,17:59:08,182000,Kartu Debit,takeaway,STF053
ORD01814,OUT012,2023-01-03,19:12:18,217000,QRIS,takeaway,STF072
ORD01543,OUT009,2023-01-04,07:43:33,59000,Tunai,delivery,STF050
ORD01289,OUT012,2023-01-04,07:50:22,156000,Tunai,delivery,STF068
ORD01646,OUT016,2023-01-04,13:33:25,50000,GoPay,dine_in,STF092
ORD01832,OUT007,2023-01-04,17:59:30,125000,GoPay,delivery,STF037
ORD02442,OUT012,2023-01-04,19:47:37,24000,GoPay,dine_in,STF072
ORD01205,OUT011,2023-01-05,12:08:09,27000,Tunai,dine_in,STF064
ORD01612,OUT008,2023-01-05,12:36:28,51000,QRIS,delivery,STF043
ORD01330,OUT012,2023-01-05,17:24:10,119000,QRIS,dine_in,STF069
ORD01386,OUT007,2023-01-06,08:12:16,36000,QRIS,takeaway,STF040
ORD01892,OUT002,2023-01-06,12:00:08,55000,Kartu Debit,delivery,STF011
ORD01617,OUT005,2023-01-06,13:04:29,56000,Tunai,takeaway,STF029
ORD01506,OUT012,2023-01-06,13:27:48,150000,OVO,dine_in,STF070
ORD01302,OUT002,2023-01-06,13:48:51,49000,Kartu Debit,dine_in,STF007
ORD01754,OUT010,2023-01-06,19:36:16,368000,QRIS,delivery,STF055
ORD01399,OUT006,2023-01-06,19:49:32,47000,Kartu Debit,dine_in,STF031
ORD01735,OUT007,2023-01-07,07:11:12,81000,GoPay,dine_in,STF041
ORD02102,OUT002,2023-01-07,08:45:31,39000,GoPay,dine_in,STF012
ORD01484,OUT013,2023-01-08,08:13:58,37000,Tunai,dine_in,STF073
ORD01526,OUT002,2023-01-08,12:42:55,156000,OVO,dine_in,STF008
ORD01671,OUT006,2023-01-08,14:45:25,240000,GoPay,takeaway,STF036
ORD01733,OUT004,2023-01-08,17:04:35,96000,QRIS,dine_in,STF019
ORD02158,OUT005,2023-01-09,15:24:15,52000,QRIS,dine_in,STF025
ORD01845,OUT013,2023-01-09,17:01:35,52000,Kartu Debit,dine_in,STF076
ORD02348,OUT012,2023-01-09,18:06:38,104000,QRIS,dine_in,STF069
ORD01137,OUT006,2023-01-09,21:16:37,220000,GoPay,takeaway,STF035
ORD01577,OUT002,2023-01-10,09:03:47,52000,Kartu Debit,dine_in,STF012
ORD01360,OUT005,2023-01-10,13:10:42,51000,GoPay,dine_in,STF029
ORD02306,OUT014,2023-01-10,13:23:58,298000,Kartu Debit,dine_in,STF083
ORD01091,OUT013,2023-01-11,07:15:57,60000,OVO,dine_in,STF075
ORD01864,OUT007,2023-01-11,15:50:11,24000,QRIS,delivery,STF042
ORD01713,OUT010,2023-01-12,08:08:39,108000,OVO,takeaway,STF056
ORD02249,OUT016,2023-01-12,08:50:16,261000,GoPay,delivery,STF096
ORD01597,OUT011,2023-01-12,16:36:08,44000,GoPay,dine_in,STF064
ORD02098,OUT014,2023-01-13,08:47:48,27000,Tunai,dine_in,STF079
ORD01759,OUT003,2023-01-13,12:41:57,118000,GoPay,dine_in,STF014
ORD01165,OUT006,2023-01-14,21:17:24,39000,Kartu Debit,dine_in,STF035
ORD01191,OUT006,2023-01-15,08:09:36,75000,Tunai,takeaway,STF032
ORD01750,OUT003,2023-01-15,13:51:13,35000,QRIS,dine_in,STF017
ORD01805,OUT002,2023-01-15,14:29:53,63000,OVO,delivery,STF008
ORD01827,OUT011,2023-01-15,17:13:23,80000,GoPay,dine_in,STF063
ORD01607,OUT011,2023-01-16,07:29:09,109000,QRIS,takeaway,STF065
ORD02479,OUT008,2023-01-16,09:03:43,154000,OVO,delivery,STF045
ORD01072,OUT012,2023-01-16,13:50:48,112000,QRIS,dine_in,STF072
ORD02189,OUT013,2023-01-16,15:15:21,28000,Tunai,delivery,STF078
ORD02450,OUT009,2023-01-16,18:35:12,140000,Kartu Debit,delivery,STF050
ORD01433,OUT002,2023-01-16,19:13:27,52000,QRIS,delivery,STF007
ORD01776,OUT010,2023-01-17,07:02:46,40000,Kartu Debit,takeaway,STF057
ORD02293,OUT012,2023-01-17,07:12:26,23000,Kartu Debit,dine_in,STF068
ORD02472,OUT008,2023-01-17,08:25:43,27000,OVO,takeaway,STF048
ORD01589,OUT001,2023-01-17,08:30:34,36000,GoPay,dine_in,STF005
ORD02163,OUT008,2023-01-17,11:36:10,68000,Tunai,dine_in,STF048
ORD01883,OUT011,2023-01-17,11:58:52,80000,GoPay,delivery,STF064
ORD02059,OUT002,2023-01-17,15:16:33,49000,Tunai,dine_in,STF009
ORD01099,OUT005,2023-01-17,18:13:23,94000,Tunai,delivery,STF027
ORD02388,OUT013,2023-01-17,18:14:06,99000,GoPay,dine_in,STF076
ORD01259,OUT002,2023-01-17,20:16:19,150000,Tunai,dine_in,STF009
ORD01594,OUT014,2023-01-18,07:14:45,134000,OVO,takeaway,STF081
ORD01350,OUT012,2023-01-18,07:58:03,72000,Tunai,takeaway,STF068
ORD01957,OUT001,2023-01-19,07:54:36,54000,Kartu Debit,dine_in,STF001
ORD01345,OUT002,2023-01-19,08:30:54,37000,Kartu Debit,dine_in,STF008
ORD01930,OUT006,2023-01-19,12:15:30,44000,QRIS,delivery,STF034
ORD02491,OUT005,2023-01-19,13:03:44,63000,QRIS,dine_in,STF029
ORD02346,OUT012,2023-01-19,17:07:36,73000,GoPay,delivery,STF072
ORD01268,OUT008,2023-01-19,19:45:16,116000,GoPay,dine_in,STF044
ORD01758,OUT007,2023-01-20,12:58:34,27000,GoPay,dine_in,STF040
ORD01766,OUT003,2023-01-20,22:19:39,27000,GoPay,delivery,STF017
ORD01878,OUT014,2023-01-21,09:37:14,36000,OVO,dine_in,STF079
ORD01473,OUT006,2023-01-21,09:41:54,113000,GoPay,dine_in,STF031
ORD02196,OUT002,2023-01-21,13:16:04,65000,GoPay,takeaway,STF009
ORD01662,OUT009,2023-01-21,17:58:08,114000,OVO,dine_in,STF050
ORD01860,OUT014,2023-01-21,18:23:49,50000,GoPay,dine_in,STF084
ORD01836,OUT010,2023-01-21,19:33:54,167000,OVO,dine_in,STF057
ORD01984,OUT011,2023-01-22,07:16:55,279000,GoPay,delivery,STF065
ORD02016,OUT011,2023-01-22,08:31:18,39000,QRIS,delivery,STF064
ORD02433,OUT010,2023-01-22,12:01:28,68000,QRIS,takeaway,STF057
ORD02349,OUT009,2023-01-22,13:30:55,28000,Kartu Debit,dine_in,STF051
ORD01405,OUT002,2023-01-23,17:54:54,49000,OVO,delivery,STF008
ORD01105,OUT006,2023-01-23,19:53:13,80000,GoPay,dine_in,STF036
ORD01307,OUT005,2023-01-24,07:02:03,148000,QRIS,takeaway,STF025
ORD01904,OUT010,2023-01-24,08:13:43,60000,Tunai,delivery,STF057
ORD02220,OUT012,2023-01-25,18:18:36,55000,QRIS,dine_in,STF069
ORD01384,OUT012,2023-01-25,19:35:39,45000,OVO,takeaway,STF071
ORD01899,OUT004,2023-01-26,07:29:07,76000,QRIS,dine_in,STF022
ORD02099,OUT004,2023-01-26,11:31:53,72000,QRIS,takeaway,STF024
ORD01224,OUT010,2023-01-26,17:17:15,27000,OVO,dine_in,STF057
ORD01104,OUT008,2023-01-26,17:34:56,72000,GoPay,dine_in,STF047
ORD01395,OUT016,2023-01-26,22:18:44,118000,GoPay,delivery,STF092
ORD01972,OUT008,2023-01-27,10:11:04,27000,QRIS,dine_in,STF044
ORD02135,OUT014,2023-01-27,15:39:01,102000,GoPay,dine_in,STF081
ORD02081,OUT008,2023-01-28,07:45:17,91000,Tunai,dine_in,STF043
ORD01136,OUT004,2023-01-28,12:28:44,133000,Kartu Debit,dine_in,STF024
ORD02207,OUT016,2023-01-28,17:35:20,38000,QRIS,delivery,STF096
ORD02114,OUT013,2023-01-29,08:15:02,51000,GoPay,dine_in,STF076
ORD01388,OUT007,2023-01-29,08:58:14,53000,Kartu Debit,takeaway,STF041
ORD01478,OUT006,2023-01-29,11:49:02,102000,GoPay,takeaway,STF033
ORD01504,OUT008,2023-01-29,13:01:03,52000,GoPay,dine_in,STF047
ORD01699,OUT016,2023-01-29,15:51:29,73000,QRIS,takeaway,STF093
ORD01847,OUT002,2023-01-30,08:33:52,38000,Tunai,takeaway,STF008
ORD01846,OUT007,2023-01-30,13:15:20,42000,QRIS,delivery,STF038
ORD01050,OUT011,2023-01-30,19:27:09,52000,QRIS,takeaway,STF061
ORD01057,OUT003,2023-01-31,07:09:06,54000,QRIS,dine_in,STF014
ORD01559,OUT012,2023-01-31,18:14:21,73000,OVO,dine_in,STF068
ORD01567,OUT004,2023-02-02,08:55:21,27000,QRIS,dine_in,STF022
ORD02239,OUT007,2023-02-02,10:08:40,70000,GoPay,dine_in,STF041
ORD02151,OUT013,2023-02-02,14:53:01,40000,GoPay,dine_in,STF077
ORD01602,OUT006,2023-02-02,21:12:00,26000,QRIS,dine_in,STF035
ORD02483,OUT013,2023-02-03,13:32:55,30000,GoPay,delivery,STF073
ORD01528,OUT012,2023-02-03,18:07:15,36000,Tunai,dine_in,STF069
ORD02123,OUT007,2023-02-05,07:54:54,98000,Tunai,delivery,STF037
ORD02055,OUT016,2023-02-05,09:03:28,59000,Kartu Debit,dine_in,STF093
ORD01919,OUT009,2023-02-05,12:20:35,122000,GoPay,delivery,STF053
ORD01379,OUT007,2023-02-05,12:35:19,72000,GoPay,dine_in,STF042
ORD02116,OUT011,2023-02-05,13:02:45,29000,QRIS,dine_in,STF062
ORD02287,OUT013,2023-02-05,17:24:07,107000,GoPay,dine_in,STF077
ORD01716,OUT012,2023-02-05,18:47:16,72000,QRIS,dine_in,STF072
ORD02444,OUT008,2023-02-05,20:02:33,87000,Tunai,takeaway,STF047
ORD02498,OUT003,2023-02-05,22:22:02,26000,Tunai,dine_in,STF017
ORD01085,OUT002,2023-02-06,11:13:17,80000,GoPay,takeaway,STF007
ORD01628,OUT006,2023-02-07,12:03:14,77000,QRIS,dine_in,STF035
ORD02161,OUT003,2023-02-07,18:13:25,184000,QRIS,dine_in,STF014
ORD02156,OUT004,2023-02-08,08:14:02,57000,QRIS,dine_in,STF019
ORD01737,OUT011,2023-02-08,18:37:36,271000,GoPay,dine_in,STF061
ORD01420,OUT008,2023-02-08,21:38:28,167000,QRIS,dine_in,STF046
ORD01406,OUT006,2023-02-09,12:32:42,67000,GoPay,delivery,STF033
ORD01987,OUT016,2023-02-10,07:13:32,78000,GoPay,dine_in,STF093
ORD01153,OUT004,2023-02-10,07:24:07,87000,OVO,delivery,STF023
ORD01341,OUT004,2023-02-10,17:28:05,130000,Tunai,dine_in,STF022
ORD01254,OUT004,2023-02-10,18:06:05,28000,QRIS,takeaway,STF022
ORD01550,OUT007,2023-02-11,08:28:56,67000,Kartu Debit,dine_in,STF039
ORD01148,OUT009,2023-02-11,17:04:54,54000,Kartu Debit,dine_in,STF050
ORD02471,OUT011,2023-02-11,20:21:30,104000,GoPay,takeaway,STF065
ORD02216,OUT009,2023-02-12,07:05:36,61000,Tunai,dine_in,STF053
ORD01052,OUT003,2023-02-12,07:09:34,80000,QRIS,takeaway,STF013
ORD02307,OUT017,2023-02-12,07:28:02,52000,OVO,takeaway,STF101
ORD01839,OUT004,2023-02-12,17:02:47,27000,Kartu Debit,dine_in,STF019
ORD02301,OUT004,2023-02-12,17:08:56,67000,Kartu Debit,delivery,STF019
ORD02466,OUT008,2023-02-12,21:18:15,56000,GoPay,dine_in,STF046
ORD01732,OUT008,2023-02-13,17:05:20,26000,GoPay,dine_in,STF045
ORD02181,OUT004,2023-02-14,07:35:36,28000,QRIS,takeaway,STF024
ORD01175,OUT002,2023-02-14,13:25:19,56000,GoPay,dine_in,STF009
ORD01910,OUT001,2023-02-14,13:44:37,53000,Kartu Debit,takeaway,STF001
ORD02212,OUT014,2023-02-14,17:32:32,27000,Tunai,takeaway,STF080
ORD01973,OUT013,2023-02-15,07:21:56,72000,Tunai,dine_in,STF076
ORD01322,OUT009,2023-02-15,13:17:41,87000,OVO,delivery,STF050
ORD01138,OUT016,2023-02-15,16:09:34,79000,QRIS,takeaway,STF093
ORD01152,OUT008,2023-02-15,17:22:45,201000,GoPay,dine_in,STF045
ORD02129,OUT010,2023-02-15,18:25:19,35000,GoPay,dine_in,STF058
ORD02244,OUT016,2023-02-16,12:13:47,248000,GoPay,dine_in,STF092
ORD01130,OUT003,2023-02-17,07:44:47,146000,Kartu Debit,dine_in,STF014
ORD02223,OUT012,2023-02-17,13:15:29,186000,Kartu Debit,takeaway,STF069
ORD01080,OUT014,2023-02-17,15:47:03,105000,GoPay,dine_in,STF079
ORD02369,OUT008,2023-02-17,17:36:55,50000,Kartu Debit,delivery,STF047
ORD01272,OUT013,2023-02-17,18:15:57,78000,Tunai,dine_in,STF076
ORD01764,OUT010,2023-02-17,19:34:29,36000,Tunai,dine_in,STF057
ORD01640,OUT003,2023-02-17,19:58:09,18000,QRIS,dine_in,STF013
ORD02271,OUT007,2023-02-18,08:14:48,108000,QRIS,delivery,STF040
ORD02131,OUT014,2023-02-18,08:25:02,38000,QRIS,dine_in,STF079
ORD01921,OUT008,2023-02-18,08:49:03,307000,Tunai,dine_in,STF043
ORD02345,OUT016,2023-02-18,09:58:23,90000,Tunai,dine_in,STF093
ORD01925,OUT009,2023-02-18,14:51:51,154000,GoPay,takeaway,STF053
ORD01571,OUT012,2023-02-18,17:03:10,100000,OVO,takeaway,STF072
ORD01419,OUT013,2023-02-18,20:48:40,18000,Kartu Debit,dine_in,STF078
ORD02476,OUT005,2023-02-19,07:53:47,37000,OVO,takeaway,STF025
ORD02227,OUT004,2023-02-19,09:44:03,71000,Kartu Debit,takeaway,STF022
ORD01093,OUT012,2023-02-19,17:12:56,153000,OVO,dine_in,STF068
ORD02397,OUT013,2023-02-19,19:49:52,51000,OVO,takeaway,STF078
ORD02474,OUT011,2023-02-20,08:12:18,89000,QRIS,delivery,STF063
ORD01317,OUT006,2023-02-20,12:04:22,47000,QRIS,dine_in,STF035
ORD01538,OUT007,2023-02-20,12:14:33,110000,GoPay,delivery,STF038
ORD01454,OUT011,2023-02-20,13:27:31,164000,Kartu Debit,dine_in,STF065
ORD01876,OUT003,2023-02-21,08:42:22,248000,Tunai,dine_in,STF015
ORD01509,OUT011,2023-02-21,11:52:29,29000,Kartu Debit,dine_in,STF064
ORD01881,OUT009,2023-02-21,13:01:32,38000,OVO,takeaway,STF050
ORD02017,OUT013,2023-02-21,13:22:39,104000,Kartu Debit,dine_in,STF073
ORD01807,OUT009,2023-02-22,17:12:51,70000,Kartu Debit,takeaway,STF051
ORD02104,OUT012,2023-02-22,18:18:38,49000,Tunai,dine_in,STF071
ORD02480,OUT017,2023-02-22,18:52:16,78000,Kartu Debit,dine_in,STF097
ORD02033,OUT010,2023-02-22,19:36:14,36000,GoPay,dine_in,STF060
ORD01356,OUT009,2023-02-23,07:31:42,91000,OVO,dine_in,STF053
ORD01519,OUT007,2023-02-23,17:52:37,33000,Tunai,takeaway,STF037
ORD02232,OUT016,2023-02-23,17:58:16,67000,Kartu Debit,takeaway,STF092
ORD01949,OUT008,2023-02-23,18:09:12,77000,OVO,dine_in,STF046
ORD01521,OUT002,2023-02-23,19:56:59,51000,GoPay,delivery,STF009
ORD02133,OUT013,2023-02-24,07:58:57,94000,QRIS,takeaway,STF073
ORD02003,OUT003,2023-02-24,08:45:33,108000,OVO,takeaway,STF017
ORD01795,OUT002,2023-02-24,18:15:13,18000,QRIS,takeaway,STF008
ORD01025,OUT009,2023-02-24,18:19:27,30000,Tunai,takeaway,STF051
ORD02180,OUT003,2023-02-24,21:37:51,105000,Tunai,dine_in,STF013
ORD01290,OUT016,2023-02-25,09:20:11,133000,QRIS,dine_in,STF096
ORD01002,OUT017,2023-02-25,17:49:45,40000,QRIS,dine_in,STF101
ORD01481,OUT003,2023-02-25,19:24:36,35000,GoPay,delivery,STF018
ORD02025,OUT003,2023-02-25,19:41:34,139000,Tunai,dine_in,STF015
ORD01412,OUT007,2023-02-26,07:03:14,35000,QRIS,takeaway,STF040
ORD01396,OUT011,2023-02-26,08:11:09,63000,QRIS,dine_in,STF063
ORD02120,OUT003,2023-02-26,08:44:09,60000,QRIS,delivery,STF017
ORD01246,OUT002,2023-02-26,08:46:38,91000,Kartu Debit,dine_in,STF007
ORD02197,OUT013,2023-02-26,10:35:36,52000,OVO,delivery,STF078
ORD02236,OUT001,2023-02-26,12:53:33,212000,OVO,dine_in,STF005
ORD01199,OUT011,2023-02-26,12:53:55,152000,GoPay,dine_in,STF065
ORD01608,OUT013,2023-02-26,13:25:25,94000,GoPay,dine_in,STF078
ORD02286,OUT004,2023-02-26,15:16:51,40000,GoPay,dine_in,STF023
ORD01874,OUT012,2023-02-26,18:08:44,49000,Kartu Debit,delivery,STF068
ORD01425,OUT010,2023-02-27,08:18:53,73000,QRIS,takeaway,STF060
ORD01010,OUT001,2023-02-27,12:37:33,54000,GoPay,dine_in,STF002
ORD02395,OUT013,2023-02-28,07:02:06,56000,GoPay,dine_in,STF075
ORD02204,OUT006,2023-02-28,18:04:35,30000,Tunai,dine_in,STF036
ORD02268,OUT005,2023-03-01,11:01:49,157000,GoPay,takeaway,STF025
ORD01402,OUT010,2023-03-01,19:59:49,20000,QRIS,dine_in,STF055
ORD02194,OUT011,2023-03-02,13:09:16,29000,Tunai,delivery,STF061
ORD02422,OUT007,2023-03-02,14:50:42,93000,QRIS,dine_in,STF038
ORD01705,OUT002,2023-03-02,17:08:14,124000,QRIS,delivery,STF008
ORD02276,OUT007,2023-03-02,19:12:42,159000,QRIS,delivery,STF041
ORD01927,OUT003,2023-03-02,20:42:04,27000,OVO,takeaway,STF015
ORD01022,OUT011,2023-03-03,07:23:48,18000,GoPay,dine_in,STF061
ORD01924,OUT005,2023-03-03,08:45:18,35000,GoPay,delivery,STF026
ORD02096,OUT014,2023-03-03,11:54:54,182000,GoPay,delivery,STF084
ORD01394,OUT002,2023-03-03,17:02:15,24000,Kartu Debit,dine_in,STF012
ORD01346,OUT007,2023-03-03,17:19:14,91000,Tunai,delivery,STF037
ORD01482,OUT006,2023-03-03,19:16:20,84000,Kartu Debit,delivery,STF033
ORD01835,OUT014,2023-03-03,22:06:24,73000,QRIS,delivery,STF083
ORD01794,OUT007,2023-03-04,12:32:02,27000,OVO,takeaway,STF039
ORD01494,OUT003,2023-03-04,13:51:00,54000,GoPay,takeaway,STF013
ORD01347,OUT007,2023-03-04,17:22:22,56000,Kartu Debit,dine_in,STF041
ORD02424,OUT002,2023-03-05,12:13:53,124000,Tunai,dine_in,STF008
ORD01937,OUT016,2023-03-05,13:00:02,47000,Kartu Debit,takeaway,STF096
ORD01128,OUT003,2023-03-05,16:06:34,26000,OVO,dine_in,STF014
ORD01280,OUT008,2023-03-06,07:08:27,28000,Kartu Debit,delivery,STF045
ORD01488,OUT014,2023-03-06,13:03:58,63000,GoPay,takeaway,STF083
ORD01932,OUT010,2023-03-06,18:54:09,27000,OVO,dine_in,STF058
ORD01990,OUT008,2023-03-06,19:31:00,96000,Tunai,dine_in,STF047
ORD01779,OUT001,2023-03-07,07:54:04,81000,GoPay,dine_in,STF001
ORD01323,OUT001,2023-03-07,08:03:17,29000,Kartu Debit,delivery,STF002
ORD02168,OUT005,2023-03-07,08:13:44,45000,GoPay,dine_in,STF026
ORD01324,OUT012,2023-03-07,10:15:23,107000,Kartu Debit,dine_in,STF068
ORD01389,OUT002,2023-03-07,13:04:51,123000,Tunai,delivery,STF007
ORD02319,OUT003,2023-03-07,13:57:35,38000,Tunai,dine_in,STF015
ORD01565,OUT013,2023-03-07,15:30:20,112000,GoPay,delivery,STF078
ORD01348,OUT012,2023-03-07,18:52:57,114000,Tunai,delivery,STF069
ORD01580,OUT014,2023-03-08,08:45:33,28000,Kartu Debit,dine_in,STF079
ORD01434,OUT009,2023-03-09,08:25:30,160000,OVO,delivery,STF051
ORD01654,OUT001,2023-03-09,19:04:23,21000,QRIS,dine_in,STF001
ORD02458,OUT003,2023-03-09,22:41:27,146000,OVO,delivery,STF015
ORD01408,OUT010,2023-03-10,07:02:50,129000,QRIS,dine_in,STF059
ORD01124,OUT007,2023-03-10,12:14:02,98000,QRIS,dine_in,STF042
ORD01840,OUT002,2023-03-10,17:36:45,161000,OVO,delivery,STF009
ORD01578,OUT006,2023-03-10,19:29:05,29000,GoPay,takeaway,STF032
ORD01196,OUT004,2023-03-10,19:46:50,56000,Kartu Debit,dine_in,STF024
ORD02237,OUT013,2023-03-11,14:55:57,66000,GoPay,takeaway,STF073
ORD01803,OUT008,2023-03-11,18:31:07,47000,QRIS,dine_in,STF047
ORD01534,OUT004,2023-03-12,07:57:28,52000,QRIS,dine_in,STF019
ORD01213,OUT004,2023-03-12,15:29:27,94000,GoPay,dine_in,STF019
ORD02032,OUT017,2023-03-13,12:06:31,28000,GoPay,dine_in,STF099
ORD02465,OUT005,2023-03-13,17:37:29,174000,OVO,dine_in,STF026
ORD01725,OUT010,2023-03-13,19:52:03,29000,GoPay,takeaway,STF058
ORD01850,OUT003,2023-03-13,20:33:04,126000,OVO,delivery,STF018
ORD01353,OUT005,2023-03-14,07:40:06,27000,Kartu Debit,takeaway,STF027
ORD02281,OUT006,2023-03-14,12:58:34,49000,Kartu Debit,dine_in,STF036
ORD01032,OUT010,2023-03-14,15:55:58,28000,GoPay,dine_in,STF058
ORD01116,OUT003,2023-03-14,16:46:10,41000,QRIS,takeaway,STF015
ORD01946,OUT003,2023-03-14,17:24:38,68000,OVO,dine_in,STF018
ORD02024,OUT003,2023-03-14,19:27:37,56000,GoPay,dine_in,STF014
ORD01507,OUT006,2023-03-15,20:14:54,79000,Tunai,dine_in,STF034
ORD01673,OUT007,2023-03-15,20:18:13,78000,GoPay,dine_in,STF042
ORD02283,OUT007,2023-03-16,07:02:16,65000,Kartu Debit,dine_in,STF040
ORD01529,OUT010,2023-03-16,07:30:59,28000,GoPay,dine_in,STF056
ORD01410,OUT014,2023-03-16,08:11:01,41000,OVO,delivery,STF079
ORD01979,OUT013,2023-03-16,08:40:17,96000,QRIS,takeaway,STF073
ORD01042,OUT004,2023-03-16,15:03:01,45000,QRIS,dine_in,STF024
ORD02322,OUT007,2023-03-16,21:12:41,27000,Tunai,takeaway,STF041
ORD01228,OUT016,2023-03-17,09:28:01,68000,Kartu Debit,takeaway,STF096
ORD02153,OUT008,2023-03-17,17:42:04,81000,Kartu Debit,takeaway,STF048
ORD02165,OUT012,2023-03-18,13:08:00,86000,GoPay,takeaway,STF071
ORD01397,OUT010,2023-03-18,13:11:24,129000,Kartu Debit,dine_in,STF060
ORD02370,OUT013,2023-03-19,12:26:22,106000,QRIS,takeaway,STF078
ORD02051,OUT016,2023-03-19,18:36:13,29000,OVO,takeaway,STF093
ORD01421,OUT001,2023-03-19,19:23:44,108000,QRIS,takeaway,STF005
ORD02332,OUT007,2023-03-20,12:59:48,228000,QRIS,delivery,STF041
ORD02090,OUT006,2023-03-20,13:59:16,27000,GoPay,delivery,STF035
ORD02169,OUT002,2023-03-20,14:00:45,120000,GoPay,delivery,STF009
ORD02097,OUT010,2023-03-20,17:35:42,104000,QRIS,takeaway,STF057
ORD01247,OUT017,2023-03-20,18:03:14,86000,Tunai,takeaway,STF101
ORD01680,OUT016,2023-03-20,19:07:03,180000,QRIS,dine_in,STF096
ORD01686,OUT009,2023-03-20,20:03:11,52000,GoPay,delivery,STF051
ORD01260,OUT007,2023-03-20,21:18:49,67000,QRIS,takeaway,STF042
ORD01392,OUT016,2023-03-20,22:40:09,20000,OVO,takeaway,STF092
ORD01802,OUT002,2023-03-21,07:43:07,67000,QRIS,takeaway,STF012
ORD01620,OUT003,2023-03-21,19:00:01,78000,GoPay,dine_in,STF015
ORD02124,OUT008,2023-03-22,07:28:55,45000,Tunai,delivery,STF043
ORD01674,OUT004,2023-03-22,09:42:55,49000,GoPay,dine_in,STF024
ORD01792,OUT010,2023-03-22,11:01:19,54000,GoPay,takeaway,STF058
ORD01118,OUT013,2023-03-22,19:23:48,30000,OVO,dine_in,STF075
ORD02253,OUT009,2023-03-23,07:31:26,63000,GoPay,delivery,STF053
ORD01562,OUT003,2023-03-24,08:28:49,141000,OVO,delivery,STF018
ORD01008,OUT001,2023-03-24,08:42:12,24000,QRIS,delivery,STF006
ORD02162,OUT004,2023-03-24,17:18:46,40000,GoPay,dine_in,STF020
ORD01288,OUT006,2023-03-24,21:15:05,68000,GoPay,takeaway,STF031
ORD02092,OUT017,2023-03-25,12:20:34,77000,QRIS,dine_in,STF101
ORD01448,OUT013,2023-03-25,13:37:59,52000,GoPay,dine_in,STF075
ORD01179,OUT013,2023-03-25,17:35:51,56000,Kartu Debit,takeaway,STF077
ORD01611,OUT010,2023-03-25,18:13:26,81000,Tunai,dine_in,STF059
ORD01241,OUT001,2023-03-26,12:48:19,40000,QRIS,dine_in,STF004
ORD01719,OUT006,2023-03-26,18:06:25,107000,Tunai,takeaway,STF031
ORD02308,OUT008,2023-03-26,19:53:50,54000,Kartu Debit,delivery,STF043
ORD01256,OUT009,2023-03-26,20:04:09,23000,Kartu Debit,dine_in,STF050
ORD02344,OUT001,2023-03-27,19:54:30,29000,GoPay,takeaway,STF001
ORD02062,OUT005,2023-03-28,07:58:30,204000,GoPay,dine_in,STF027
ORD01913,OUT004,2023-03-28,12:53:22,29000,QRIS,dine_in,STF023
ORD01669,OUT011,2023-03-28,16:08:40,60000,OVO,dine_in,STF061
ORD01155,OUT002,2023-03-28,17:03:09,40000,QRIS,dine_in,STF012
ORD02351,OUT003,2023-03-28,17:27:03,36000,Tunai,dine_in,STF018
ORD02084,OUT001,2023-03-28,19:58:10,98000,Kartu Debit,dine_in,STF005
ORD02038,OUT011,2023-03-29,07:08:11,58000,GoPay,takeaway,STF065
ORD01555,OUT011,2023-03-29,08:35:41,76000,OVO,dine_in,STF062
ORD01401,OUT011,2023-03-29,12:36:09,139000,GoPay,takeaway,STF061
ORD01698,OUT005,2023-03-29,18:52:36,52000,GoPay,dine_in,STF029
ORD01487,OUT003,2023-03-29,19:48:44,151000,OVO,delivery,STF018
ORD01054,OUT007,2023-03-29,22:06:17,89000,Tunai,dine_in,STF041
ORD01176,OUT007,2023-03-30,08:52:26,44000,QRIS,delivery,STF041
ORD02206,OUT006,2023-03-30,08:55:03,39000,Tunai,dine_in,STF032
ORD02263,OUT008,2023-03-30,09:50:10,27000,Kartu Debit,dine_in,STF045
ORD01264,OUT012,2023-03-30,12:58:42,18000,QRIS,dine_in,STF070
ORD01141,OUT016,2023-03-31,16:35:46,65000,OVO,takeaway,STF096
ORD01826,OUT017,2023-04-01,07:23:33,221000,QRIS,takeaway,STF101
ORD01415,OUT008,2023-04-01,13:56:55,93000,QRIS,takeaway,STF046
ORD01801,OUT012,2023-04-01,20:04:08,54000,GoPay,takeaway,STF069
ORD01656,OUT005,2023-04-02,07:13:15,24000,Tunai,dine_in,STF027
ORD02312,OUT014,2023-04-02,08:03:13,95000,GoPay,delivery,STF082
ORD01249,OUT009,2023-04-02,13:24:43,89000,OVO,delivery,STF053
ORD01775,OUT005,2023-04-03,08:18:00,27000,QRIS,dine_in,STF029
ORD02426,OUT002,2023-04-03,13:59:10,158000,GoPay,dine_in,STF008
ORD01728,OUT005,2023-04-03,17:14:36,54000,GoPay,dine_in,STF029
ORD01703,OUT004,2023-04-03,18:50:42,74000,Tunai,dine_in,STF022
ORD02470,OUT007,2023-04-03,18:51:50,67000,GoPay,takeaway,STF038
ORD01231,OUT003,2023-04-03,19:36:05,98000,OVO,takeaway,STF017
ORD01235,OUT013,2023-04-04,07:56:38,195000,QRIS,delivery,STF076
ORD01365,OUT011,2023-04-04,08:02:10,29000,GoPay,takeaway,STF061
ORD01983,OUT006,2023-04-04,13:50:22,73000,OVO,takeaway,STF033
ORD01274,OUT013,2023-04-04,19:52:17,35000,OVO,delivery,STF078
ORD01675,OUT003,2023-04-04,20:47:44,118000,GoPay,dine_in,STF014
ORD01311,OUT013,2023-04-05,13:34:16,87000,GoPay,takeaway,STF073
ORD02095,OUT017,2023-04-05,13:54:48,149000,OVO,dine_in,STF100
ORD02115,OUT004,2023-04-05,18:23:33,156000,Tunai,delivery,STF019
ORD01170,OUT010,2023-04-06,11:43:34,84000,Kartu Debit,takeaway,STF057
ORD01740,OUT010,2023-04-06,12:49:51,29000,OVO,takeaway,STF058
ORD02455,OUT005,2023-04-06,14:29:13,72000,OVO,takeaway,STF027
ORD02461,OUT007,2023-04-06,22:57:27,18000,QRIS,delivery,STF038
ORD01498,OUT001,2023-04-07,07:04:23,73000,OVO,dine_in,STF002
ORD01344,OUT014,2023-04-07,07:07:17,228000,GoPay,delivery,STF079
ORD01863,OUT008,2023-04-07,08:52:07,50000,Tunai,takeaway,STF043
ORD01971,OUT013,2023-04-07,18:38:52,52000,GoPay,dine_in,STF075
ORD02159,OUT005,2023-04-08,12:04:34,18000,GoPay,dine_in,STF027
ORD01974,OUT002,2023-04-08,12:18:00,80000,QRIS,takeaway,STF012
ORD01933,OUT014,2023-04-08,12:43:33,126000,QRIS,takeaway,STF080
ORD02077,OUT010,2023-04-08,13:40:56,85000,OVO,dine_in,STF059
ORD01952,OUT012,2023-04-08,13:50:16,39000,GoPay,delivery,STF069
ORD01417,OUT003,2023-04-08,17:50:10,68000,OVO,dine_in,STF018
ORD02043,OUT001,2023-04-09,13:32:28,78000,GoPay,takeaway,STF004
ORD01083,OUT013,2023-04-09,16:22:08,80000,QRIS,takeaway,STF077
ORD01477,OUT002,2023-04-09,17:27:06,40000,Kartu Debit,dine_in,STF008
ORD02146,OUT016,2023-04-09,19:16:49,94000,Kartu Debit,takeaway,STF096
ORD01457,OUT011,2023-04-10,13:01:47,129000,Kartu Debit,dine_in,STF061
ORD02399,OUT006,2023-04-10,13:19:14,72000,Kartu Debit,dine_in,STF031
ORD02360,OUT012,2023-04-10,13:54:18,208000,QRIS,dine_in,STF072
ORD01752,OUT013,2023-04-11,12:50:49,66000,QRIS,takeaway,STF075
ORD01586,OUT011,2023-04-11,13:36:16,39000,QRIS,takeaway,STF061
ORD01837,OUT012,2023-04-11,13:44:11,24000,GoPay,dine_in,STF072
ORD01747,OUT014,2023-04-11,14:20:17,27000,OVO,delivery,STF081
ORD01413,OUT012,2023-04-11,17:12:34,50000,QRIS,dine_in,STF068
ORD01005,OUT003,2023-04-12,08:00:24,86000,Kartu Debit,delivery,STF014
ORD01385,OUT006,2023-04-12,17:09:39,27000,OVO,dine_in,STF032
ORD02039,OUT008,2023-04-12,18:34:14,49000,Kartu Debit,takeaway,STF045
ORD01200,OUT010,2023-04-12,18:55:47,50000,QRIS,dine_in,STF055
ORD02126,OUT001,2023-04-12,19:51:22,58000,Kartu Debit,dine_in,STF004
ORD01505,OUT006,2023-04-13,11:36:47,29000,Tunai,takeaway,STF031
ORD02328,OUT001,2023-04-13,12:20:50,52000,Kartu Debit,dine_in,STF005
ORD01573,OUT017,2023-04-13,12:23:19,153000,OVO,delivery,STF102
ORD01443,OUT016,2023-04-13,19:57:38,29000,OVO,dine_in,STF093
ORD01364,OUT010,2023-04-14,07:40:49,29000,QRIS,dine_in,STF057
ORD02467,OUT008,2023-04-14,13:22:21,102000,QRIS,dine_in,STF046
ORD01398,OUT007,2023-04-14,16:19:28,51000,GoPay,dine_in,STF041
ORD01693,OUT006,2023-04-14,17:48:46,80000,GoPay,takeaway,STF033
ORD02318,OUT002,2023-04-15,07:17:12,47000,GoPay,dine_in,STF008
ORD02488,OUT004,2023-04-15,08:54:59,50000,Kartu Debit,takeaway,STF023
ORD01967,OUT003,2023-04-15,09:32:43,52000,GoPay,dine_in,STF014
ORD01638,OUT007,2023-04-15,17:46:26,138000,GoPay,dine_in,STF037
ORD01023,OUT014,2023-04-15,18:36:03,152000,GoPay,dine_in,STF081
ORD01935,OUT009,2023-04-15,19:01:36,132000,OVO,dine_in,STF053
ORD01830,OUT011,2023-04-15,19:29:11,30000,QRIS,delivery,STF064
ORD02277,OUT013,2023-04-16,13:55:29,139000,GoPay,dine_in,STF076
ORD01028,OUT013,2023-04-17,12:25:17,140000,OVO,delivery,STF076
ORD02106,OUT013,2023-04-17,14:59:48,117000,GoPay,takeaway,STF073
ORD02292,OUT016,2023-04-17,17:14:34,166000,QRIS,delivery,STF092
ORD02230,OUT017,2023-04-17,19:21:18,52000,QRIS,dine_in,STF101
ORD01541,OUT011,2023-04-17,19:30:26,62000,Kartu Debit,dine_in,STF063
ORD02392,OUT004,2023-04-17,20:12:58,45000,Kartu Debit,takeaway,STF022
ORD01774,OUT017,2023-04-18,07:30:26,128000,GoPay,dine_in,STF101
ORD02103,OUT016,2023-04-18,12:01:29,47000,QRIS,dine_in,STF096
ORD01512,OUT009,2023-04-18,12:46:26,40000,Kartu Debit,delivery,STF051
ORD02492,OUT007,2023-04-18,18:02:13,65000,Tunai,dine_in,STF038
ORD02315,OUT012,2023-04-18,19:26:38,30000,OVO,dine_in,STF069
ORD01530,OUT010,2023-04-19,10:39:34,39000,OVO,takeaway,STF056
ORD02282,OUT004,2023-04-19,10:57:36,123000,QRIS,dine_in,STF020
ORD01431,OUT001,2023-04-19,12:46:24,68000,Kartu Debit,delivery,STF005
ORD01208,OUT005,2023-04-19,15:04:56,52000,Kartu Debit,delivery,STF026
ORD02383,OUT007,2023-04-20,08:11:14,78000,Tunai,dine_in,STF039
ORD02013,OUT016,2023-04-20,17:09:15,111000,GoPay,takeaway,STF093
ORD01822,OUT002,2023-04-21,08:18:16,26000,Tunai,dine_in,STF007
ORD02343,OUT008,2023-04-21,08:54:34,98000,QRIS,delivery,STF048
ORD01648,OUT001,2023-04-21,17:07:10,117000,GoPay,delivery,STF002
ORD01948,OUT014,2023-04-21,18:18:13,51000,Tunai,takeaway,STF081
ORD01970,OUT006,2023-04-21,19:06:37,101000,OVO,dine_in,STF035
ORD01095,OUT007,2023-04-22,07:16:00,266000,Tunai,takeaway,STF037
ORD02191,OUT010,2023-04-22,08:31:53,178000,Kartu Debit,dine_in,STF055
ORD01905,OUT007,2023-04-22,18:07:04,77000,QRIS,takeaway,STF037
ORD01046,OUT003,2023-04-23,08:59:43,150000,QRIS,dine_in,STF013
ORD01024,OUT011,2023-04-23,19:24:13,95000,QRIS,takeaway,STF061
ORD01502,OUT006,2023-04-24,13:01:00,74000,OVO,dine_in,STF032
ORD02089,OUT004,2023-04-24,13:14:17,30000,OVO,dine_in,STF020
ORD01211,OUT001,2023-04-24,16:02:15,95000,GoPay,dine_in,STF001
ORD01492,OUT017,2023-04-24,18:57:21,37000,GoPay,dine_in,STF098
ORD02078,OUT010,2023-04-25,08:53:10,86000,Tunai,takeaway,STF055
ORD02193,OUT006,2023-04-25,08:59:52,63000,Kartu Debit,takeaway,STF033
ORD01161,OUT006,2023-04-25,17:43:10,132000,GoPay,takeaway,STF036
ORD02291,OUT017,2023-04-25,19:51:37,40000,QRIS,dine_in,STF102
ORD01627,OUT011,2023-04-26,13:30:42,24000,Tunai,dine_in,STF064
ORD02380,OUT010,2023-04-26,17:38:31,136000,QRIS,delivery,STF060
ORD01238,OUT017,2023-04-26,21:38:36,126000,GoPay,takeaway,STF097
ORD01210,OUT014,2023-04-27,19:18:33,82000,Tunai,dine_in,STF081
ORD01798,OUT005,2023-04-27,19:49:22,193000,Kartu Debit,dine_in,STF026
ORD01073,OUT003,2023-04-27,22:35:49,71000,QRIS,dine_in,STF015
ORD01873,OUT016,2023-04-27,22:58:09,85000,Tunai,dine_in,STF093
ORD02137,OUT006,2023-04-28,07:30:49,157000,Kartu Debit,dine_in,STF032
ORD01031,OUT002,2023-04-28,08:05:39,46000,Kartu Debit,takeaway,STF007
ORD01884,OUT009,2023-04-28,08:19:32,27000,OVO,dine_in,STF053
ORD01207,OUT004,2023-04-28,10:09:17,34000,GoPay,takeaway,STF022
ORD01815,OUT007,2023-04-28,11:05:18,106000,QRIS,takeaway,STF042
ORD02071,OUT005,2023-04-28,13:04:17,40000,Kartu Debit,delivery,STF027
ORD01094,OUT005,2023-04-29,07:13:29,38000,QRIS,takeaway,STF025
ORD02495,OUT016,2023-04-29,08:51:08,63000,GoPay,takeaway,STF092
ORD01079,OUT003,2023-04-29,12:53:48,204000,Tunai,delivery,STF018
ORD01299,OUT004,2023-04-30,07:06:29,37000,Kartu Debit,takeaway,STF023
ORD02130,OUT012,2023-04-30,08:22:31,77000,QRIS,dine_in,STF068
ORD01098,OUT006,2023-04-30,12:12:52,36000,OVO,dine_in,STF032
ORD01931,OUT012,2023-04-30,13:05:36,61000,OVO,dine_in,STF068
ORD01403,OUT013,2023-04-30,13:42:46,39000,GoPay,delivery,STF077
ORD01600,OUT007,2023-04-30,13:47:58,53000,GoPay,takeaway,STF040
ORD01192,OUT010,2023-05-01,08:15:57,27000,GoPay,dine_in,STF060
ORD01918,OUT014,2023-05-01,10:09:30,158000,OVO,delivery,STF080
ORD02175,OUT010,2023-05-01,12:47:03,73000,Kartu Debit,delivery,STF057
ORD01371,OUT010,2023-05-01,17:39:18,79000,QRIS,takeaway,STF059
ORD02390,OUT013,2023-05-01,18:05:30,30000,Kartu Debit,delivery,STF073
ORD01697,OUT005,2023-05-01,18:09:14,54000,Tunai,takeaway,STF025
ORD01067,OUT004,2023-05-01,19:35:46,128000,OVO,dine_in,STF024
ORD01321,OUT017,2023-05-02,08:35:13,30000,Tunai,dine_in,STF101
ORD01156,OUT002,2023-05-02,18:16:53,104000,GoPay,takeaway,STF011
ORD01898,OUT001,2023-05-02,18:42:43,159000,GoPay,delivery,STF005
ORD01828,OUT012,2023-05-03,12:18:10,26000,QRIS,takeaway,STF069
ORD01462,OUT013,2023-05-03,17:11:22,27000,OVO,dine_in,STF073
ORD01865,OUT012,2023-05-03,19:47:40,102000,OVO,dine_in,STF070
ORD02107,OUT007,2023-05-03,22:30:50,51000,OVO,dine_in,STF042
ORD02091,OUT002,2023-05-04,07:20:58,29000,GoPay,takeaway,STF007
ORD01014,OUT006,2023-05-04,12:31:49,24000,GoPay,takeaway,STF035
ORD01916,OUT004,2023-05-04,17:55:33,50000,OVO,dine_in,STF024
ORD01785,OUT016,2023-05-04,19:17:23,52000,QRIS,dine_in,STF092
ORD01315,OUT008,2023-05-04,19:56:11,68000,GoPay,delivery,STF044
ORD02327,OUT013,2023-05-04,21:18:13,39000,Tunai,delivery,STF077
ORD01313,OUT009,2023-05-05,07:05:24,139000,QRIS,takeaway,STF050
ORD02100,OUT013,2023-05-05,07:26:32,125000,QRIS,delivery,STF078
ORD01917,OUT002,2023-05-05,08:38:22,27000,Kartu Debit,dine_in,STF009
ORD01896,OUT004,2023-05-05,13:03:06,40000,QRIS,dine_in,STF020
ORD01355,OUT013,2023-05-05,22:55:51,26000,OVO,dine_in,STF073
ORD02496,OUT001,2023-05-06,12:43:46,26000,QRIS,dine_in,STF001
ORD01694,OUT006,2023-05-06,14:10:57,84000,QRIS,dine_in,STF036
ORD01988,OUT011,2023-05-06,18:36:18,60000,OVO,dine_in,STF065
ORD01558,OUT007,2023-05-07,07:10:15,104000,QRIS,dine_in,STF037
ORD01777,OUT004,2023-05-07,07:52:54,76000,Kartu Debit,dine_in,STF020
ORD02278,OUT005,2023-05-07,13:03:01,40000,QRIS,dine_in,STF027
ORD02409,OUT004,2023-05-07,13:19:47,209000,QRIS,dine_in,STF022
ORD01320,OUT017,2023-05-07,15:21:56,29000,OVO,dine_in,STF102
ORD02184,OUT004,2023-05-07,22:36:56,27000,Tunai,dine_in,STF023
ORD01887,OUT010,2023-05-08,17:23:14,67000,GoPay,dine_in,STF060
ORD01664,OUT004,2023-05-09,07:04:27,111000,Tunai,dine_in,STF020
ORD02396,OUT014,2023-05-09,08:48:04,58000,OVO,takeaway,STF083
ORD02459,OUT007,2023-05-09,12:02:03,173000,OVO,dine_in,STF037
ORD01880,OUT016,2023-05-09,19:08:54,96000,GoPay,delivery,STF093
ORD02057,OUT008,2023-05-10,07:50:25,54000,Kartu Debit,dine_in,STF046
ORD01084,OUT007,2023-05-10,12:52:41,50000,Tunai,dine_in,STF042
ORD01513,OUT014,2023-05-10,18:10:22,73000,OVO,takeaway,STF080
ORD01059,OUT002,2023-05-10,19:31:29,28000,Tunai,takeaway,STF009
ORD01329,OUT010,2023-05-11,07:28:27,27000,QRIS,dine_in,STF060
ORD01682,OUT006,2023-05-11,12:00:00,28000,GoPay,dine_in,STF035
ORD02350,OUT016,2023-05-11,13:25:06,172000,GoPay,delivery,STF092
ORD01476,OUT013,2023-05-11,20:13:11,164000,GoPay,dine_in,STF073
ORD01368,OUT002,2023-05-12,08:01:26,123000,OVO,dine_in,STF009
ORD02377,OUT003,2023-05-12,15:14:00,131000,Tunai,dine_in,STF013
ORD02356,OUT004,2023-05-12,19:35:53,90000,OVO,dine_in,STF023
ORD01068,OUT005,2023-05-13,12:42:16,41000,QRIS,dine_in,STF029
ORD01436,OUT001,2023-05-13,13:57:24,80000,OVO,takeaway,STF004
ORD02155,OUT009,2023-05-13,17:17:48,34000,OVO,delivery,STF053
ORD01539,OUT011,2023-05-13,19:43:33,56000,QRIS,dine_in,STF064
ORD01251,OUT012,2023-05-13,19:50:08,39000,Tunai,dine_in,STF071
ORD01229,OUT013,2023-05-14,08:10:48,30000,GoPay,takeaway,STF076
ORD01174,OUT010,2023-05-14,08:19:40,101000,Tunai,dine_in,STF060
ORD02423,OUT009,2023-05-14,08:35:35,204000,Tunai,takeaway,STF051
ORD01633,OUT019,2023-05-14,17:47:05,45000,Kartu Debit,delivery,STF111
ORD01391,OUT011,2023-05-14,17:50:53,65000,Tunai,dine_in,STF063
ORD01171,OUT006,2023-05-14,18:58:20,79000,GoPay,takeaway,STF033
ORD01194,OUT011,2023-05-14,22:39:45,104000,Kartu Debit,dine_in,STF062
ORD02274,OUT009,2023-05-15,13:01:31,52000,GoPay,dine_in,STF053
ORD01788,OUT019,2023-05-15,15:05:29,27000,Kartu Debit,dine_in,STF113
ORD01372,OUT011,2023-05-15,16:47:14,65000,OVO,delivery,STF063
ORD01333,OUT013,2023-05-15,17:21:51,174000,OVO,dine_in,STF076
ORD01542,OUT001,2023-05-15,17:25:37,27000,Kartu Debit,dine_in,STF002
ORD01576,OUT001,2023-05-15,17:52:53,37000,GoPay,takeaway,STF004
ORD01953,OUT001,2023-05-16,07:55:30,38000,QRIS,takeaway,STF004
ORD01258,OUT012,2023-05-16,12:19:08,57000,GoPay,delivery,STF072
ORD02338,OUT006,2023-05-16,16:49:55,27000,OVO,dine_in,STF033
ORD01233,OUT002,2023-05-17,12:14:45,124000,GoPay,dine_in,STF007
ORD01599,OUT017,2023-05-17,12:49:53,59000,QRIS,takeaway,STF097
ORD01981,OUT016,2023-05-17,17:31:47,88000,GoPay,dine_in,STF092
ORD02412,OUT014,2023-05-17,19:55:27,94000,Kartu Debit,dine_in,STF080
ORD02400,OUT006,2023-05-17,22:06:42,38000,Kartu Debit,delivery,STF033
ORD02246,OUT008,2023-05-18,07:47:00,30000,QRIS,dine_in,STF048
ORD01034,OUT004,2023-05-18,12:34:07,54000,Kartu Debit,takeaway,STF024
ORD02087,OUT012,2023-05-18,14:39:12,37000,OVO,dine_in,STF072
ORD02020,OUT007,2023-05-19,13:14:51,87000,OVO,dine_in,STF038
ORD01690,OUT009,2023-05-19,19:51:54,23000,GoPay,dine_in,STF050
ORD01035,OUT006,2023-05-20,07:32:32,60000,GoPay,takeaway,STF032
ORD02314,OUT005,2023-05-20,18:30:23,99000,GoPay,dine_in,STF027
ORD01894,OUT002,2023-05-20,19:46:50,119000,OVO,dine_in,STF011
ORD01366,OUT013,2023-05-20,21:51:58,76000,OVO,takeaway,STF073
ORD01751,OUT004,2023-05-21,13:52:30,119000,Tunai,delivery,STF019
ORD02254,OUT019,2023-05-21,14:46:32,30000,QRIS,dine_in,STF114
ORD01724,OUT004,2023-05-21,17:10:13,72000,OVO,delivery,STF022
ORD01575,OUT008,2023-05-21,17:36:11,111000,Tunai,dine_in,STF043
ORD02403,OUT017,2023-05-21,19:30:55,133000,Tunai,dine_in,STF098
ORD02279,OUT003,2023-05-21,20:12:15,29000,GoPay,dine_in,STF015
ORD01373,OUT009,2023-05-22,12:14:36,35000,OVO,takeaway,STF051
ORD01742,OUT008,2023-05-22,18:11:39,51000,QRIS,dine_in,STF045
ORD02187,OUT010,2023-05-22,18:57:41,50000,Tunai,dine_in,STF057
ORD02000,OUT019,2023-05-22,19:13:12,54000,OVO,takeaway,STF111
ORD02379,OUT008,2023-05-22,21:10:39,29000,QRIS,takeaway,STF046
ORD01495,OUT017,2023-05-22,21:47:45,49000,Tunai,dine_in,STF100
ORD02462,OUT002,2023-05-23,08:35:06,80000,GoPay,takeaway,STF007
ORD01790,OUT006,2023-05-23,13:03:15,88000,Kartu Debit,dine_in,STF032
ORD02486,OUT003,2023-05-23,21:08:44,117000,QRIS,takeaway,STF014
ORD01551,OUT009,2023-05-24,08:54:07,38000,QRIS,dine_in,STF053
ORD01757,OUT017,2023-05-24,15:34:50,58000,GoPay,dine_in,STF097
ORD02337,OUT019,2023-05-24,18:20:03,72000,GoPay,dine_in,STF111
ORD02111,OUT007,2023-05-25,08:49:42,69000,GoPay,dine_in,STF037
ORD01411,OUT004,2023-05-25,10:05:30,106000,Tunai,takeaway,STF020
ORD01582,OUT009,2023-05-25,20:19:08,66000,OVO,delivery,STF050
ORD01459,OUT002,2023-05-26,08:19:13,98000,Kartu Debit,takeaway,STF008
ORD01799,OUT003,2023-05-26,12:28:46,36000,OVO,dine_in,STF017
ORD01667,OUT013,2023-05-26,13:43:09,152000,GoPay,delivery,STF077
ORD01652,OUT007,2023-05-26,16:48:21,115000,QRIS,takeaway,STF038
ORD02353,OUT004,2023-05-26,17:38:27,137000,Tunai,delivery,STF024
ORD01824,OUT019,2023-05-26,17:40:00,45000,GoPay,takeaway,STF113
ORD01499,OUT009,2023-05-26,18:17:55,24000,QRIS,takeaway,STF051
ORD01938,OUT009,2023-05-26,19:42:24,18000,QRIS,takeaway,STF051
ORD02259,OUT012,2023-05-27,14:39:22,65000,GoPay,delivery,STF070
ORD01376,OUT007,2023-05-27,20:23:21,84000,QRIS,takeaway,STF038
ORD01305,OUT013,2023-05-28,13:19:49,65000,Kartu Debit,dine_in,STF075
ORD01721,OUT013,2023-05-28,14:12:49,157000,GoPay,dine_in,STF077
ORD02436,OUT005,2023-05-28,14:30:38,36000,QRIS,takeaway,STF025
ORD01548,OUT004,2023-05-28,17:25:36,100000,Tunai,dine_in,STF019
ORD02264,OUT008,2023-05-29,07:36:16,28000,GoPay,dine_in,STF048
ORD01295,OUT019,2023-05-29,12:34:27,90000,GoPay,delivery,STF114
ORD01869,OUT017,2023-05-29,13:53:19,63000,QRIS,dine_in,STF098
ORD02441,OUT008,2023-05-29,17:21:56,110000,QRIS,takeaway,STF044
ORD02464,OUT004,2023-05-29,17:52:12,91000,GoPay,dine_in,STF019
ORD01844,OUT005,2023-05-29,19:02:44,52000,Kartu Debit,delivery,STF026
ORD02454,OUT019,2023-05-30,10:42:34,47000,GoPay,dine_in,STF112
ORD01390,OUT005,2023-05-30,12:03:28,73000,Kartu Debit,takeaway,STF027
ORD02195,OUT003,2023-05-30,17:21:56,176000,GoPay,takeaway,STF014
ORD01536,OUT010,2023-05-30,18:53:23,91000,Kartu Debit,dine_in,STF058
ORD01493,OUT008,2023-05-30,19:29:15,28000,Tunai,dine_in,STF047
ORD02295,OUT011,2023-05-31,07:47:48,209000,Kartu Debit,takeaway,STF063
ORD01613,OUT005,2023-05-31,12:08:54,68000,Kartu Debit,delivery,STF027
ORD02250,OUT002,2023-05-31,13:30:35,86000,QRIS,dine_in,STF009
ORD01772,OUT003,2023-05-31,15:07:53,118000,OVO,dine_in,STF017
ORD01590,OUT004,2023-05-31,17:58:33,52000,OVO,dine_in,STF020
ORD02372,OUT010,2023-06-01,11:40:20,117000,OVO,dine_in,STF055
ORD01926,OUT006,2023-06-01,15:09:42,79000,Kartu Debit,dine_in,STF032
ORD01623,OUT005,2023-06-01,17:39:45,30000,Tunai,dine_in,STF025
ORD01834,OUT007,2023-06-01,22:13:56,123000,Kartu Debit,dine_in,STF039
ORD01688,OUT001,2023-06-02,07:29:13,90000,QRIS,delivery,STF005
ORD01407,OUT013,2023-06-02,10:48:37,18000,GoPay,takeaway,STF076
ORD01038,OUT012,2023-06-02,13:24:24,21000,OVO,dine_in,STF068
ORD01552,OUT020,2023-06-02,17:02:47,82000,QRIS,delivery,STF118
ORD01218,OUT020,2023-06-02,18:51:55,76000,Kartu Debit,dine_in,STF120
ORD01135,OUT011,2023-06-02,19:42:58,50000,Tunai,delivery,STF065
ORD01717,OUT007,2023-06-03,13:54:30,36000,Kartu Debit,dine_in,STF040
ORD02261,OUT003,2023-06-03,18:31:18,27000,Kartu Debit,dine_in,STF015
ORD01568,OUT004,2023-06-03,19:03:33,47000,QRIS,takeaway,STF024
ORD01965,OUT010,2023-06-04,07:12:20,70000,Tunai,dine_in,STF057
ORD01950,OUT016,2023-06-04,12:29:29,47000,QRIS,dine_in,STF096
ORD01255,OUT020,2023-06-04,17:33:25,126000,QRIS,delivery,STF120
ORD01684,OUT009,2023-06-04,19:32:37,21000,Tunai,takeaway,STF051
ORD01531,OUT001,2023-06-04,20:38:51,182000,GoPay,dine_in,STF004
ORD02303,OUT006,2023-06-04,22:13:46,111000,Kartu Debit,delivery,STF035
ORD01570,OUT001,2023-06-04,22:31:02,69000,QRIS,takeaway,STF005
ORD01976,OUT011,2023-06-05,17:47:11,26000,Tunai,takeaway,STF061
ORD02041,OUT003,2023-06-05,19:48:05,27000,GoPay,takeaway,STF014
ORD01999,OUT007,2023-06-06,12:30:24,145000,QRIS,takeaway,STF037
ORD01018,OUT012,2023-06-06,12:33:43,101000,QRIS,dine_in,STF070
ORD01621,OUT003,2023-06-06,14:54:02,36000,OVO,delivery,STF018
ORD01267,OUT002,2023-06-06,17:30:37,45000,Kartu Debit,dine_in,STF011
ORD02083,OUT016,2023-06-06,17:34:40,85000,OVO,delivery,STF096
ORD01055,OUT019,2023-06-07,08:44:18,105000,GoPay,takeaway,STF113
ORD02391,OUT019,2023-06-07,13:46:21,76000,Tunai,dine_in,STF113
ORD02394,OUT020,2023-06-07,16:11:27,40000,QRIS,dine_in,STF116
ORD01515,OUT008,2023-06-07,18:37:50,47000,OVO,takeaway,STF047
ORD02321,OUT012,2023-06-07,19:44:09,64000,GoPay,dine_in,STF071
ORD01508,OUT007,2023-06-08,08:16:15,73000,OVO,takeaway,STF040
ORD01069,OUT010,2023-06-08,09:04:09,78000,GoPay,dine_in,STF056
ORD01760,OUT020,2023-06-09,09:56:39,108000,Tunai,dine_in,STF116
ORD01663,OUT017,2023-06-09,12:14:46,47000,QRIS,dine_in,STF102
ORD01076,OUT008,2023-06-09,13:18:02,118000,GoPay,dine_in,STF045
ORD01642,OUT001,2023-06-10,13:43:00,33000,QRIS,takeaway,STF004
ORD01810,OUT013,2023-06-10,19:39:30,39000,QRIS,dine_in,STF078
ORD01631,OUT008,2023-06-11,07:44:53,35000,QRIS,takeaway,STF045
ORD01723,OUT020,2023-06-11,08:46:28,123000,QRIS,takeaway,STF116
ORD01250,OUT010,2023-06-11,12:31:48,184000,QRIS,dine_in,STF059
ORD01963,OUT017,2023-06-11,20:11:58,24000,GoPay,dine_in,STF099
ORD01524,OUT019,2023-06-11,22:53:09,18000,GoPay,dine_in,STF114
ORD01816,OUT009,2023-06-12,13:31:25,21000,Kartu Debit,delivery,STF051
ORD01954,OUT003,2023-06-12,13:41:49,78000,OVO,dine_in,STF018
ORD01635,OUT010,2023-06-13,10:34:17,61000,GoPay,delivery,STF056
ORD01193,OUT007,2023-06-13,12:17:26,52000,GoPay,takeaway,STF042
ORD01783,OUT001,2023-06-13,17:22:58,105000,QRIS,dine_in,STF006
ORD02255,OUT002,2023-06-14,09:02:34,39000,Kartu Debit,dine_in,STF007
ORD01243,OUT019,2023-06-15,08:34:34,52000,Kartu Debit,dine_in,STF114
ORD01465,OUT016,2023-06-15,13:21:34,202000,Tunai,dine_in,STF093
ORD02362,OUT019,2023-06-15,13:56:35,50000,Tunai,delivery,STF114
ORD02086,OUT017,2023-06-15,17:20:16,90000,Tunai,dine_in,STF102
ORD02256,OUT007,2023-06-16,07:08:40,63000,Tunai,takeaway,STF040
ORD01183,OUT004,2023-06-16,09:13:00,27000,OVO,dine_in,STF023
ORD02219,OUT002,2023-06-17,09:02:59,74000,Tunai,dine_in,STF007
ORD01789,OUT004,2023-06-17,12:29:18,22000,Tunai,dine_in,STF023
ORD01998,OUT003,2023-06-17,18:40:09,33000,GoPay,dine_in,STF014
ORD02040,OUT008,2023-06-17,22:19:21,56000,OVO,dine_in,STF047
ORD01755,OUT007,2023-06-18,07:02:06,29000,QRIS,dine_in,STF038
ORD01651,OUT010,2023-06-18,07:07:35,72000,GoPay,delivery,STF059
ORD02044,OUT001,2023-06-18,13:16:34,52000,OVO,delivery,STF006
ORD01605,OUT003,2023-06-18,13:49:02,136000,GoPay,takeaway,STF013
ORD01944,OUT006,2023-06-19,10:19:02,89000,GoPay,dine_in,STF031
ORD01293,OUT019,2023-06-19,13:51:19,87000,QRIS,dine_in,STF112
ORD01163,OUT002,2023-06-19,14:42:53,144000,QRIS,takeaway,STF012
ORD02226,OUT009,2023-06-19,17:36:35,27000,QRIS,dine_in,STF050
ORD02167,OUT012,2023-06-19,18:01:01,36000,QRIS,dine_in,STF068
ORD01715,OUT003,2023-06-19,18:42:19,36000,Tunai,dine_in,STF014
ORD01182,OUT014,2023-06-20,19:00:56,142000,GoPay,dine_in,STF080
ORD02061,OUT012,2023-06-20,22:35:55,79000,QRIS,takeaway,STF072
ORD02047,OUT016,2023-06-20,22:57:16,66000,OVO,dine_in,STF092
ORD01282,OUT012,2023-06-21,07:29:31,65000,QRIS,dine_in,STF068
ORD01310,OUT006,2023-06-21,08:10:40,51000,OVO,dine_in,STF031
ORD01126,OUT004,2023-06-21,10:35:08,51000,Tunai,takeaway,STF019
ORD01081,OUT003,2023-06-21,18:58:36,29000,Kartu Debit,dine_in,STF013
ORD01430,OUT017,2023-06-22,10:35:22,45000,QRIS,dine_in,STF097
ORD01062,OUT012,2023-06-22,13:49:52,27000,QRIS,dine_in,STF069
ORD02109,OUT010,2023-06-22,18:03:21,28000,OVO,takeaway,STF055
ORD02202,OUT012,2023-06-22,19:06:29,39000,Kartu Debit,takeaway,STF068
ORD01070,OUT016,2023-06-22,19:53:49,33000,QRIS,takeaway,STF096
ORD02365,OUT002,2023-06-23,07:40:23,51000,Kartu Debit,dine_in,STF009
ORD01127,OUT017,2023-06-23,10:46:58,156000,QRIS,dine_in,STF101
ORD01554,OUT020,2023-06-23,17:07:52,80000,QRIS,dine_in,STF118
ORD02413,OUT017,2023-06-23,17:09:50,24000,GoPay,delivery,STF101
ORD01659,OUT017,2023-06-23,21:25:35,111000,GoPay,dine_in,STF102
ORD01319,OUT002,2023-06-23,22:34:48,51000,Kartu Debit,takeaway,STF008
ORD01240,OUT001,2023-06-24,08:02:58,73000,OVO,dine_in,STF006
ORD01535,OUT004,2023-06-24,08:24:54,30000,Tunai,dine_in,STF024
ORD02310,OUT009,2023-06-24,13:08:27,138000,QRIS,takeaway,STF051
ORD02058,OUT007,2023-06-24,13:20:49,27000,GoPay,takeaway,STF039
ORD02389,OUT020,2023-06-24,17:42:19,24000,QRIS,dine_in,STF115
ORD02460,OUT001,2023-06-24,18:06:15,34000,OVO,dine_in,STF006
ORD02224,OUT011,2023-06-25,07:51:50,93000,QRIS,dine_in,STF065
ORD01969,OUT011,2023-06-25,08:51:36,248000,QRIS,dine_in,STF061
ORD01875,OUT020,2023-06-25,12:14:56,90000,GoPay,dine_in,STF120
ORD02210,OUT009,2023-06-25,13:13:28,22000,Tunai,takeaway,STF053
ORD01641,OUT002,2023-06-25,13:15:11,101000,Tunai,dine_in,STF007
ORD01422,OUT006,2023-06-25,17:17:42,38000,QRIS,delivery,STF036
ORD02221,OUT017,2023-06-25,17:40:14,74000,Tunai,takeaway,STF099
ORD02324,OUT014,2023-06-26,09:43:43,52000,Kartu Debit,dine_in,STF080
ORD01806,OUT014,2023-06-26,18:32:54,26000,QRIS,dine_in,STF083
ORD01901,OUT013,2023-06-26,19:07:38,25000,GoPay,takeaway,STF077
ORD02008,OUT017,2023-06-27,13:22:24,128000,Kartu Debit,dine_in,STF101
ORD01851,OUT001,2023-06-27,14:04:53,66000,GoPay,dine_in,STF004
ORD01303,OUT006,2023-06-27,15:28:40,150000,Tunai,dine_in,STF031
ORD01043,OUT016,2023-06-27,16:23:03,114000,QRIS,takeaway,STF092
ORD01767,OUT004,2023-06-28,07:04:45,24000,OVO,dine_in,STF022
ORD01857,OUT020,2023-06-28,12:39:30,22000,QRIS,takeaway,STF116
ORD01426,OUT020,2023-06-28,16:49:37,40000,QRIS,dine_in,STF118
ORD01217,OUT006,2023-06-28,17:43:22,39000,QRIS,takeaway,STF036
ORD01418,OUT008,2023-06-28,21:47:38,37000,Kartu Debit,dine_in,STF047
ORD01650,OUT016,2023-06-28,22:59:18,197000,Tunai,dine_in,STF093
ORD01469,OUT011,2023-06-29,18:15:53,173000,Kartu Debit,dine_in,STF065
ORD01096,OUT017,2023-06-29,18:48:44,151000,Kartu Debit,dine_in,STF100
ORD01510,OUT013,2023-06-29,19:09:54,145000,GoPay,dine_in,STF073
ORD02404,OUT014,2023-06-29,19:55:51,72000,OVO,delivery,STF081
ORD02385,OUT014,2023-06-30,07:43:28,27000,QRIS,delivery,STF080
ORD02378,OUT010,2023-06-30,16:17:59,92000,OVO,dine_in,STF055
ORD01087,OUT013,2023-06-30,18:54:42,130000,OVO,takeaway,STF077
ORD01071,OUT003,2023-06-30,19:12:34,140000,OVO,delivery,STF013
ORD02265,OUT006,2023-07-01,12:37:36,26000,GoPay,delivery,STF031
ORD01868,OUT014,2023-07-01,13:42:47,98000,OVO,takeaway,STF080
ORD01041,OUT010,2023-07-01,22:02:59,58000,QRIS,dine_in,STF057
ORD01853,OUT014,2023-07-02,10:25:51,98000,QRIS,takeaway,STF082
ORD01955,OUT013,2023-07-02,11:15:47,69000,OVO,delivery,STF076
ORD01378,OUT013,2023-07-02,17:25:12,118000,OVO,takeaway,STF076
ORD02068,OUT004,2023-07-02,18:43:36,24000,QRIS,dine_in,STF022
ORD02415,OUT019,2023-07-03,07:27:05,149000,OVO,dine_in,STF112
ORD01239,OUT008,2023-07-03,12:52:55,39000,OVO,delivery,STF046
ORD02386,OUT020,2023-07-03,19:59:13,24000,QRIS,takeaway,STF116
ORD01029,OUT012,2023-07-04,13:27:46,56000,QRIS,takeaway,STF068
ORD01216,OUT010,2023-07-04,15:31:19,21000,OVO,takeaway,STF056
ORD01975,OUT014,2023-07-04,16:42:49,67000,OVO,dine_in,STF082
ORD02393,OUT007,2023-07-04,20:04:13,35000,Kartu Debit,dine_in,STF037
ORD01897,OUT006,2023-07-05,12:02:49,107000,Tunai,delivery,STF032
ORD02430,OUT006,2023-07-05,13:43:26,147000,Kartu Debit,takeaway,STF035
ORD01867,OUT007,2023-07-05,15:23:14,51000,OVO,dine_in,STF042
ORD01358,OUT002,2023-07-05,17:04:51,132000,GoPay,delivery,STF007
ORD02144,OUT005,2023-07-05,17:53:54,27000,Tunai,dine_in,STF027
ORD01922,OUT010,2023-07-05,21:08:40,127000,OVO,delivery,STF055
ORD01645,OUT001,2023-07-06,07:08:47,29000,QRIS,dine_in,STF006
ORD01387,OUT016,2023-07-06,07:28:54,76000,QRIS,dine_in,STF093
ORD02141,OUT012,2023-07-06,07:30:55,108000,OVO,dine_in,STF071
ORD02072,OUT004,2023-07-06,07:36:27,58000,QRIS,takeaway,STF023
ORD01739,OUT006,2023-07-06,13:07:50,105000,OVO,dine_in,STF032
ORD01843,OUT014,2023-07-06,17:09:19,105000,QRIS,takeaway,STF081
ORD01181,OUT014,2023-07-06,17:50:45,108000,Tunai,dine_in,STF080
ORD02273,OUT017,2023-07-06,19:55:01,41000,GoPay,dine_in,STF102
ORD01956,OUT014,2023-07-07,08:58:12,28000,Kartu Debit,dine_in,STF082
ORD01978,OUT020,2023-07-07,17:59:08,112000,GoPay,delivery,STF115
ORD02257,OUT013,2023-07-07,18:29:44,22000,Tunai,delivery,STF076
ORD01173,OUT012,2023-07-07,18:31:33,28000,OVO,dine_in,STF072
ORD01657,OUT009,2023-07-07,18:51:20,63000,Kartu Debit,takeaway,STF053
ORD01186,OUT006,2023-07-08,07:33:13,97000,GoPay,delivery,STF035
ORD01809,OUT008,2023-07-08,08:31:11,27000,OVO,dine_in,STF045
ORD01592,OUT003,2023-07-08,09:33:23,63000,QRIS,delivery,STF018
ORD02434,OUT007,2023-07-08,09:54:03,27000,QRIS,delivery,STF042
ORD02258,OUT012,2023-07-08,12:20:57,49000,Tunai,dine_in,STF071
ORD02440,OUT010,2023-07-08,13:17:06,81000,QRIS,delivery,STF055
ORD01086,OUT004,2023-07-08,13:24:42,42000,QRIS,delivery,STF022
ORD01283,OUT020,2023-07-08,17:45:37,41000,QRIS,dine_in,STF120
ORD01117,OUT005,2023-07-08,20:13:06,100000,OVO,delivery,STF027
ORD02384,OUT019,2023-07-08,21:19:29,63000,QRIS,delivery,STF114
ORD01647,OUT001,2023-07-09,18:33:56,40000,Tunai,dine_in,STF005
ORD01649,OUT016,2023-07-09,18:38:23,89000,OVO,dine_in,STF096
ORD01337,OUT010,2023-07-09,18:58:00,138000,Tunai,dine_in,STF059
ORD02142,OUT007,2023-07-09,19:19:25,165000,OVO,takeaway,STF041
ORD02199,OUT009,2023-07-09,19:21:37,110000,OVO,dine_in,STF050
ORD02154,OUT020,2023-07-09,19:51:29,88000,GoPay,dine_in,STF120
ORD02368,OUT019,2023-07-09,19:54:12,87000,Kartu Debit,delivery,STF114
ORD02443,OUT003,2023-07-09,22:35:20,123000,Kartu Debit,dine_in,STF013
ORD02366,OUT009,2023-07-10,07:21:39,54000,Tunai,dine_in,STF051
ORD01961,OUT001,2023-07-10,18:25:21,24000,Tunai,takeaway,STF004
ORD01285,OUT010,2023-07-10,19:02:20,52000,QRIS,delivery,STF059
ORD01100,OUT006,2023-07-11,08:43:53,74000,QRIS,dine_in,STF031
ORD01169,OUT011,2023-07-11,08:59:33,47000,QRIS,takeaway,STF065
ORD01569,OUT005,2023-07-11,15:55:08,67000,GoPay,dine_in,STF026
ORD01729,OUT003,2023-07-11,16:37:53,24000,OVO,dine_in,STF015
ORD01821,OUT007,2023-07-11,18:56:55,131000,GoPay,dine_in,STF037
ORD02001,OUT008,2023-07-11,19:25:47,26000,QRIS,dine_in,STF045
ORD01964,OUT013,2023-07-12,13:19:28,90000,OVO,dine_in,STF078
ORD01449,OUT009,2023-07-12,20:16:57,57000,OVO,dine_in,STF053
ORD01587,OUT008,2023-07-13,11:26:35,48000,Tunai,dine_in,STF045
ORD02026,OUT009,2023-07-13,13:11:23,35000,Kartu Debit,dine_in,STF051
ORD01404,OUT014,2023-07-13,18:16:39,89000,QRIS,dine_in,STF084
ORD01281,OUT006,2023-07-14,07:35:54,94000,GoPay,delivery,STF035
ORD01082,OUT019,2023-07-14,07:43:33,25000,OVO,takeaway,STF112
ORD02171,OUT017,2023-07-14,08:54:00,133000,OVO,dine_in,STF099
ORD01206,OUT012,2023-07-14,09:51:47,95000,Kartu Debit,delivery,STF068
ORD02478,OUT012,2023-07-14,13:24:38,40000,QRIS,dine_in,STF068
ORD02288,OUT009,2023-07-14,15:11:47,78000,QRIS,takeaway,STF050
ORD02251,OUT011,2023-07-14,16:17:32,30000,Kartu Debit,dine_in,STF064
ORD02499,OUT007,2023-07-14,19:23:28,39000,Tunai,dine_in,STF040
ORD01190,OUT016,2023-07-15,14:46:06,134000,QRIS,dine_in,STF096
ORD02121,OUT001,2023-07-16,12:29:59,122000,GoPay,takeaway,STF006
ORD02452,OUT009,2023-07-16,13:50:36,28000,Tunai,delivery,STF051
ORD02138,OUT006,2023-07-16,18:13:46,240000,QRIS,delivery,STF031
ORD01842,OUT009,2023-07-16,18:32:59,168000,QRIS,delivery,STF051
ORD02005,OUT006,2023-07-17,12:13:38,53000,QRIS,takeaway,STF034
ORD01133,OUT001,2023-07-17,13:04:20,127000,Kartu Debit,dine_in,STF001
ORD01604,OUT001,2023-07-17,15:42:14,171000,Kartu Debit,dine_in,STF004
ORD01393,OUT011,2023-07-17,17:18:45,72000,OVO,takeaway,STF062
ORD01596,OUT002,2023-07-18,08:36:26,133000,OVO,dine_in,STF008
ORD01753,OUT006,2023-07-18,16:22:48,157000,QRIS,dine_in,STF032
ORD01432,OUT012,2023-07-18,17:16:49,175000,Tunai,dine_in,STF071
ORD01768,OUT006,2023-07-18,17:16:52,113000,OVO,dine_in,STF032
ORD02361,OUT016,2023-07-18,19:24:24,67000,GoPay,delivery,STF096
ORD02030,OUT007,2023-07-19,07:32:30,26000,Kartu Debit,takeaway,STF039
ORD02023,OUT005,2023-07-19,12:54:21,120000,GoPay,delivery,STF029
ORD01168,OUT012,2023-07-19,17:21:43,36000,QRIS,takeaway,STF068
ORD02242,OUT009,2023-07-19,18:38:33,123000,Kartu Debit,dine_in,STF050
ORD02052,OUT019,2023-07-19,19:33:54,67000,OVO,delivery,STF114
ORD01771,OUT005,2023-07-19,19:41:23,40000,QRIS,dine_in,STF025
ORD01940,OUT019,2023-07-19,21:06:21,28000,QRIS,takeaway,STF113
ORD01114,OUT004,2023-07-20,17:07:56,72000,Tunai,takeaway,STF019
ORD01150,OUT010,2023-07-20,18:28:56,102000,GoPay,delivery,STF058
ORD01866,OUT010,2023-07-20,18:57:26,51000,Kartu Debit,delivery,STF058
ORD01527,OUT004,2023-07-20,19:24:38,87000,Kartu Debit,delivery,STF023
ORD01636,OUT013,2023-07-21,08:15:32,33000,QRIS,takeaway,STF078
ORD01336,OUT009,2023-07-21,18:38:49,33000,QRIS,dine_in,STF050
ORD02082,OUT006,2023-07-22,07:16:31,92000,OVO,takeaway,STF035
ORD02240,OUT002,2023-07-22,12:44:56,129000,OVO,dine_in,STF012
ORD01065,OUT009,2023-07-22,17:14:02,67000,OVO,takeaway,STF050
ORD01013,OUT011,2023-07-22,18:46:59,88000,QRIS,takeaway,STF064
ORD01622,OUT017,2023-07-22,18:53:34,101000,QRIS,dine_in,STF097
ORD01338,OUT013,2023-07-23,13:11:07,199000,OVO,dine_in,STF077
ORD01400,OUT006,2023-07-23,18:13:10,26000,Tunai,delivery,STF033
ORD01818,OUT020,2023-07-23,19:13:27,29000,QRIS,delivery,STF120
ORD01676,OUT011,2023-07-23,22:04:54,29000,QRIS,delivery,STF065
ORD02425,OUT012,2023-07-24,07:15:01,68000,QRIS,takeaway,STF072
ORD01145,OUT009,2023-07-24,08:37:50,100000,Kartu Debit,dine_in,STF053
ORD02208,OUT002,2023-07-24,08:44:42,153000,QRIS,delivery,STF007
ORD01409,OUT010,2023-07-24,10:38:27,37000,Kartu Debit,dine_in,STF056
ORD02110,OUT020,2023-07-24,13:25:40,51000,QRIS,dine_in,STF120
ORD02201,OUT008,2023-07-24,18:42:52,37000,GoPay,takeaway,STF047
ORD01270,OUT020,2023-07-25,07:02:52,29000,GoPay,dine_in,STF116
ORD01625,OUT012,2023-07-25,07:05:30,119000,Tunai,dine_in,STF069
ORD01885,OUT008,2023-07-25,07:54:43,75000,GoPay,takeaway,STF044
ORD02323,OUT020,2023-07-25,08:14:38,116000,QRIS,takeaway,STF120
ORD01908,OUT008,2023-07-25,09:48:22,141000,Tunai,dine_in,STF048
ORD01546,OUT007,2023-07-26,11:29:46,79000,OVO,dine_in,STF037
ORD01743,OUT013,2023-07-26,12:36:54,113000,GoPay,dine_in,STF077
ORD01490,OUT002,2023-07-26,18:48:33,50000,Kartu Debit,dine_in,STF011
ORD01920,OUT007,2023-07-27,10:44:34,92000,QRIS,dine_in,STF041
ORD01352,OUT020,2023-07-27,12:45:05,115000,QRIS,delivery,STF120
ORD01516,OUT013,2023-07-27,19:01:22,82000,GoPay,dine_in,STF073
ORD02468,OUT008,2023-07-27,22:47:03,29000,GoPay,takeaway,STF048
ORD01734,OUT002,2023-07-28,07:09:55,35000,QRIS,takeaway,STF008
ORD01140,OUT002,2023-07-28,07:35:30,177000,GoPay,takeaway,STF007
ORD02056,OUT002,2023-07-28,18:58:10,25000,OVO,dine_in,STF008
ORD01129,OUT005,2023-07-28,19:46:10,45000,OVO,takeaway,STF026
ORD01479,OUT007,2023-07-29,07:00:21,36000,QRIS,takeaway,STF041
ORD01464,OUT013,2023-07-29,08:18:11,102000,QRIS,dine_in,STF077
ORD01202,OUT016,2023-07-29,18:08:03,91000,GoPay,takeaway,STF096
ORD02416,OUT006,2023-07-29,19:29:01,67000,Kartu Debit,takeaway,STF035
ORD02297,OUT020,2023-07-29,20:17:58,74000,Kartu Debit,takeaway,STF120
ORD01939,OUT001,2023-07-29,21:44:54,73000,Tunai,dine_in,STF005
ORD01702,OUT016,2023-07-30,07:55:09,27000,GoPay,delivery,STF093
ORD01331,OUT007,2023-07-30,17:41:35,167000,Kartu Debit,dine_in,STF039
ORD01244,OUT009,2023-07-31,07:50:14,177000,OVO,takeaway,STF050
ORD01525,OUT017,2023-07-31,08:28:56,93000,QRIS,takeaway,STF097
ORD01088,OUT007,2023-07-31,12:09:18,83000,OVO,dine_in,STF040
ORD01292,OUT007,2023-07-31,17:16:17,153000,QRIS,delivery,STF037
ORD02402,OUT006,2023-07-31,17:27:32,77000,OVO,takeaway,STF035
ORD01593,OUT019,2023-07-31,18:29:41,25000,Tunai,dine_in,STF111
ORD01748,OUT001,2023-07-31,19:46:34,25000,GoPay,dine_in,STF006
ORD01049,OUT012,2023-07-31,20:36:21,52000,OVO,dine_in,STF069
ORD01722,OUT013,2023-08-01,07:00:08,144000,OVO,delivery,STF077
ORD01744,OUT014,2023-08-02,12:30:50,52000,QRIS,dine_in,STF080
ORD01257,OUT017,2023-08-02,12:44:37,168000,Kartu Debit,dine_in,STF101
ORD02371,OUT005,2023-08-02,18:19:32,44000,QRIS,takeaway,STF026
ORD01328,OUT012,2023-08-02,19:29:48,76000,GoPay,dine_in,STF069
ORD01923,OUT003,2023-08-03,07:04:56,44000,OVO,dine_in,STF018
ORD01786,OUT008,2023-08-03,09:19:37,37000,Tunai,dine_in,STF044
ORD01468,OUT002,2023-08-03,12:44:48,54000,Tunai,takeaway,STF007
ORD02198,OUT001,2023-08-03,13:47:25,88000,GoPay,dine_in,STF002
ORD01056,OUT013,2023-08-03,14:50:54,39000,OVO,delivery,STF076
ORD01820,OUT012,2023-08-03,18:53:03,52000,GoPay,dine_in,STF069
ORD02340,OUT010,2023-08-03,19:27:00,73000,OVO,takeaway,STF055
ORD02192,OUT019,2023-08-04,08:57:12,27000,QRIS,takeaway,STF113
ORD01653,OUT004,2023-08-04,16:34:27,27000,GoPay,takeaway,STF019
ORD01958,OUT012,2023-08-04,17:44:48,239000,Tunai,takeaway,STF072
ORD01644,OUT009,2023-08-04,22:51:24,28000,QRIS,dine_in,STF051
ORD01861,OUT017,2023-08-05,08:40:14,73000,Tunai,dine_in,STF098
ORD02152,OUT008,2023-08-05,12:58:40,39000,Tunai,takeaway,STF043
ORD01185,OUT008,2023-08-05,18:50:28,29000,Kartu Debit,dine_in,STF048
ORD01581,OUT009,2023-08-05,19:27:42,21000,GoPay,dine_in,STF053
ORD01882,OUT002,2023-08-06,07:38:53,99000,QRIS,dine_in,STF007
ORD01522,OUT019,2023-08-06,07:40:07,49000,GoPay,dine_in,STF114
ORD01731,OUT014,2023-08-06,08:03:44,40000,QRIS,dine_in,STF083
ORD01132,OUT005,2023-08-07,07:02:12,104000,GoPay,takeaway,STF026
ORD02331,OUT003,2023-08-07,07:51:06,64000,Tunai,dine_in,STF013
ORD02188,OUT006,2023-08-07,18:49:59,90000,OVO,dine_in,STF036
ORD02012,OUT019,2023-08-08,07:14:21,52000,OVO,delivery,STF114
ORD01544,OUT016,2023-08-08,07:20:12,45000,Kartu Debit,delivery,STF096
ORD01540,OUT014,2023-08-08,07:28:41,48000,QRIS,delivery,STF080
ORD01741,OUT014,2023-08-08,08:47:03,63000,Kartu Debit,takeaway,STF081
ORD02359,OUT016,2023-08-09,19:12:43,73000,Kartu Debit,delivery,STF096
ORD02009,OUT008,2023-08-10,18:31:06,52000,OVO,takeaway,STF047
ORD01770,OUT011,2023-08-10,18:58:25,130000,OVO,dine_in,STF063
ORD01275,OUT014,2023-08-10,19:27:17,264000,GoPay,dine_in,STF079
ORD01342,OUT006,2023-08-10,21:16:17,40000,Kartu Debit,delivery,STF036
ORD01143,OUT005,2023-08-11,09:50:35,70000,QRIS,takeaway,STF029
ORD01745,OUT013,2023-08-11,14:21:13,49000,Tunai,takeaway,STF077
ORD02334,OUT014,2023-08-11,16:16:58,102000,QRIS,dine_in,STF084
ORD02105,OUT002,2023-08-11,17:46:26,107000,QRIS,dine_in,STF007
ORD01219,OUT013,2023-08-12,09:22:37,97000,GoPay,takeaway,STF075
ORD01560,OUT020,2023-08-12,13:39:12,41000,Kartu Debit,delivery,STF116
ORD01765,OUT007,2023-08-12,17:23:31,35000,QRIS,dine_in,STF040
ORD01489,OUT008,2023-08-13,09:36:07,29000,Tunai,dine_in,STF046
ORD01903,OUT013,2023-08-14,07:23:23,68000,QRIS,dine_in,STF077
ORD01989,OUT010,2023-08-14,08:37:22,72000,GoPay,delivery,STF058
ORD02420,OUT010,2023-08-14,12:32:12,56000,GoPay,dine_in,STF057
ORD01890,OUT011,2023-08-15,13:27:49,29000,QRIS,dine_in,STF061
ORD01026,OUT016,2023-08-15,13:54:39,26000,Kartu Debit,dine_in,STF092
ORD01877,OUT019,2023-08-15,17:12:35,147000,Kartu Debit,delivery,STF113
ORD02405,OUT009,2023-08-15,18:22:53,76000,Tunai,delivery,STF050
ORD02211,OUT001,2023-08-15,18:44:38,63000,OVO,takeaway,STF004
ORD01695,OUT004,2023-08-16,07:24:25,155000,GoPay,takeaway,STF020
ORD02015,OUT010,2023-08-16,07:29:06,179000,OVO,takeaway,STF059
ORD01006,OUT008,2023-08-16,10:06:10,154000,GoPay,dine_in,STF048
ORD01423,OUT001,2023-08-16,13:09:48,60000,Tunai,takeaway,STF005
ORD01230,OUT019,2023-08-17,07:34:11,59000,GoPay,dine_in,STF113
ORD01900,OUT019,2023-08-17,07:56:49,101000,Tunai,delivery,STF111
ORD01203,OUT002,2023-08-17,12:42:47,88000,QRIS,delivery,STF011
ORD01297,OUT002,2023-08-17,15:45:03,117000,QRIS,dine_in,STF011
ORD02439,OUT014,2023-08-17,18:50:01,45000,QRIS,dine_in,STF079
ORD02435,OUT010,2023-08-17,21:40:31,89000,QRIS,dine_in,STF057
ORD01491,OUT009,2023-08-18,08:32:10,212000,GoPay,dine_in,STF053
ORD01856,OUT007,2023-08-18,09:25:52,47000,OVO,dine_in,STF038
ORD02493,OUT017,2023-08-18,12:53:21,47000,GoPay,takeaway,STF102
ORD01020,OUT017,2023-08-18,13:45:17,39000,Tunai,takeaway,STF101
ORD01566,OUT004,2023-08-18,14:01:00,44000,Tunai,takeaway,STF020
ORD01959,OUT007,2023-08-18,15:25:27,45000,GoPay,dine_in,STF042
ORD01630,OUT009,2023-08-18,17:00:49,18000,OVO,takeaway,STF051
ORD02243,OUT010,2023-08-18,17:09:02,70000,OVO,dine_in,STF060
ORD01039,OUT005,2023-08-19,11:41:50,60000,OVO,takeaway,STF026
ORD01180,OUT014,2023-08-19,12:19:55,136000,GoPay,dine_in,STF082
ORD02238,OUT005,2023-08-19,16:15:15,93000,GoPay,dine_in,STF029
ORD01236,OUT009,2023-08-20,08:04:28,72000,GoPay,dine_in,STF053
ORD01340,OUT002,2023-08-20,08:42:49,84000,QRIS,dine_in,STF007
ORD01253,OUT006,2023-08-20,13:44:42,20000,QRIS,dine_in,STF034
ORD01951,OUT020,2023-08-20,22:52:31,79000,OVO,takeaway,STF118
ORD01167,OUT020,2023-08-21,07:25:41,52000,GoPay,delivery,STF116
ORD01483,OUT001,2023-08-21,08:26:03,29000,GoPay,dine_in,STF004
ORD01606,OUT003,2023-08-21,08:33:10,78000,Tunai,takeaway,STF018
ORD01862,OUT019,2023-08-22,08:31:17,56000,GoPay,takeaway,STF111
ORD01609,OUT004,2023-08-22,19:51:11,39000,QRIS,dine_in,STF022
ORD02285,OUT004,2023-08-23,08:36:28,68000,QRIS,takeaway,STF019
ORD01381,OUT010,2023-08-23,12:26:13,45000,Tunai,dine_in,STF055
ORD01553,OUT020,2023-08-23,17:14:47,123000,Tunai,dine_in,STF116
ORD01090,OUT017,2023-08-23,17:32:41,67000,GoPay,dine_in,STF099
ORD01838,OUT001,2023-08-23,18:18:30,40000,Kartu Debit,dine_in,STF005
ORD02045,OUT013,2023-08-23,18:27:54,29000,GoPay,dine_in,STF077
ORD01855,OUT006,2023-08-24,12:37:10,58000,GoPay,takeaway,STF034
ORD01106,OUT011,2023-08-24,12:54:21,127000,GoPay,dine_in,STF061
ORD01583,OUT007,2023-08-24,13:42:57,118000,QRIS,takeaway,STF039
ORD02075,OUT011,2023-08-24,19:07:50,64000,OVO,dine_in,STF063
ORD01271,OUT013,2023-08-25,07:02:58,170000,GoPay,takeaway,STF078
ORD02037,OUT001,2023-08-25,07:21:59,52000,OVO,dine_in,STF006
ORD02325,OUT019,2023-08-25,08:25:41,60000,QRIS,dine_in,STF113
ORD02011,OUT009,2023-08-25,08:49:18,60000,Tunai,dine_in,STF050
ORD02313,OUT002,2023-08-25,15:49:48,51000,GoPay,delivery,STF011
ORD02190,OUT002,2023-08-25,20:23:32,49000,OVO,takeaway,STF012
ORD01616,OUT019,2023-08-26,07:08:23,200000,Tunai,dine_in,STF114
ORD01369,OUT006,2023-08-26,07:56:40,51000,Tunai,delivery,STF033
ORD01316,OUT016,2023-08-26,11:00:58,71000,QRIS,dine_in,STF092
ORD01064,OUT014,2023-08-26,14:59:20,56000,Tunai,dine_in,STF082
ORD01681,OUT019,2023-08-26,17:31:42,136000,QRIS,takeaway,STF113
ORD01223,OUT007,2023-08-26,18:07:52,89000,QRIS,dine_in,STF041
ORD01872,OUT013,2023-08-26,19:00:03,21000,QRIS,dine_in,STF076
ORD01121,OUT005,2023-08-27,08:43:44,153000,OVO,dine_in,STF027
ORD02215,OUT005,2023-08-27,08:57:07,65000,GoPay,delivery,STF027
ORD02456,OUT019,2023-08-27,12:45:56,48000,QRIS,dine_in,STF114
ORD02050,OUT017,2023-08-27,13:23:18,39000,Kartu Debit,delivery,STF099
ORD01886,OUT013,2023-08-27,17:04:07,75000,Kartu Debit,dine_in,STF076
ORD01040,OUT013,2023-08-27,18:56:13,119000,QRIS,dine_in,STF077
ORD01696,OUT003,2023-08-28,08:18:49,88000,GoPay,dine_in,STF015
ORD01226,OUT007,2023-08-28,13:52:57,72000,QRIS,dine_in,STF037
ORD01294,OUT003,2023-08-28,13:56:50,25000,Kartu Debit,dine_in,STF017
ORD01110,OUT014,2023-08-28,17:03:00,49000,Tunai,dine_in,STF080
ORD02054,OUT012,2023-08-28,18:13:36,22000,Tunai,takeaway,STF069
ORD01051,OUT017,2023-08-29,13:27:54,84000,OVO,dine_in,STF098
ORD01037,OUT017,2023-08-29,18:25:56,219000,QRIS,takeaway,STF102
ORD01486,OUT005,2023-08-29,18:29:38,197000,OVO,delivery,STF025
ORD01326,OUT003,2023-08-29,19:38:02,29000,GoPay,takeaway,STF018
ORD02218,OUT002,2023-08-30,08:18:14,140000,OVO,takeaway,STF012
ORD01518,OUT019,2023-08-30,08:31:09,36000,GoPay,delivery,STF114
ORD01692,OUT016,2023-08-30,13:29:23,135000,Tunai,dine_in,STF092
ORD02214,OUT019,2023-08-30,13:46:45,181000,QRIS,takeaway,STF111
ORD01523,OUT001,2023-08-30,21:33:47,66000,GoPay,takeaway,STF002
ORD02294,OUT007,2023-08-31,08:00:44,119000,QRIS,dine_in,STF040
ORD02374,OUT013,2023-08-31,13:45:02,22000,QRIS,dine_in,STF078
ORD02262,OUT005,2023-08-31,15:29:12,36000,GoPay,takeaway,STF026
ORD01670,OUT014,2023-08-31,18:32:10,58000,QRIS,takeaway,STF082
ORD01485,OUT016,2023-08-31,19:39:01,68000,OVO,delivery,STF092
ORD01520,OUT010,2023-09-01,14:06:48,39000,Kartu Debit,takeaway,STF060
ORD01146,OUT006,2023-09-02,07:00:42,72000,QRIS,takeaway,STF035
ORD01318,OUT019,2023-09-02,12:21:35,99000,Tunai,dine_in,STF113
ORD02080,OUT008,2023-09-02,12:56:10,105000,QRIS,dine_in,STF048
ORD01435,OUT014,2023-09-02,13:49:11,52000,GoPay,dine_in,STF079
ORD01934,OUT019,2023-09-02,18:51:18,126000,GoPay,dine_in,STF112
ORD01668,OUT010,2023-09-02,19:28:00,51000,OVO,takeaway,STF057
ORD01308,OUT016,2023-09-02,19:44:57,29000,OVO,takeaway,STF096
ORD01030,OUT009,2023-09-03,08:54:37,42000,Tunai,takeaway,STF053
ORD02247,OUT012,2023-09-03,13:11:12,28000,Tunai,dine_in,STF071
ORD01048,OUT017,2023-09-03,17:19:51,57000,OVO,dine_in,STF098
ORD01626,OUT011,2023-09-03,19:41:58,58000,Kartu Debit,delivery,STF063
ORD02006,OUT001,2023-09-04,09:42:50,114000,Tunai,delivery,STF006
ORD01773,OUT019,2023-09-04,10:56:00,36000,GoPay,delivery,STF114
ORD02069,OUT002,2023-09-04,19:21:18,52000,Kartu Debit,takeaway,STF008
ORD02049,OUT006,2023-09-05,17:49:54,62000,Tunai,dine_in,STF035
ORD02375,OUT019,2023-09-05,18:08:03,39000,Tunai,takeaway,STF113
ORD02272,OUT003,2023-09-05,19:41:13,80000,Kartu Debit,takeaway,STF018
ORD02117,OUT009,2023-09-06,08:37:35,47000,QRIS,dine_in,STF051
ORD02428,OUT016,2023-09-06,13:37:51,27000,QRIS,delivery,STF092
ORD02490,OUT019,2023-09-06,16:31:28,95000,Tunai,dine_in,STF113
ORD02143,OUT012,2023-09-06,19:14:38,180000,Kartu Debit,dine_in,STF070
ORD02302,OUT001,2023-09-07,10:07:26,217000,GoPay,dine_in,STF004
ORD01234,OUT006,2023-09-07,19:44:35,118000,Tunai,dine_in,STF033
ORD01661,OUT014,2023-09-08,08:54:52,65000,GoPay,delivery,STF084
ORD02018,OUT002,2023-09-08,18:38:11,79000,QRIS,dine_in,STF009
ORD02166,OUT006,2023-09-08,20:48:56,41000,OVO,delivery,STF034
ORD01466,OUT005,2023-09-09,07:16:09,58000,QRIS,takeaway,STF026
ORD02112,OUT001,2023-09-09,15:06:28,26000,Tunai,takeaway,STF005
ORD02209,OUT009,2023-09-09,19:36:26,24000,Kartu Debit,dine_in,STF053
ORD01533,OUT005,2023-09-09,19:37:50,49000,QRIS,dine_in,STF027
ORD02309,OUT014,2023-09-09,21:55:26,72000,Kartu Debit,dine_in,STF083
ORD01980,OUT012,2023-09-10,08:35:40,29000,QRIS,dine_in,STF069
ORD01154,OUT016,2023-09-11,12:24:07,34000,GoPay,dine_in,STF093
ORD01585,OUT003,2023-09-11,13:11:19,95000,Kartu Debit,dine_in,STF013
ORD01598,OUT020,2023-09-11,21:01:26,243000,QRIS,dine_in,STF116
ORD01563,OUT008,2023-09-12,07:30:29,48000,OVO,takeaway,STF045
ORD01362,OUT019,2023-09-12,08:27:31,66000,QRIS,dine_in,STF111
ORD02148,OUT020,2023-09-12,08:43:59,24000,OVO,dine_in,STF115
ORD02029,OUT009,2023-09-12,15:24:42,135000,GoPay,dine_in,STF050
ORD02363,OUT006,2023-09-12,16:02:10,232000,GoPay,dine_in,STF034
ORD01367,OUT014,2023-09-12,17:28:37,21000,QRIS,dine_in,STF079
ORD01996,OUT017,2023-09-13,08:17:39,68000,QRIS,dine_in,STF099
ORD01819,OUT013,2023-09-13,09:44:13,105000,QRIS,dine_in,STF076
ORD01134,OUT017,2023-09-13,11:39:13,90000,QRIS,dine_in,STF099
ORD01335,OUT009,2023-09-13,13:25:37,48000,Kartu Debit,delivery,STF051
ORD02382,OUT005,2023-09-13,13:29:27,27000,OVO,takeaway,STF026
ORD01545,OUT016,2023-09-13,18:16:10,83000,QRIS,dine_in,STF096
ORD01912,OUT020,2023-09-13,20:22:33,275000,Kartu Debit,dine_in,STF115
ORD01833,OUT004,2023-09-14,12:08:44,86000,Kartu Debit,takeaway,STF024
ORD01537,OUT002,2023-09-14,12:24:51,30000,OVO,delivery,STF011
ORD01761,OUT009,2023-09-14,17:19:35,21000,OVO,dine_in,STF050
ORD01374,OUT011,2023-09-14,17:46:30,46000,Kartu Debit,dine_in,STF065
ORD01966,OUT019,2023-09-14,18:05:34,22000,Kartu Debit,delivery,STF114
ORD01624,OUT017,2023-09-14,19:06:39,68000,OVO,takeaway,STF101
ORD02357,OUT011,2023-09-14,19:08:44,30000,QRIS,dine_in,STF063
ORD01614,OUT009,2023-09-14,21:50:23,54000,Kartu Debit,dine_in,STF053
ORD01147,OUT013,2023-09-15,07:42:12,24000,Tunai,dine_in,STF073
ORD01287,OUT006,2023-09-15,17:39:20,18000,Kartu Debit,dine_in,STF031
ORD01889,OUT002,2023-09-15,19:39:09,52000,GoPay,dine_in,STF012
ORD01016,OUT019,2023-09-15,19:53:44,51000,Tunai,delivery,STF112
ORD02329,OUT019,2023-09-16,07:09:47,66000,GoPay,dine_in,STF112
ORD01092,OUT020,2023-09-16,07:30:12,83000,GoPay,dine_in,STF118
ORD01351,OUT004,2023-09-16,13:24:02,52000,GoPay,dine_in,STF023
ORD01639,OUT002,2023-09-16,22:02:38,136000,GoPay,dine_in,STF007
ORD02139,OUT019,2023-09-17,11:59:58,180000,OVO,delivery,STF113
ORD01496,OUT020,2023-09-17,12:24:15,152000,GoPay,dine_in,STF115
ORD01306,OUT002,2023-09-17,16:04:04,166000,QRIS,dine_in,STF012
ORD01003,OUT001,2023-09-17,17:11:29,18000,OVO,delivery,STF006
ORD01471,OUT003,2023-09-17,17:30:28,99000,Tunai,delivery,STF015
ORD01195,OUT019,2023-09-18,13:31:45,58000,OVO,dine_in,STF112
ORD01870,OUT001,2023-09-18,16:15:10,78000,Kartu Debit,delivery,STF005
ORD01125,OUT019,2023-09-18,17:24:06,103000,QRIS,takeaway,STF114
ORD02326,OUT020,2023-09-18,17:37:22,112000,Kartu Debit,takeaway,STF115
ORD01823,OUT013,2023-09-18,18:13:53,83000,OVO,dine_in,STF078
ORD01685,OUT020,2023-09-18,19:14:53,172000,OVO,takeaway,STF115
ORD01460,OUT019,2023-09-18,19:25:08,102000,QRIS,dine_in,STF112
ORD01960,OUT014,2023-09-19,07:17:46,72000,QRIS,delivery,STF083
ORD01615,OUT009,2023-09-19,07:22:55,167000,Kartu Debit,takeaway,STF051
ORD02178,OUT020,2023-09-19,19:53:19,81000,GoPay,dine_in,STF116
ORD01383,OUT017,2023-09-20,09:29:16,20000,GoPay,dine_in,STF099
ORD02213,OUT005,2023-09-20,11:57:25,90000,Kartu Debit,delivery,STF025
ORD02432,OUT010,2023-09-20,17:47:07,47000,Kartu Debit,dine_in,STF060
ORD01445,OUT002,2023-09-20,17:56:11,94000,Tunai,dine_in,STF009
ORD01120,OUT010,2023-09-20,19:33:32,77000,GoPay,delivery,STF056
ORD02183,OUT001,2023-09-21,13:27:43,58000,Kartu Debit,dine_in,STF002
ORD01679,OUT011,2023-09-21,13:39:17,34000,Tunai,delivery,STF064
ORD01245,OUT020,2023-09-21,17:24:36,72000,OVO,delivery,STF115
ORD02284,OUT009,2023-09-22,13:45:17,51000,GoPay,takeaway,STF050
ORD01945,OUT008,2023-09-22,14:48:47,49000,QRIS,takeaway,STF043
ORD02411,OUT012,2023-09-22,17:28:40,78000,Tunai,takeaway,STF069
ORD01992,OUT019,2023-09-22,17:46:19,86000,Kartu Debit,takeaway,STF114
ORD01711,OUT020,2023-09-22,18:48:25,128000,Kartu Debit,takeaway,STF115
ORD01160,OUT013,2023-09-23,11:55:50,52000,GoPay,dine_in,STF073
ORD01707,OUT014,2023-09-23,14:12:21,18000,QRIS,delivery,STF082
ORD02355,OUT001,2023-09-23,19:17:49,151000,GoPay,delivery,STF006
ORD01730,OUT019,2023-09-23,19:20:13,28000,GoPay,dine_in,STF111
ORD01817,OUT005,2023-09-24,07:07:04,52000,GoPay,dine_in,STF025
ORD01769,OUT009,2023-09-24,12:27:24,138000,Tunai,dine_in,STF053
ORD01452,OUT012,2023-09-24,17:47:07,38000,Tunai,dine_in,STF069
ORD01101,OUT009,2023-09-24,17:56:28,84000,GoPay,takeaway,STF053
ORD02185,OUT007,2023-09-24,18:56:53,81000,GoPay,takeaway,STF039
ORD02448,OUT016,2023-09-24,19:26:49,52000,QRIS,takeaway,STF093
ORD01204,OUT010,2023-09-24,19:50:18,52000,GoPay,dine_in,STF055
ORD01691,OUT011,2023-09-24,19:55:01,30000,QRIS,dine_in,STF063
ORD01497,OUT004,2023-09-25,17:05:42,81000,Tunai,takeaway,STF022
ORD01808,OUT007,2023-09-26,07:06:49,109000,OVO,delivery,STF037
ORD01791,OUT005,2023-09-26,07:17:01,51000,GoPay,takeaway,STF029
ORD01027,OUT014,2023-09-26,07:31:32,104000,Tunai,dine_in,STF082
ORD01113,OUT020,2023-09-26,07:49:39,36000,Kartu Debit,delivery,STF116
ORD01078,OUT005,2023-09-26,10:23:07,36000,GoPay,dine_in,STF027
ORD02489,OUT009,2023-09-26,13:12:23,40000,QRIS,dine_in,STF053
ORD01619,OUT009,2023-09-26,17:55:51,21000,OVO,takeaway,STF050
ORD02289,OUT017,2023-09-27,12:51:01,20000,OVO,dine_in,STF102
ORD01122,OUT007,2023-09-27,12:56:45,104000,GoPay,takeaway,STF042
ORD01188,OUT020,2023-09-27,17:10:49,91000,QRIS,takeaway,STF115
ORD01123,OUT016,2023-09-27,19:07:34,51000,GoPay,takeaway,STF092
ORD01572,OUT012,2023-09-27,19:47:34,73000,GoPay,delivery,STF070
ORD01710,OUT019,2023-09-28,07:19:04,154000,OVO,takeaway,STF111
ORD01441,OUT002,2023-09-28,08:23:19,29000,Tunai,dine_in,STF009
ORD01278,OUT001,2023-09-28,13:35:35,69000,QRIS,delivery,STF006
ORD01579,OUT001,2023-09-28,13:42:02,118000,OVO,takeaway,STF004
ORD02275,OUT017,2023-09-28,18:09:22,70000,Kartu Debit,delivery,STF100
ORD02381,OUT003,2023-09-29,07:53:59,29000,QRIS,takeaway,STF017
ORD01444,OUT004,2023-09-29,07:55:50,56000,GoPay,delivery,STF020
ORD01414,OUT008,2023-09-29,07:59:22,116000,Tunai,delivery,STF044
ORD01077,OUT003,2023-09-29,13:19:47,27000,OVO,takeaway,STF013
ORD01111,OUT009,2023-09-29,13:36:07,117000,OVO,takeaway,STF050
ORD02014,OUT005,2023-09-29,15:40:40,25000,GoPay,delivery,STF026
ORD02248,OUT011,2023-09-29,17:30:13,29000,GoPay,dine_in,STF064
ORD02076,OUT019,2023-09-30,07:11:19,92000,Tunai,takeaway,STF114
ORD01115,OUT020,2023-09-30,08:33:12,24000,QRIS,delivery,STF116
ORD01643,OUT002,2023-09-30,11:58:40,111000,OVO,dine_in,STF011
ORD01848,OUT010,2023-09-30,12:33:41,109000,OVO,dine_in,STF060
ORD01450,OUT001,2023-09-30,17:10:06,95000,Kartu Debit,dine_in,STF006
ORD02316,OUT005,2023-09-30,19:10:49,30000,Kartu Debit,takeaway,STF026
ORD02451,OUT020,2023-09-30,19:19:17,23000,Tunai,takeaway,STF116
ORD01437,OUT008,2023-10-01,07:31:53,56000,GoPay,dine_in,STF045
ORD02150,OUT019,2023-10-01,08:01:26,104000,OVO,delivery,STF111
ORD01812,OUT013,2023-10-01,10:09:52,163000,Kartu Debit,dine_in,STF077
ORD01947,OUT017,2023-10-01,13:48:30,52000,GoPay,dine_in,STF100
ORD01109,OUT020,2023-10-01,17:58:49,54000,GoPay,dine_in,STF116
ORD01968,OUT011,2023-10-01,18:13:39,35000,QRIS,delivery,STF065
ORD01871,OUT011,2023-10-02,07:48:46,28000,OVO,dine_in,STF061
ORD01164,OUT019,2023-10-02,09:18:22,155000,QRIS,delivery,STF114
ORD01144,OUT020,2023-10-02,10:43:53,109000,Kartu Debit,dine_in,STF116
ORD02233,OUT011,2023-10-02,12:22:51,44000,GoPay,takeaway,STF062
ORD01266,OUT005,2023-10-02,17:32:42,90000,OVO,takeaway,STF029
ORD02500,OUT014,2023-10-02,19:50:29,37000,GoPay,takeaway,STF083
ORD01066,OUT009,2023-10-02,20:01:32,94000,Kartu Debit,delivery,STF053
ORD01382,OUT013,2023-10-04,08:35:50,135000,Tunai,dine_in,STF075
ORD02494,OUT020,2023-10-04,17:07:07,21000,GoPay,takeaway,STF116
ORD01985,OUT020,2023-10-04,17:28:46,60000,QRIS,dine_in,STF120
ORD01829,OUT011,2023-10-04,20:27:35,21000,QRIS,takeaway,STF062
ORD01197,OUT020,2023-10-04,21:33:32,27000,QRIS,takeaway,STF120
ORD01895,OUT014,2023-10-05,07:04:56,27000,OVO,takeaway,STF084
ORD02065,OUT006,2023-10-05,07:30:00,50000,GoPay,dine_in,STF031
ORD02401,OUT017,2023-10-05,07:43:21,39000,OVO,delivery,STF101
ORD01276,OUT016,2023-10-05,13:39:52,28000,Tunai,dine_in,STF096
ORD01166,OUT013,2023-10-05,17:36:58,56000,QRIS,takeaway,STF077
ORD01718,OUT012,2023-10-06,07:58:40,24000,QRIS,dine_in,STF072
ORD01221,OUT008,2023-10-06,09:52:45,75000,Tunai,delivery,STF048
ORD02447,OUT008,2023-10-06,13:33:10,39000,Tunai,dine_in,STF047
ORD02449,OUT001,2023-10-06,17:44:05,140000,GoPay,dine_in,STF002
ORD01269,OUT020,2023-10-06,19:10:56,58000,Tunai,dine_in,STF116
ORD01263,OUT011,2023-10-07,08:17:39,118000,OVO,dine_in,STF062
ORD01296,OUT020,2023-10-07,12:11:20,47000,OVO,dine_in,STF118
ORD01727,OUT007,2023-10-08,08:47:51,79000,OVO,dine_in,STF037
ORD01660,OUT017,2023-10-08,09:34:16,37000,OVO,dine_in,STF102
ORD02354,OUT013,2023-10-08,12:22:01,48000,OVO,dine_in,STF073
ORD01595,OUT004,2023-10-08,12:47:11,119000,QRIS,takeaway,STF023
ORD01914,OUT020,2023-10-08,17:53:57,35000,OVO,takeaway,STF115
ORD02437,OUT010,2023-10-08,20:29:57,29000,OVO,delivery,STF055
ORD01021,OUT013,2023-10-09,07:04:12,121000,OVO,takeaway,STF077
ORD01825,OUT016,2023-10-09,07:59:38,173000,GoPay,dine_in,STF093
ORD01248,OUT019,2023-10-09,12:38:03,72000,QRIS,takeaway,STF111
ORD02469,OUT014,2023-10-09,13:37:00,76000,OVO,takeaway,STF079
ORD02073,OUT005,2023-10-09,18:08:15,100000,OVO,delivery,STF026
ORD02445,OUT012,2023-10-10,07:05:06,73000,QRIS,dine_in,STF069
ORD02028,OUT007,2023-10-10,10:44:37,36000,OVO,takeaway,STF042
ORD02172,OUT011,2023-10-10,12:46:41,146000,GoPay,takeaway,STF064
ORD02477,OUT006,2023-10-10,14:55:13,45000,Tunai,takeaway,STF036
ORD02373,OUT006,2023-10-11,07:15:16,60000,OVO,dine_in,STF032
ORD02140,OUT013,2023-10-11,07:16:44,124000,GoPay,dine_in,STF076
ORD01284,OUT019,2023-10-11,07:51:45,29000,OVO,delivery,STF113
ORD01470,OUT014,2023-10-11,10:50:06,49000,Kartu Debit,dine_in,STF081
ORD01214,OUT014,2023-10-11,13:25:17,28000,Kartu Debit,dine_in,STF082
ORD01424,OUT001,2023-10-11,21:19:43,173000,Kartu Debit,takeaway,STF004
ORD01063,OUT019,2023-10-12,13:27:49,120000,Kartu Debit,dine_in,STF114
ORD02269,OUT002,2023-10-12,17:45:04,65000,Tunai,dine_in,STF011
ORD01778,OUT019,2023-10-12,19:00:50,83000,QRIS,dine_in,STF111
ORD01701,OUT002,2023-10-13,12:32:38,27000,Kartu Debit,delivery,STF011
ORD01858,OUT007,2023-10-13,18:34:01,113000,OVO,dine_in,STF037
ORD02299,OUT010,2023-10-14,18:58:54,47000,OVO,dine_in,STF060
ORD01456,OUT005,2023-10-14,20:37:13,47000,OVO,dine_in,STF025
ORD01061,OUT019,2023-10-15,12:58:12,40000,Kartu Debit,dine_in,STF114
ORD01189,OUT012,2023-10-15,22:08:24,51000,GoPay,takeaway,STF068
ORD02177,OUT020,2023-10-16,07:14:05,181000,QRIS,dine_in,STF115
ORD01480,OUT011,2023-10-16,07:51:29,28000,OVO,takeaway,STF064
ORD02407,OUT019,2023-10-17,08:41:39,56000,OVO,dine_in,STF111
ORD01700,OUT020,2023-10-17,08:53:28,68000,Kartu Debit,dine_in,STF120
ORD01359,OUT003,2023-10-17,17:21:27,141000,OVO,dine_in,STF018
ORD01377,OUT008,2023-10-18,07:09:57,40000,Kartu Debit,dine_in,STF043
ORD01756,OUT008,2023-10-18,08:48:48,26000,GoPay,dine_in,STF044
ORD01060,OUT011,2023-10-18,12:00:55,27000,GoPay,dine_in,STF064
ORD02119,OUT020,2023-10-18,13:46:04,36000,OVO,takeaway,STF116
ORD01017,OUT019,2023-10-18,15:40:17,56000,OVO,dine_in,STF112
ORD01380,OUT020,2023-10-19,08:18:56,47000,GoPay,dine_in,STF120
ORD02113,OUT019,2023-10-19,08:22:06,49000,QRIS,takeaway,STF114
ORD01139,OUT010,2023-10-19,13:11:56,69000,GoPay,dine_in,STF056
ORD01309,OUT007,2023-10-19,16:37:44,18000,QRIS,dine_in,STF037
ORD02035,OUT009,2023-10-19,17:46:45,36000,Kartu Debit,takeaway,STF053
ORD01045,OUT014,2023-10-19,19:52:56,110000,GoPay,takeaway,STF083
ORD01375,OUT001,2023-10-20,07:44:11,72000,GoPay,takeaway,STF001
ORD01312,OUT002,2023-10-20,13:53:43,34000,GoPay,dine_in,STF008
ORD01361,OUT007,2023-10-20,18:27:57,63000,Tunai,takeaway,STF040
ORD02160,OUT016,2023-10-20,19:22:31,52000,Tunai,dine_in,STF093
ORD02481,OUT011,2023-10-20,19:23:29,213000,GoPay,delivery,STF064
ORD01019,OUT020,2023-10-20,19:29:37,93000,QRIS,dine_in,STF115
ORD02358,OUT012,2023-10-20,22:16:09,37000,Tunai,dine_in,STF068
ORD01689,OUT008,2023-10-21,07:56:21,67000,Tunai,delivery,STF047
ORD02125,OUT001,2023-10-21,08:51:57,27000,QRIS,takeaway,STF001
ORD01033,OUT002,2023-10-21,12:18:35,21000,QRIS,takeaway,STF008
ORD02170,OUT014,2023-10-21,17:01:55,66000,Tunai,dine_in,STF082
ORD02473,OUT004,2023-10-21,18:02:19,29000,GoPay,delivery,STF019
ORD01036,OUT012,2023-10-21,21:15:29,91000,GoPay,delivery,STF068
ORD01993,OUT009,2023-10-22,17:30:21,21000,GoPay,dine_in,STF050
ORD02085,OUT001,2023-10-22,18:03:27,29000,OVO,takeaway,STF005
ORD02186,OUT008,2023-10-22,18:15:03,85000,Kartu Debit,takeaway,STF043
ORD01678,OUT009,2023-10-22,19:19:29,26000,Kartu Debit,takeaway,STF053
ORD01112,OUT006,2023-10-23,07:35:45,27000,GoPay,delivery,STF034
ORD01811,OUT009,2023-10-23,12:53:07,147000,GoPay,dine_in,STF051
ORD02064,OUT006,2023-10-23,22:58:42,44000,Tunai,takeaway,STF033
ORD02317,OUT011,2023-10-24,07:14:51,53000,OVO,delivery,STF064
ORD01511,OUT006,2023-10-24,08:23:00,63000,GoPay,takeaway,STF031
ORD02367,OUT005,2023-10-24,12:56:47,103000,OVO,delivery,STF025
ORD01658,OUT019,2023-10-24,13:27:47,71000,OVO,delivery,STF114
ORD01429,OUT020,2023-10-25,19:42:51,34000,GoPay,dine_in,STF120
ORD02463,OUT010,2023-10-25,20:23:39,97000,Tunai,dine_in,STF057
ORD01763,OUT004,2023-10-26,07:08:19,28000,QRIS,delivery,STF019
ORD01225,OUT010,2023-10-26,07:39:28,153000,GoPay,dine_in,STF060
ORD01687,OUT001,2023-10-26,09:52:38,91000,QRIS,takeaway,STF005
ORD02260,OUT019,2023-10-26,12:49:48,24000,GoPay,takeaway,STF113
ORD01009,OUT006,2023-10-26,17:02:14,52000,OVO,dine_in,STF033
ORD02341,OUT014,2023-10-26,18:56:05,49000,QRIS,dine_in,STF080
ORD01162,OUT019,2023-10-27,12:04:36,120000,GoPay,dine_in,STF114
ORD01549,OUT007,2023-10-27,12:11:01,183000,GoPay,delivery,STF040
ORD02002,OUT008,2023-10-27,13:02:39,142000,QRIS,takeaway,STF045
ORD02457,OUT011,2023-10-27,19:58:56,115000,OVO,delivery,STF064
ORD02173,OUT001,2023-10-28,07:07:22,132000,GoPay,dine_in,STF001
ORD01157,OUT017,2023-10-28,08:04:00,142000,GoPay,delivery,STF097
ORD02094,OUT003,2023-10-28,08:52:46,59000,OVO,dine_in,STF015
ORD01012,OUT017,2023-10-28,09:36:10,160000,OVO,delivery,STF100
ORD01782,OUT020,2023-10-28,11:06:14,50000,Tunai,takeaway,STF120
ORD01911,OUT019,2023-10-28,17:30:57,56000,OVO,takeaway,STF114
ORD01447,OUT017,2023-10-28,17:36:55,66000,GoPay,dine_in,STF100
ORD02225,OUT009,2023-10-29,08:13:52,50000,OVO,takeaway,STF051
ORD01618,OUT005,2023-10-29,14:13:20,141000,Kartu Debit,takeaway,STF029
ORD02484,OUT003,2023-10-29,17:00:52,63000,Tunai,dine_in,STF017
ORD01172,OUT013,2023-10-29,18:14:21,27000,QRIS,takeaway,STF076
ORD01222,OUT002,2023-10-29,19:38:52,22000,QRIS,takeaway,STF012
ORD02234,OUT016,2023-10-29,21:30:21,45000,OVO,dine_in,STF093
ORD01986,OUT005,2023-10-30,07:06:51,33000,Kartu Debit,dine_in,STF029
ORD01629,OUT003,2023-10-30,13:12:13,74000,QRIS,dine_in,STF014
ORD01793,OUT008,2023-10-30,13:24:38,58000,OVO,takeaway,STF043
ORD01859,OUT005,2023-10-30,18:55:25,80000,OVO,dine_in,STF029
ORD02398,OUT019,2023-10-30,19:29:39,117000,Tunai,dine_in,STF114
ORD01370,OUT012,2023-10-31,07:11:23,39000,OVO,dine_in,STF069
ORD01561,OUT006,2023-10-31,07:51:34,48000,GoPay,dine_in,STF035
ORD02136,OUT011,2023-10-31,12:14:14,219000,OVO,delivery,STF065
ORD01075,OUT004,2023-10-31,13:35:35,28000,Kartu Debit,delivery,STF022
ORD01991,OUT005,2023-10-31,18:49:42,99000,Tunai,takeaway,STF026
ORD02093,OUT003,2023-10-31,18:52:23,56000,GoPay,dine_in,STF015
ORD02108,OUT004,2023-10-31,20:06:23,90000,OVO,takeaway,STF023
ORD01557,OUT006,2023-11-01,08:49:04,119000,QRIS,delivery,STF033
ORD02157,OUT012,2023-11-01,08:49:40,98000,QRIS,delivery,STF069
ORD02134,OUT010,2023-11-01,08:52:59,35000,GoPay,takeaway,STF059
ORD01298,OUT001,2023-11-01,12:57:49,29000,OVO,dine_in,STF001
ORD01588,OUT001,2023-11-01,17:55:21,53000,Tunai,dine_in,STF005
ORD01325,OUT012,2023-11-01,19:28:29,88000,QRIS,dine_in,STF071
ORD02164,OUT017,2023-11-02,07:10:40,68000,QRIS,dine_in,STF102
ORD01428,OUT020,2023-11-02,07:53:34,50000,GoPay,dine_in,STF118
ORD02228,OUT011,2023-11-02,08:04:15,27000,QRIS,takeaway,STF064
ORD02179,OUT012,2023-11-02,08:20:47,38000,QRIS,takeaway,STF071
ORD02205,OUT003,2023-11-02,13:50:41,49000,Tunai,dine_in,STF013
ORD01781,OUT019,2023-11-02,17:14:01,29000,QRIS,dine_in,STF113
ORD02176,OUT007,2023-11-02,19:06:05,47000,GoPay,dine_in,STF038
ORD02333,OUT001,2023-11-03,07:58:26,130000,OVO,delivery,STF004
ORD02408,OUT017,2023-11-03,08:34:13,73000,OVO,delivery,STF101
ORD01453,OUT020,2023-11-03,09:52:08,94000,OVO,takeaway,STF116
ORD02132,OUT016,2023-11-03,17:24:49,55000,Tunai,delivery,STF096
ORD01714,OUT006,2023-11-04,11:42:28,27000,OVO,dine_in,STF035
ORD01784,OUT014,2023-11-05,08:44:19,78000,QRIS,dine_in,STF083
ORD01665,OUT003,2023-11-06,08:56:38,56000,GoPay,delivery,STF017
ORD01178,OUT002,2023-11-06,11:48:30,29000,GoPay,dine_in,STF009
ORD02376,OUT012,2023-11-06,12:49:48,28000,Kartu Debit,dine_in,STF071
ORD01252,OUT011,2023-11-06,14:59:03,37000,GoPay,delivery,STF064
ORD02007,OUT010,2023-11-06,17:13:43,55000,GoPay,takeaway,STF057
ORD01936,OUT014,2023-11-06,20:18:20,60000,OVO,dine_in,STF083
ORD01102,OUT009,2023-11-07,18:51:49,18000,GoPay,dine_in,STF051
ORD01201,OUT003,2023-11-08,11:25:03,41000,Tunai,dine_in,STF014
ORD02231,OUT004,2023-11-09,07:54:48,67000,OVO,takeaway,STF022
ORD02074,OUT020,2023-11-09,17:51:07,87000,GoPay,takeaway,STF116
ORD01942,OUT012,2023-11-09,20:36:33,37000,OVO,dine_in,STF070
ORD01455,OUT008,2023-11-09,22:53:34,109000,GoPay,dine_in,STF045
ORD02010,OUT009,2023-11-10,08:31:25,202000,Kartu Debit,dine_in,STF051
ORD01997,OUT004,2023-11-10,17:38:27,107000,OVO,delivery,STF019
ORD02267,OUT019,2023-11-11,07:12:13,83000,Tunai,delivery,STF114
ORD01209,OUT012,2023-11-11,08:35:31,74000,OVO,dine_in,STF069
ORD02034,OUT009,2023-11-11,12:06:37,30000,Tunai,dine_in,STF051
ORD01813,OUT001,2023-11-11,19:13:16,40000,Kartu Debit,dine_in,STF002
ORD01273,OUT020,2023-11-12,12:19:26,21000,Tunai,dine_in,STF115
ORD01841,OUT019,2023-11-12,13:57:05,73000,Tunai,dine_in,STF111
ORD01787,OUT013,2023-11-12,19:18:17,105000,OVO,takeaway,STF077
ORD01852,OUT016,2023-11-13,08:06:35,44000,Tunai,dine_in,STF096
ORD01439,OUT008,2023-11-13,12:45:43,29000,OVO,takeaway,STF045
ORD02128,OUT009,2023-11-13,21:00:38,30000,OVO,dine_in,STF053
ORD02431,OUT014,2023-11-14,12:16:47,49000,QRIS,takeaway,STF082
ORD01677,OUT020,2023-11-14,12:42:34,72000,OVO,dine_in,STF120
ORD01928,OUT007,2023-11-14,18:04:57,47000,GoPay,takeaway,STF037
ORD01177,OUT001,2023-11-14,19:09:44,147000,Tunai,dine_in,STF004
ORD01212,OUT010,2023-11-15,13:37:43,54000,Kartu Debit,dine_in,STF057
ORD01475,OUT002,2023-11-15,17:19:06,73000,Tunai,dine_in,STF008
ORD01472,OUT001,2023-11-15,18:12:32,29000,Tunai,takeaway,STF001
ORD01187,OUT001,2023-11-17,07:03:24,59000,Kartu Debit,dine_in,STF001
ORD01461,OUT001,2023-11-17,12:55:48,84000,QRIS,dine_in,STF004
ORD01220,OUT011,2023-11-17,19:04:50,114000,GoPay,dine_in,STF064
ORD02414,OUT006,2023-11-18,07:30:51,120000,QRIS,dine_in,STF036
ORD01712,OUT010,2023-11-18,13:32:18,107000,OVO,takeaway,STF058
ORD02149,OUT016,2023-11-18,13:54:57,47000,QRIS,dine_in,STF096
ORD02027,OUT020,2023-11-18,17:05:13,37000,QRIS,takeaway,STF116
ORD02101,OUT012,2023-11-18,17:24:21,41000,QRIS,delivery,STF072
ORD01227,OUT001,2023-11-19,15:06:54,29000,QRIS,dine_in,STF002
ORD01237,OUT008,2023-11-19,17:34:08,74000,GoPay,takeaway,STF047
ORD01131,OUT012,2023-11-19,19:21:15,50000,QRIS,takeaway,STF071
ORD01047,OUT011,2023-11-20,11:42:43,84000,Kartu Debit,takeaway,STF065
ORD01503,OUT006,2023-11-20,18:36:01,28000,OVO,delivery,STF034
ORD01416,OUT004,2023-11-20,19:11:25,87000,QRIS,dine_in,STF020
ORD02336,OUT019,2023-11-22,08:28:17,73000,OVO,dine_in,STF113
ORD01119,OUT020,2023-11-22,08:55:58,29000,Kartu Debit,dine_in,STF115
ORD02417,OUT003,2023-11-22,10:10:38,108000,GoPay,dine_in,STF017
ORD02241,OUT020,2023-11-22,12:08:04,100000,GoPay,delivery,STF120
ORD02487,OUT007,2023-11-22,17:23:24,35000,Kartu Debit,takeaway,STF042
ORD02298,OUT010,2023-11-22,21:25:04,52000,Kartu Debit,delivery,STF056
ORD01893,OUT010,2023-11-23,07:10:38,52000,OVO,takeaway,STF058
ORD02406,OUT002,2023-11-23,07:49:23,29000,OVO,takeaway,STF011
ORD02497,OUT017,2023-11-23,12:13:04,20000,GoPay,delivery,STF099
ORD01601,OUT020,2023-11-23,14:56:05,113000,Kartu Debit,delivery,STF116
ORD01442,OUT012,2023-11-23,19:09:19,39000,QRIS,takeaway,STF070
ORD02042,OUT017,2023-11-24,08:21:51,22000,Kartu Debit,takeaway,STF100
ORD02300,OUT007,2023-11-24,08:43:34,117000,QRIS,delivery,STF039
ORD01762,OUT017,2023-11-24,10:31:53,172000,Tunai,dine_in,STF098
ORD02063,OUT017,2023-11-24,13:10:58,109000,QRIS,takeaway,STF098
ORD01780,OUT019,2023-11-24,15:18:30,29000,Tunai,takeaway,STF114
ORD02419,OUT013,2023-11-25,07:52:27,63000,OVO,dine_in,STF077
ORD01149,OUT016,2023-11-25,08:03:46,74000,QRIS,dine_in,STF096
ORD01564,OUT009,2023-11-25,08:57:28,89000,OVO,takeaway,STF050
ORD01015,OUT005,2023-11-25,12:25:17,18000,QRIS,delivery,STF027
ORD01610,OUT006,2023-11-25,17:43:52,78000,QRIS,dine_in,STF031
ORD01514,OUT010,2023-11-26,10:06:42,83000,Kartu Debit,takeaway,STF058
ORD01500,OUT009,2023-11-26,11:45:49,47000,QRIS,dine_in,STF053
ORD01709,OUT005,2023-11-26,13:39:38,33000,Kartu Debit,delivery,STF026
ORD01058,OUT004,2023-11-26,16:59:45,52000,OVO,takeaway,STF019
ORD01726,OUT012,2023-11-26,17:40:21,56000,QRIS,takeaway,STF069
ORD01891,OUT016,2023-11-26,19:38:47,21000,Tunai,delivery,STF092
ORD01915,OUT007,2023-11-26,22:04:27,75000,QRIS,dine_in,STF038
ORD01007,OUT020,2023-11-27,07:05:16,54000,Kartu Debit,dine_in,STF120
ORD01261,OUT010,2023-11-27,12:31:10,70000,GoPay,dine_in,STF059
ORD02200,OUT008,2023-11-27,13:54:12,73000,Tunai,delivery,STF047
ORD02245,OUT020,2023-11-27,17:11:30,83000,GoPay,takeaway,STF120
ORD01458,OUT005,2023-11-27,18:07:15,102000,Kartu Debit,takeaway,STF025
ORD01796,OUT002,2023-11-27,18:37:41,74000,OVO,takeaway,STF007
ORD01343,OUT006,2023-11-28,07:44:33,68000,QRIS,dine_in,STF036
ORD01804,OUT010,2023-11-28,13:14:58,27000,QRIS,dine_in,STF055
ORD02296,OUT003,2023-11-28,13:17:19,94000,QRIS,takeaway,STF015
ORD01451,OUT019,2023-11-28,17:48:57,73000,Kartu Debit,takeaway,STF114
ORD02305,OUT003,2023-11-29,07:35:10,36000,Kartu Debit,dine_in,STF017
ORD02004,OUT011,2023-11-29,13:35:15,20000,GoPay,delivery,STF064
ORD01672,OUT017,2023-11-29,15:53:38,127000,GoPay,dine_in,STF101
ORD01074,OUT012,2023-11-29,18:53:00,40000,OVO,takeaway,STF068
ORD02217,OUT019,2023-11-29,19:31:55,39000,GoPay,dine_in,STF112
ORD02053,OUT006,2023-11-29,20:04:13,116000,QRIS,dine_in,STF034
ORD02060,OUT019,2023-11-30,08:23:22,38000,OVO,dine_in,STF111
ORD01591,OUT016,2023-11-30,18:56:26,72000,OVO,takeaway,STF093
ORD02229,OUT007,2023-11-30,19:34:00,59000,Kartu Debit,dine_in,STF038
ORD02311,OUT017,2023-11-30,19:58:51,29000,GoPay,dine_in,STF099
ORD01547,OUT012,2023-11-30,20:38:07,39000,QRIS,dine_in,STF071
ORD02482,OUT005,2023-12-01,12:28:07,87000,Tunai,delivery,STF026
ORD02453,OUT010,2023-12-01,17:17:00,91000,GoPay,delivery,STF058
ORD02266,OUT005,2023-12-02,08:20:19,171000,QRIS,dine_in,STF025
ORD02079,OUT017,2023-12-02,08:40:01,24000,Kartu Debit,dine_in,STF101
ORD01704,OUT013,2023-12-02,10:32:49,73000,GoPay,dine_in,STF077
ORD01262,OUT001,2023-12-02,19:54:04,66000,Tunai,dine_in,STF002
ORD01142,OUT005,2023-12-03,07:53:52,207000,OVO,dine_in,STF027
ORD01517,OUT007,2023-12-03,09:51:46,73000,GoPay,dine_in,STF037
ORD02122,OUT013,2023-12-03,11:56:19,78000,Kartu Debit,takeaway,STF077
ORD01708,OUT006,2023-12-03,13:06:20,20000,OVO,dine_in,STF036
ORD02330,OUT013,2023-12-03,13:46:45,27000,GoPay,dine_in,STF075
ORD01941,OUT020,2023-12-04,07:43:06,37000,QRIS,takeaway,STF118
ORD01603,OUT009,2023-12-04,08:44:09,18000,Kartu Debit,delivery,STF053
ORD02438,OUT014,2023-12-04,10:09:21,58000,QRIS,takeaway,STF080
ORD02182,OUT012,2023-12-04,12:11:07,28000,Kartu Debit,dine_in,STF069
ORD02335,OUT001,2023-12-04,13:22:58,36000,GoPay,takeaway,STF002
ORD01637,OUT001,2023-12-04,17:00:09,198000,QRIS,dine_in,STF002
ORD01463,OUT002,2023-12-04,17:58:15,41000,QRIS,takeaway,STF008
ORD02421,OUT011,2023-12-04,18:00:55,37000,OVO,dine_in,STF065
ORD02347,OUT014,2023-12-05,13:00:34,106000,GoPay,delivery,STF081
ORD01706,OUT014,2023-12-05,13:58:02,18000,OVO,delivery,STF081
ORD01044,OUT011,2023-12-05,15:09:09,85000,Kartu Debit,dine_in,STF061
ORD02127,OUT011,2023-12-05,15:50:03,78000,QRIS,delivery,STF063
ORD02031,OUT014,2023-12-05,20:06:34,52000,OVO,delivery,STF082
ORD01427,OUT019,2023-12-06,07:20:10,63000,GoPay,dine_in,STF112
ORD01011,OUT007,2023-12-06,13:13:06,69000,GoPay,dine_in,STF041
ORD01906,OUT020,2023-12-06,13:16:30,54000,GoPay,dine_in,STF120
ORD01357,OUT010,2023-12-06,17:53:46,20000,QRIS,delivery,STF057
ORD01159,OUT017,2023-12-06,18:27:25,36000,Kartu Debit,dine_in,STF100
ORD01574,OUT012,2023-12-06,19:10:48,93000,OVO,takeaway,STF069
ORD01232,OUT017,2023-12-07,08:38:42,52000,QRIS,takeaway,STF101
ORD01354,OUT005,2023-12-07,12:11:46,49000,QRIS,takeaway,STF025
ORD01738,OUT006,2023-12-07,12:24:08,125000,Tunai,dine_in,STF031
ORD01053,OUT012,2023-12-08,07:10:57,147000,OVO,dine_in,STF068
ORD02485,OUT013,2023-12-08,07:22:59,36000,Kartu Debit,delivery,STF078
ORD01198,OUT012,2023-12-08,08:15:40,92000,QRIS,takeaway,STF068
ORD01339,OUT002,2023-12-08,13:15:50,40000,GoPay,takeaway,STF007
ORD02145,OUT002,2023-12-08,19:52:07,28000,Kartu Debit,delivery,STF007
ORD02222,OUT009,2023-12-09,08:18:05,39000,QRIS,dine_in,STF050
ORD01332,OUT017,2023-12-09,10:47:39,58000,QRIS,dine_in,STF102
ORD01634,OUT013,2023-12-09,17:42:07,77000,QRIS,dine_in,STF077
ORD01215,OUT004,2023-12-10,07:09:37,187000,GoPay,delivery,STF019
ORD02147,OUT002,2023-12-11,11:41:48,99000,GoPay,takeaway,STF009
ORD01108,OUT013,2023-12-11,17:41:18,68000,Kartu Debit,dine_in,STF076
ORD02290,OUT012,2023-12-12,13:01:00,73000,OVO,dine_in,STF068
ORD01277,OUT020,2023-12-12,13:35:12,73000,OVO,takeaway,STF116
ORD02429,OUT019,2023-12-12,19:05:34,197000,GoPay,takeaway,STF112
ORD01467,OUT009,2023-12-13,07:33:48,78000,Tunai,dine_in,STF053
ORD01982,OUT011,2023-12-13,07:45:59,51000,GoPay,delivery,STF065
ORD01800,OUT007,2023-12-13,10:58:05,59000,Kartu Debit,takeaway,STF040
ORD02046,OUT016,2023-12-13,14:53:05,80000,Tunai,delivery,STF093
ORD02270,OUT004,2023-12-13,17:02:32,156000,GoPay,dine_in,STF020
ORD02203,OUT011,2023-12-14,07:03:13,28000,Tunai,dine_in,STF063
ORD01655,OUT008,2023-12-14,09:27:31,23000,GoPay,dine_in,STF046
ORD02352,OUT008,2023-12-14,14:12:03,51000,GoPay,dine_in,STF045
ORD01291,OUT011,2023-12-15,13:16:57,96000,Kartu Debit,delivery,STF061
ORD01001,OUT020,2023-12-15,18:37:39,148000,OVO,delivery,STF120
ORD01158,OUT017,2023-12-15,19:27:55,90000,OVO,takeaway,STF098
ORD02019,OUT020,2023-12-15,20:28:25,183000,Kartu Debit,dine_in,STF118
ORD01184,OUT006,2023-12-16,12:18:54,18000,QRIS,takeaway,STF035
ORD01300,OUT016,2023-12-16,18:44:11,104000,GoPay,delivery,STF092
ORD01888,OUT005,2023-12-16,18:59:29,118000,Tunai,dine_in,STF029
ORD01446,OUT011,2023-12-17,08:07:28,78000,Kartu Debit,dine_in,STF064
ORD01929,OUT003,2023-12-17,08:32:58,64000,GoPay,dine_in,STF013
ORD01632,OUT020,2023-12-17,09:30:44,131000,OVO,delivery,STF116
ORD02280,OUT020,2023-12-17,12:56:44,62000,QRIS,delivery,STF116
ORD01994,OUT012,2023-12-17,17:38:40,18000,GoPay,takeaway,STF072
ORD01977,OUT010,2023-12-17,17:58:46,262000,GoPay,dine_in,STF058
ORD01909,OUT013,2023-12-18,07:05:34,33000,QRIS,dine_in,STF075
ORD02339,OUT004,2023-12-18,07:52:15,34000,QRIS,takeaway,STF019
ORD02446,OUT007,2023-12-18,14:45:13,50000,Tunai,takeaway,STF038
ORD02320,OUT012,2023-12-18,22:26:36,72000,Tunai,dine_in,STF072
ORD01279,OUT017,2023-12-19,07:23:51,35000,Tunai,takeaway,STF098
ORD01879,OUT008,2023-12-19,07:59:48,50000,QRIS,dine_in,STF046
ORD02070,OUT008,2023-12-19,13:34:45,102000,Tunai,dine_in,STF046
ORD02088,OUT006,2023-12-19,17:30:35,54000,Kartu Debit,dine_in,STF033
ORD01265,OUT012,2023-12-19,17:39:13,28000,QRIS,delivery,STF072
ORD01683,OUT019,2023-12-19,18:03:22,28000,GoPay,takeaway,STF114
ORD01107,OUT003,2023-12-19,19:06:28,29000,QRIS,delivery,STF015
ORD01749,OUT020,2023-12-19,20:06:22,29000,OVO,delivery,STF115
ORD01902,OUT004,2023-12-19,20:48:09,50000,QRIS,dine_in,STF024
ORD01089,OUT007,2023-12-19,22:24:17,47000,GoPay,takeaway,STF038
ORD01666,OUT009,2023-12-20,13:03:58,45000,QRIS,dine_in,STF051
ORD02252,OUT003,2023-12-20,17:38:21,107000,QRIS,takeaway,STF017
ORD01314,OUT020,2023-12-20,21:20:54,44000,Tunai,dine_in,STF115
ORD02427,OUT002,2023-12-21,11:51:58,117000,GoPay,dine_in,STF012
ORD01584,OUT014,2023-12-21,12:38:18,68000,GoPay,takeaway,STF079
ORD01962,OUT008,2023-12-21,18:11:36,54000,Kartu Debit,dine_in,STF046
ORD02022,OUT003,2023-12-22,07:12:45,156000,Kartu Debit,delivery,STF013
ORD01103,OUT004,2023-12-22,07:14:47,146000,Kartu Debit,takeaway,STF019
ORD02067,OUT017,2023-12-22,19:44:04,39000,GoPay,dine_in,STF100
ORD01242,OUT007,2023-12-23,07:50:36,52000,QRIS,takeaway,STF037
ORD01736,OUT011,2023-12-23,12:58:53,79000,GoPay,dine_in,STF063
ORD01363,OUT011,2023-12-23,17:34:39,50000,QRIS,delivery,STF065
ORD01004,OUT004,2023-12-24,08:57:28,27000,OVO,dine_in,STF019
ORD01301,OUT009,2023-12-24,12:00:57,20000,GoPay,delivery,STF050
ORD02342,OUT013,2023-12-24,12:35:50,74000,QRIS,delivery,STF078
ORD01720,OUT013,2023-12-24,15:52:35,85000,OVO,delivery,STF077
ORD01532,OUT013,2023-12-24,18:50:15,190000,OVO,delivery,STF078
ORD02475,OUT012,2023-12-25,13:44:55,63000,GoPay,dine_in,STF072
ORD02418,OUT004,2023-12-25,13:58:58,237000,OVO,takeaway,STF023
ORD02118,OUT020,2023-12-25,16:19:19,24000,GoPay,dine_in,STF116
ORD01797,OUT009,2023-12-25,17:47:23,45000,QRIS,takeaway,STF051
ORD01151,OUT017,2023-12-25,19:59:03,85000,GoPay,takeaway,STF102
ORD01854,OUT020,2023-12-25,20:59:15,104000,QRIS,takeaway,STF118
ORD02048,OUT010,2023-12-25,21:46:51,56000,OVO,dine_in,STF059
ORD02066,OUT006,2023-12-27,07:05:46,26000,QRIS,dine_in,STF033
ORD01304,OUT016,2023-12-27,08:29:38,188000,Tunai,dine_in,STF093
ORD01849,OUT009,2023-12-28,13:26:27,36000,GoPay,dine_in,STF051
ORD01327,OUT020,2023-12-28,17:24:25,57000,GoPay,dine_in,STF115
ORD01995,OUT003,2023-12-28,19:43:56,72000,GoPay,takeaway,STF017
ORD02036,OUT004,2023-12-28,21:43:03,92000,GoPay,takeaway,STF019
ORD01334,OUT003,2023-12-28,22:25:01,39000,QRIS,delivery,STF015
ORD01943,OUT014,2023-12-29,08:31:21,51000,OVO,dine_in,STF080
ORD02174,OUT006,2023-12-29,08:44:15,108000,Kartu Debit,dine_in,STF032
ORD02387,OUT009,2023-12-29,13:12:54,102000,GoPay,dine_in,STF053
ORD01474,OUT002,2023-12-29,15:06:36,50000,OVO,dine_in,STF009
ORD01746,OUT007,2023-12-29,19:31:59,60000,Tunai,dine_in,STF039
ORD01831,OUT012,2023-12-30,12:08:55,25000,QRIS,dine_in,STF070
ORD02021,OUT017,2023-12-30,17:14:27,73000,QRIS,delivery,STF098
ORD01286,OUT001,2023-12-30,18:03:04,286000,Tunai,takeaway,STF002
ORD01907,OUT019,2023-12-31,07:13:24,33000,Tunai,takeaway,STF112
ORD01440,OUT005,2023-12-31,10:25:07,49000,QRIS,dine_in,STF029
ORD03799,OUT007,2024-01-01,07:14:38,268000,QRIS,takeaway,STF041
ORD04236,OUT003,2024-01-01,08:57:10,51000,Kartu Debit,takeaway,STF017
ORD02509,OUT006,2024-01-01,12:18:40,72000,GoPay,takeaway,STF033
ORD03261,OUT020,2024-01-01,13:06:56,56000,GoPay,dine_in,STF116
ORD03132,OUT009,2024-01-01,18:02:01,189000,QRIS,dine_in,STF050
ORD04111,OUT014,2024-01-01,18:28:11,27000,QRIS,dine_in,STF081
ORD02973,OUT019,2024-01-02,08:15:07,61000,Kartu Debit,dine_in,STF114
ORD03252,OUT008,2024-01-02,14:17:36,18000,GoPay,delivery,STF043
ORD03662,OUT017,2024-01-02,17:05:40,66000,Tunai,delivery,STF102
ORD02675,OUT011,2024-01-02,17:20:10,111000,Tunai,dine_in,STF064
ORD04047,OUT013,2024-01-02,18:09:05,39000,QRIS,dine_in,STF075
ORD02661,OUT020,2024-01-02,18:56:10,40000,GoPay,dine_in,STF115
ORD03804,OUT012,2024-01-02,19:57:20,27000,QRIS,delivery,STF071
ORD04065,OUT007,2024-01-02,20:11:55,78000,OVO,delivery,STF041
ORD03094,OUT007,2024-01-03,08:20:58,108000,Tunai,dine_in,STF037
ORD03917,OUT007,2024-01-03,09:44:14,94000,OVO,dine_in,STF038
ORD04078,OUT008,2024-01-03,13:35:08,120000,Kartu Debit,dine_in,STF047
ORD04247,OUT003,2024-01-03,18:48:13,45000,QRIS,takeaway,STF017
ORD03458,OUT005,2024-01-03,19:15:16,29000,GoPay,delivery,STF029
ORD03719,OUT004,2024-01-03,21:27:39,40000,QRIS,takeaway,STF019
ORD03437,OUT005,2024-01-04,12:46:02,27000,QRIS,delivery,STF027
ORD02662,OUT001,2024-01-04,14:37:06,27000,QRIS,dine_in,STF002
ORD03352,OUT011,2024-01-04,18:51:56,68000,QRIS,dine_in,STF063
ORD03717,OUT002,2024-01-04,19:01:06,40000,GoPay,dine_in,STF008
ORD03113,OUT016,2024-01-05,07:35:03,92000,QRIS,dine_in,STF093
ORD03020,OUT016,2024-01-05,13:31:36,80000,Tunai,delivery,STF092
ORD02571,OUT014,2024-01-05,17:55:32,87000,GoPay,dine_in,STF081
ORD03913,OUT007,2024-01-05,21:56:21,22000,GoPay,dine_in,STF040
ORD03402,OUT010,2024-01-06,13:56:58,20000,QRIS,dine_in,STF055
ORD04027,OUT013,2024-01-06,18:24:25,58000,GoPay,dine_in,STF078
ORD02584,OUT002,2024-01-07,07:31:28,117000,Kartu Debit,dine_in,STF007
ORD02766,OUT016,2024-01-07,07:58:37,28000,Kartu Debit,dine_in,STF092
ORD03452,OUT012,2024-01-07,08:28:25,107000,GoPay,takeaway,STF068
ORD03006,OUT005,2024-01-07,12:02:28,52000,Tunai,dine_in,STF029
ORD02743,OUT007,2024-01-07,12:26:30,63000,OVO,delivery,STF042
ORD03941,OUT003,2024-01-07,15:30:14,28000,GoPay,delivery,STF018
ORD02988,OUT009,2024-01-07,17:04:42,316000,Kartu Debit,delivery,STF053
ORD04084,OUT013,2024-01-07,17:50:37,114000,QRIS,takeaway,STF075
ORD04083,OUT002,2024-01-07,19:34:06,51000,QRIS,dine_in,STF009
ORD02852,OUT001,2024-01-08,07:20:32,156000,QRIS,takeaway,STF006
ORD03359,OUT009,2024-01-08,07:42:12,76000,GoPay,delivery,STF053
ORD02555,OUT016,2024-01-08,08:20:29,39000,Kartu Debit,dine_in,STF096
ORD03021,OUT002,2024-01-08,12:33:08,141000,GoPay,takeaway,STF008
ORD03134,OUT014,2024-01-08,12:44:36,62000,QRIS,dine_in,STF084
ORD02725,OUT014,2024-01-08,12:45:06,101000,OVO,delivery,STF079
ORD02703,OUT013,2024-01-08,14:53:31,212000,GoPay,dine_in,STF078
ORD03300,OUT003,2024-01-08,17:19:04,199000,Tunai,delivery,STF017
ORD03172,OUT012,2024-01-09,08:54:48,103000,OVO,dine_in,STF071
ORD03062,OUT005,2024-01-10,12:04:45,80000,GoPay,takeaway,STF025
ORD02865,OUT012,2024-01-10,13:42:48,65000,Tunai,dine_in,STF070
ORD03160,OUT005,2024-01-10,17:06:17,35000,OVO,delivery,STF027
ORD03980,OUT003,2024-01-10,17:34:28,177000,Kartu Debit,dine_in,STF017
ORD03512,OUT005,2024-01-10,18:36:19,64000,QRIS,delivery,STF026
ORD03295,OUT006,2024-01-10,19:24:20,23000,GoPay,dine_in,STF036
ORD02522,OUT003,2024-01-10,22:58:09,37000,OVO,takeaway,STF014
ORD03880,OUT007,2024-01-11,07:45:08,167000,OVO,takeaway,STF039
ORD03051,OUT002,2024-01-11,08:13:48,54000,Kartu Debit,dine_in,STF012
ORD03335,OUT019,2024-01-11,18:56:14,65000,GoPay,takeaway,STF113
ORD03075,OUT020,2024-01-11,22:42:50,35000,OVO,dine_in,STF120
ORD04093,OUT009,2024-01-12,07:44:05,152000,Tunai,takeaway,STF050
ORD04248,OUT014,2024-01-12,11:04:09,34000,GoPay,dine_in,STF079
ORD03736,OUT012,2024-01-12,13:52:47,52000,Tunai,delivery,STF069
ORD02552,OUT009,2024-01-12,16:31:48,50000,GoPay,dine_in,STF050
ORD03139,OUT003,2024-01-12,17:28:35,62000,OVO,dine_in,STF014
ORD04102,OUT007,2024-01-12,19:33:07,27000,QRIS,delivery,STF040
ORD02960,OUT003,2024-01-12,20:00:32,104000,QRIS,dine_in,STF014
ORD03209,OUT006,2024-01-13,07:54:16,63000,GoPay,dine_in,STF033
ORD03245,OUT006,2024-01-13,12:29:34,65000,QRIS,delivery,STF032
ORD03630,OUT003,2024-01-13,18:30:14,216000,OVO,dine_in,STF018
ORD02676,OUT008,2024-01-13,19:17:42,145000,OVO,dine_in,STF045
ORD04232,OUT005,2024-01-14,12:16:25,106000,OVO,dine_in,STF029
ORD03091,OUT008,2024-01-14,15:27:03,117000,OVO,delivery,STF045
ORD03430,OUT001,2024-01-14,17:04:52,27000,GoPay,delivery,STF001
ORD04160,OUT003,2024-01-14,19:59:35,50000,QRIS,dine_in,STF013
ORD02906,OUT014,2024-01-14,20:10:38,124000,GoPay,dine_in,STF081
ORD03869,OUT002,2024-01-14,21:10:29,27000,OVO,dine_in,STF009
ORD03564,OUT014,2024-01-15,13:22:14,53000,GoPay,dine_in,STF084
ORD02977,OUT012,2024-01-15,17:57:45,38000,GoPay,dine_in,STF070
ORD03215,OUT005,2024-01-16,13:12:03,127000,Tunai,dine_in,STF027
ORD03127,OUT013,2024-01-17,07:09:52,130000,QRIS,takeaway,STF076
ORD03883,OUT019,2024-01-17,09:43:07,44000,Tunai,dine_in,STF111
ORD03747,OUT001,2024-01-17,11:41:22,141000,Kartu Debit,dine_in,STF002
ORD02721,OUT003,2024-01-17,13:31:46,292000,Kartu Debit,takeaway,STF017
ORD02606,OUT016,2024-01-17,15:46:37,58000,GoPay,delivery,STF096
ORD03356,OUT004,2024-01-17,16:43:49,133000,QRIS,dine_in,STF024
ORD02650,OUT012,2024-01-17,18:42:59,140000,OVO,takeaway,STF071
ORD03181,OUT001,2024-01-18,08:05:23,152000,GoPay,delivery,STF006
ORD03476,OUT001,2024-01-18,13:47:20,216000,QRIS,delivery,STF005
ORD03514,OUT014,2024-01-18,18:12:21,27000,OVO,delivery,STF079
ORD02617,OUT009,2024-01-18,19:30:08,28000,OVO,takeaway,STF051
ORD03235,OUT019,2024-01-19,12:33:54,241000,OVO,takeaway,STF111
ORD03781,OUT009,2024-01-19,14:21:47,80000,Kartu Debit,takeaway,STF050
ORD03044,OUT010,2024-01-19,17:29:51,39000,OVO,dine_in,STF057
ORD02771,OUT014,2024-01-19,19:53:10,85000,Kartu Debit,takeaway,STF083
ORD03953,OUT005,2024-01-20,07:06:33,50000,Kartu Debit,delivery,STF025
ORD03296,OUT002,2024-01-20,12:56:13,36000,GoPay,dine_in,STF009
ORD03964,OUT011,2024-01-21,08:16:18,90000,QRIS,dine_in,STF065
ORD04032,OUT004,2024-01-21,12:53:14,98000,OVO,takeaway,STF024
ORD03411,OUT016,2024-01-21,13:15:57,54000,OVO,dine_in,STF092
ORD03701,OUT013,2024-01-21,13:18:54,30000,Kartu Debit,takeaway,STF078
ORD04229,OUT013,2024-01-21,18:50:21,56000,Kartu Debit,dine_in,STF078
ORD02734,OUT014,2024-01-22,10:26:06,18000,OVO,delivery,STF081
ORD02545,OUT006,2024-01-22,13:14:02,69000,OVO,dine_in,STF031
ORD03559,OUT013,2024-01-22,13:21:10,68000,Kartu Debit,dine_in,STF073
ORD02819,OUT013,2024-01-22,17:22:12,64000,GoPay,takeaway,STF078
ORD03109,OUT007,2024-01-23,07:05:38,22000,Tunai,takeaway,STF038
ORD03371,OUT002,2024-01-23,08:26:11,149000,Tunai,delivery,STF012
ORD03330,OUT007,2024-01-23,12:20:53,111000,OVO,dine_in,STF039
ORD03667,OUT017,2024-01-23,14:54:40,33000,GoPay,dine_in,STF100
ORD03153,OUT001,2024-01-23,17:27:19,28000,Tunai,takeaway,STF006
ORD03077,OUT012,2024-01-23,19:07:14,100000,QRIS,delivery,STF072
ORD03521,OUT020,2024-01-24,07:13:28,156000,QRIS,dine_in,STF115
ORD04209,OUT006,2024-01-24,07:34:10,39000,QRIS,delivery,STF036
ORD03101,OUT014,2024-01-24,08:19:53,36000,GoPay,dine_in,STF082
ORD04194,OUT019,2024-01-24,08:21:32,41000,OVO,dine_in,STF112
ORD03327,OUT020,2024-01-24,10:29:03,44000,Kartu Debit,dine_in,STF120
ORD04085,OUT013,2024-01-24,17:37:39,190000,Kartu Debit,takeaway,STF076
ORD04151,OUT001,2024-01-24,18:03:11,105000,Tunai,takeaway,STF004
ORD03896,OUT014,2024-01-24,18:48:00,50000,Kartu Debit,takeaway,STF083
ORD02829,OUT014,2024-01-24,19:55:07,50000,GoPay,delivery,STF082
ORD03451,OUT012,2024-01-25,08:22:23,78000,QRIS,dine_in,STF070
ORD03612,OUT012,2024-01-25,17:33:39,91000,OVO,takeaway,STF069
ORD03072,OUT014,2024-01-26,15:58:32,56000,OVO,dine_in,STF080
ORD04096,OUT009,2024-01-26,17:56:04,107000,GoPay,dine_in,STF051
ORD03506,OUT011,2024-01-26,18:30:34,54000,GoPay,dine_in,STF065
ORD03550,OUT009,2024-01-26,18:31:52,68000,OVO,delivery,STF053
ORD03688,OUT003,2024-01-26,19:07:36,123000,QRIS,delivery,STF014
ORD03616,OUT008,2024-01-26,21:36:51,29000,Tunai,takeaway,STF045
ORD03385,OUT013,2024-01-27,07:55:37,120000,QRIS,dine_in,STF078
ORD03695,OUT003,2024-01-27,08:14:28,63000,GoPay,dine_in,STF013
ORD03830,OUT013,2024-01-27,08:47:06,48000,Tunai,dine_in,STF075
ORD03580,OUT008,2024-01-27,08:51:09,110000,QRIS,dine_in,STF043
ORD02587,OUT012,2024-01-27,08:53:14,29000,QRIS,takeaway,STF069
ORD04145,OUT007,2024-01-27,12:14:16,116000,Kartu Debit,dine_in,STF040
ORD03028,OUT020,2024-01-27,13:01:36,125000,GoPay,dine_in,STF118
ORD03148,OUT019,2024-01-27,13:02:30,28000,QRIS,takeaway,STF112
ORD02700,OUT009,2024-01-27,13:10:35,59000,Tunai,takeaway,STF051
ORD03643,OUT012,2024-01-27,17:46:49,116000,Tunai,takeaway,STF070
ORD03796,OUT017,2024-01-27,17:59:44,175000,QRIS,delivery,STF100
ORD02508,OUT003,2024-01-27,19:22:06,24000,QRIS,dine_in,STF015
ORD04113,OUT002,2024-01-27,19:58:43,133000,OVO,dine_in,STF009
ORD04214,OUT009,2024-01-28,10:03:53,60000,QRIS,dine_in,STF050
ORD03380,OUT002,2024-01-28,12:16:25,52000,Tunai,dine_in,STF009
ORD02939,OUT012,2024-01-28,12:20:16,30000,QRIS,dine_in,STF069
ORD04012,OUT012,2024-01-28,12:57:55,108000,OVO,dine_in,STF071
ORD03782,OUT005,2024-01-28,18:00:27,224000,QRIS,takeaway,STF027
ORD02563,OUT007,2024-01-28,18:55:08,41000,GoPay,dine_in,STF042
ORD03540,OUT014,2024-01-28,21:25:39,73000,Tunai,takeaway,STF083
ORD03154,OUT016,2024-01-29,18:07:40,48000,GoPay,dine_in,STF092
ORD02591,OUT020,2024-01-30,07:56:38,105000,OVO,dine_in,STF120
ORD03040,OUT013,2024-01-30,09:37:07,39000,Tunai,dine_in,STF076
ORD03226,OUT011,2024-01-30,10:16:45,54000,QRIS,delivery,STF063
ORD03811,OUT012,2024-01-30,13:09:46,102000,GoPay,takeaway,STF071
ORD03200,OUT004,2024-01-30,18:12:40,86000,GoPay,dine_in,STF023
ORD02970,OUT002,2024-01-30,18:53:53,112000,Tunai,dine_in,STF009
ORD02527,OUT016,2024-01-30,19:30:54,29000,Tunai,dine_in,STF093
ORD04143,OUT010,2024-01-31,07:42:00,28000,Tunai,delivery,STF058
ORD03866,OUT011,2024-01-31,08:09:58,24000,Tunai,dine_in,STF061
ORD02791,OUT012,2024-01-31,08:54:34,27000,QRIS,takeaway,STF070
ORD02642,OUT002,2024-01-31,13:40:08,165000,OVO,takeaway,STF011
ORD02685,OUT005,2024-01-31,18:40:37,23000,Tunai,delivery,STF026
ORD03365,OUT020,2024-01-31,19:49:43,99000,GoPay,takeaway,STF116
ORD04134,OUT007,2024-01-31,21:35:01,112000,OVO,takeaway,STF041
ORD03089,OUT005,2024-02-01,12:20:55,109000,OVO,dine_in,STF025
ORD02891,OUT001,2024-02-01,13:24:09,35000,Kartu Debit,dine_in,STF001
ORD03070,OUT003,2024-02-02,07:50:02,20000,OVO,dine_in,STF013
ORD03400,OUT020,2024-02-02,08:35:16,72000,OVO,takeaway,STF120
ORD03640,OUT006,2024-02-02,08:38:59,72000,Kartu Debit,dine_in,STF035
ORD04058,OUT001,2024-02-02,09:26:23,52000,OVO,takeaway,STF004
ORD02846,OUT012,2024-02-02,13:51:48,200000,Tunai,delivery,STF071
ORD03224,OUT007,2024-02-02,18:37:23,235000,QRIS,dine_in,STF041
ORD03301,OUT014,2024-02-02,18:51:03,73000,OVO,delivery,STF083
ORD03929,OUT003,2024-02-02,19:00:33,88000,OVO,dine_in,STF014
ORD03364,OUT020,2024-02-02,20:36:47,142000,GoPay,dine_in,STF116
ORD04109,OUT020,2024-02-03,08:17:23,30000,Kartu Debit,dine_in,STF120
ORD04123,OUT003,2024-02-03,08:39:10,75000,QRIS,delivery,STF013
ORD03497,OUT004,2024-02-03,12:33:11,27000,GoPay,dine_in,STF024
ORD02909,OUT013,2024-02-03,14:54:36,26000,OVO,dine_in,STF076
ORD03369,OUT010,2024-02-03,17:20:40,39000,Tunai,dine_in,STF060
ORD02929,OUT020,2024-02-03,17:58:20,49000,OVO,takeaway,STF120
ORD02801,OUT003,2024-02-04,07:43:29,29000,Kartu Debit,dine_in,STF018
ORD03636,OUT019,2024-02-04,08:58:48,163000,Tunai,takeaway,STF112
ORD03856,OUT001,2024-02-04,09:42:28,36000,GoPay,delivery,STF005
ORD03035,OUT019,2024-02-04,14:55:28,96000,Tunai,dine_in,STF113
ORD03486,OUT001,2024-02-04,21:24:49,98000,Kartu Debit,takeaway,STF002
ORD03806,OUT017,2024-02-05,08:16:20,44000,QRIS,delivery,STF102
ORD02817,OUT019,2024-02-05,08:16:53,27000,Tunai,takeaway,STF111
ORD03870,OUT003,2024-02-05,09:44:12,72000,QRIS,dine_in,STF017
ORD03467,OUT011,2024-02-05,12:07:48,174000,QRIS,takeaway,STF064
ORD02716,OUT011,2024-02-05,13:43:38,27000,QRIS,dine_in,STF062
ORD02732,OUT001,2024-02-05,13:48:31,108000,Tunai,delivery,STF004
ORD03249,OUT009,2024-02-05,17:02:48,146000,Kartu Debit,dine_in,STF051
ORD03907,OUT008,2024-02-05,18:05:38,70000,QRIS,takeaway,STF044
ORD03577,OUT009,2024-02-06,12:50:55,52000,QRIS,dine_in,STF050
ORD03838,OUT017,2024-02-06,16:11:16,40000,Kartu Debit,delivery,STF098
ORD02526,OUT008,2024-02-06,20:43:37,27000,Tunai,dine_in,STF048
ORD02516,OUT020,2024-02-07,11:29:11,154000,Tunai,dine_in,STF116
ORD03735,OUT020,2024-02-07,17:29:56,24000,Kartu Debit,takeaway,STF118
ORD02842,OUT014,2024-02-07,18:00:23,200000,Tunai,dine_in,STF080
ORD03524,OUT013,2024-02-08,07:00:02,50000,OVO,takeaway,STF076
ORD02693,OUT012,2024-02-08,07:07:58,66000,QRIS,dine_in,STF071
ORD03244,OUT007,2024-02-08,12:12:18,263000,GoPay,dine_in,STF039
ORD02984,OUT007,2024-02-08,13:28:04,29000,Kartu Debit,takeaway,STF042
ORD04039,OUT013,2024-02-08,18:56:58,132000,OVO,takeaway,STF078
ORD03697,OUT008,2024-02-09,07:19:23,49000,QRIS,takeaway,STF043
ORD03541,OUT010,2024-02-09,12:00:54,96000,QRIS,delivery,STF058
ORD03156,OUT003,2024-02-09,18:10:42,94000,OVO,delivery,STF014
ORD03392,OUT017,2024-02-09,19:11:51,104000,Kartu Debit,takeaway,STF099
ORD03740,OUT017,2024-02-10,12:54:11,30000,QRIS,delivery,STF099
ORD03734,OUT004,2024-02-10,19:33:06,68000,Tunai,dine_in,STF020
ORD03435,OUT004,2024-02-10,20:11:55,52000,Kartu Debit,takeaway,STF019
ORD04249,OUT005,2024-02-11,07:33:18,56000,Tunai,takeaway,STF027
ORD03937,OUT019,2024-02-11,08:06:18,52000,QRIS,dine_in,STF112
ORD03875,OUT007,2024-02-11,09:10:08,28000,Tunai,dine_in,STF038
ORD03939,OUT008,2024-02-11,19:24:25,37000,GoPay,dine_in,STF046
ORD02739,OUT005,2024-02-11,20:57:36,90000,QRIS,delivery,STF027
ORD03067,OUT002,2024-02-12,07:06:42,70000,OVO,takeaway,STF008
ORD03080,OUT016,2024-02-12,07:50:31,119000,QRIS,dine_in,STF092
ORD02896,OUT017,2024-02-12,09:33:17,92000,GoPay,delivery,STF102
ORD02998,OUT001,2024-02-12,10:33:20,71000,Tunai,takeaway,STF006
ORD04228,OUT006,2024-02-12,13:32:48,52000,OVO,dine_in,STF033
ORD02965,OUT016,2024-02-12,13:37:01,83000,GoPay,takeaway,STF092
ORD04139,OUT012,2024-02-12,15:37:38,63000,QRIS,dine_in,STF069
ORD04025,OUT017,2024-02-12,17:14:05,72000,Tunai,dine_in,STF101
ORD04103,OUT004,2024-02-13,10:10:47,130000,QRIS,takeaway,STF023
ORD02976,OUT017,2024-02-13,10:38:50,39000,Tunai,dine_in,STF099
ORD03491,OUT020,2024-02-13,13:07:53,129000,QRIS,dine_in,STF115
ORD03464,OUT014,2024-02-13,16:19:16,68000,OVO,delivery,STF084
ORD03026,OUT012,2024-02-13,18:59:44,33000,Kartu Debit,dine_in,STF071
ORD03480,OUT009,2024-02-14,12:01:57,55000,Kartu Debit,dine_in,STF050
ORD03098,OUT009,2024-02-14,12:47:05,29000,OVO,dine_in,STF050
ORD03932,OUT014,2024-02-14,13:43:26,23000,GoPay,dine_in,STF079
ORD02632,OUT007,2024-02-14,17:00:29,79000,QRIS,dine_in,STF042
ORD03622,OUT010,2024-02-15,07:27:50,102000,GoPay,takeaway,STF060
ORD03529,OUT019,2024-02-15,08:00:04,37000,GoPay,dine_in,STF112
ORD03333,OUT006,2024-02-15,08:24:14,24000,Kartu Debit,dine_in,STF031
ORD02948,OUT005,2024-02-15,12:07:55,40000,Kartu Debit,dine_in,STF027
ORD03651,OUT020,2024-02-15,12:48:36,54000,QRIS,dine_in,STF115
ORD02889,OUT013,2024-02-15,18:40:50,125000,Tunai,dine_in,STF077
ORD02569,OUT019,2024-02-15,18:52:28,68000,OVO,dine_in,STF113
ORD03202,OUT003,2024-02-16,07:29:06,187000,OVO,takeaway,STF014
ORD03978,OUT012,2024-02-16,08:11:42,51000,QRIS,takeaway,STF069
ORD03019,OUT008,2024-02-16,19:04:45,135000,QRIS,delivery,STF043
ORD03994,OUT019,2024-02-17,11:08:02,120000,GoPay,delivery,STF111
ORD03845,OUT014,2024-02-17,17:16:07,146000,QRIS,dine_in,STF079
ORD02690,OUT005,2024-02-17,18:12:16,206000,Kartu Debit,dine_in,STF026
ORD03737,OUT020,2024-02-17,18:37:54,47000,OVO,dine_in,STF116
ORD04124,OUT004,2024-02-17,19:53:44,40000,OVO,dine_in,STF019
ORD02888,OUT020,2024-02-17,22:11:33,170000,Kartu Debit,dine_in,STF118
ORD03155,OUT007,2024-02-18,07:21:57,123000,OVO,takeaway,STF040
ORD02942,OUT017,2024-02-18,08:57:17,39000,GoPay,dine_in,STF097
ORD04067,OUT003,2024-02-18,17:58:55,91000,GoPay,dine_in,STF014
ORD03780,OUT010,2024-02-18,18:57:43,116000,Tunai,dine_in,STF056
ORD03849,OUT013,2024-02-19,08:35:33,54000,OVO,takeaway,STF075
ORD02878,OUT001,2024-02-19,12:32:52,89000,QRIS,delivery,STF005
ORD02993,OUT004,2024-02-19,13:30:59,83000,Tunai,dine_in,STF020
ORD03258,OUT019,2024-02-19,17:22:15,143000,Tunai,dine_in,STF112
ORD03881,OUT009,2024-02-20,08:59:10,29000,QRIS,dine_in,STF053
ORD02751,OUT016,2024-02-20,12:03:52,27000,Kartu Debit,dine_in,STF092
ORD03110,OUT012,2024-02-20,13:08:06,154000,GoPay,takeaway,STF072
ORD03617,OUT012,2024-02-20,16:01:31,188000,GoPay,dine_in,STF070
ORD02991,OUT012,2024-02-20,17:39:09,52000,OVO,dine_in,STF071
ORD04141,OUT020,2024-02-21,08:03:22,58000,Tunai,dine_in,STF115
ORD03713,OUT016,2024-02-21,13:53:29,30000,Tunai,dine_in,STF096
ORD02871,OUT003,2024-02-21,16:33:19,50000,QRIS,dine_in,STF014
ORD03683,OUT012,2024-02-21,18:48:32,51000,Tunai,delivery,STF072
ORD03186,OUT012,2024-02-22,17:48:57,27000,QRIS,dine_in,STF069
ORD04076,OUT001,2024-02-23,12:11:01,36000,OVO,dine_in,STF005
ORD02620,OUT013,2024-02-23,12:12:26,28000,Tunai,takeaway,STF076
ORD03351,OUT016,2024-02-23,18:42:09,63000,Tunai,takeaway,STF093
ORD03584,OUT019,2024-02-23,20:58:04,56000,Kartu Debit,takeaway,STF111
ORD03748,OUT007,2024-02-24,12:10:19,100000,QRIS,takeaway,STF042
ORD03074,OUT009,2024-02-24,12:31:49,40000,QRIS,dine_in,STF050
ORD03537,OUT011,2024-02-24,14:46:16,46000,GoPay,dine_in,STF063
ORD04036,OUT009,2024-02-24,17:04:32,36000,OVO,delivery,STF053
ORD03947,OUT019,2024-02-24,17:25:38,39000,GoPay,dine_in,STF113
ORD03336,OUT019,2024-02-24,17:57:06,111000,Tunai,takeaway,STF114
ORD04193,OUT002,2024-02-24,18:10:28,63000,Kartu Debit,dine_in,STF009
ORD02515,OUT001,2024-02-25,07:09:03,94000,Tunai,takeaway,STF004
ORD04023,OUT010,2024-02-25,12:11:39,154000,OVO,dine_in,STF058
ORD02940,OUT014,2024-02-25,13:37:32,150000,QRIS,takeaway,STF080
ORD04168,OUT010,2024-02-25,16:51:29,28000,Tunai,dine_in,STF057
ORD03834,OUT013,2024-02-25,19:06:08,246000,Kartu Debit,delivery,STF075
ORD02937,OUT013,2024-02-26,08:36:37,120000,QRIS,takeaway,STF075
ORD02599,OUT007,2024-02-26,12:22:43,123000,Kartu Debit,takeaway,STF041
ORD03570,OUT009,2024-02-26,12:26:06,29000,QRIS,delivery,STF053
ORD03083,OUT005,2024-02-26,13:11:47,21000,QRIS,takeaway,STF029
ORD02825,OUT016,2024-02-26,19:20:51,24000,QRIS,delivery,STF092
ORD02848,OUT006,2024-02-27,12:26:48,75000,GoPay,takeaway,STF033
ORD03041,OUT007,2024-02-27,19:37:31,45000,GoPay,takeaway,STF039
ORD02562,OUT003,2024-02-28,07:40:08,27000,GoPay,dine_in,STF013
ORD03273,OUT010,2024-02-29,13:00:49,137000,GoPay,delivery,STF058
ORD03027,OUT002,2024-02-29,22:51:20,57000,Tunai,delivery,STF012
ORD03970,OUT012,2024-03-01,07:13:45,52000,OVO,takeaway,STF069
ORD03053,OUT004,2024-03-01,12:36:54,72000,OVO,takeaway,STF022
ORD03745,OUT013,2024-03-01,19:53:30,79000,QRIS,takeaway,STF076
ORD02681,OUT019,2024-03-02,07:06:48,73000,OVO,dine_in,STF114
ORD03320,OUT001,2024-03-02,07:48:12,265000,Kartu Debit,takeaway,STF005
ORD03554,OUT010,2024-03-02,17:17:40,38000,Kartu Debit,delivery,STF057
ORD04064,OUT017,2024-03-02,18:55:58,50000,Tunai,dine_in,STF102
ORD03168,OUT004,2024-03-02,19:36:40,71000,Kartu Debit,takeaway,STF023
ORD02803,OUT007,2024-03-03,07:16:29,24000,Tunai,delivery,STF039
ORD03482,OUT017,2024-03-03,07:56:12,188000,QRIS,dine_in,STF102
ORD03773,OUT010,2024-03-03,12:01:12,60000,OVO,dine_in,STF058
ORD03902,OUT013,2024-03-03,12:49:49,70000,QRIS,dine_in,STF078
ORD03678,OUT016,2024-03-03,15:53:09,60000,GoPay,dine_in,STF092
ORD02581,OUT003,2024-03-03,18:00:08,69000,Kartu Debit,dine_in,STF018
ORD03749,OUT012,2024-03-03,18:13:23,78000,Tunai,dine_in,STF071
ORD03766,OUT020,2024-03-03,18:43:37,40000,Tunai,delivery,STF116
ORD02649,OUT005,2024-03-03,19:12:23,27000,Tunai,delivery,STF026
ORD02595,OUT020,2024-03-04,18:08:02,128000,OVO,dine_in,STF118
ORD03793,OUT016,2024-03-04,22:55:52,99000,QRIS,dine_in,STF092
ORD02838,OUT017,2024-03-05,07:52:18,50000,QRIS,takeaway,STF101
ORD03769,OUT011,2024-03-05,08:19:38,100000,GoPay,dine_in,STF062
ORD03494,OUT006,2024-03-05,13:41:56,63000,Tunai,takeaway,STF034
ORD02554,OUT014,2024-03-05,16:52:31,239000,GoPay,delivery,STF081
ORD02962,OUT014,2024-03-05,17:18:02,96000,GoPay,dine_in,STF082
ORD04204,OUT009,2024-03-05,19:07:13,203000,QRIS,takeaway,STF053
ORD02752,OUT003,2024-03-05,19:21:09,62000,OVO,takeaway,STF015
ORD02736,OUT007,2024-03-05,19:31:43,120000,QRIS,dine_in,STF037
ORD03543,OUT006,2024-03-06,07:09:56,87000,QRIS,dine_in,STF036
ORD04070,OUT013,2024-03-07,07:13:33,68000,QRIS,delivery,STF076
ORD03147,OUT013,2024-03-07,08:11:28,50000,QRIS,dine_in,STF076
ORD03803,OUT008,2024-03-07,12:29:23,59000,GoPay,dine_in,STF043
ORD03839,OUT002,2024-03-07,13:48:43,50000,GoPay,dine_in,STF011
ORD02859,OUT007,2024-03-07,14:01:30,299000,GoPay,dine_in,STF042
ORD03461,OUT016,2024-03-08,07:21:17,51000,Kartu Debit,delivery,STF092
ORD04197,OUT016,2024-03-08,13:07:41,29000,Tunai,takeaway,STF096
ORD03648,OUT004,2024-03-08,17:17:23,34000,Kartu Debit,takeaway,STF024
ORD03393,OUT007,2024-03-09,07:09:13,115000,GoPay,takeaway,STF039
ORD03377,OUT009,2024-03-09,08:10:12,56000,GoPay,dine_in,STF053
ORD03475,OUT019,2024-03-09,08:38:22,44000,Kartu Debit,dine_in,STF111
ORD03030,OUT014,2024-03-09,13:03:05,76000,GoPay,takeaway,STF079
ORD04137,OUT014,2024-03-09,17:21:25,120000,Kartu Debit,delivery,STF082
ORD03599,OUT020,2024-03-09,18:37:57,127000,Kartu Debit,dine_in,STF118
ORD03785,OUT007,2024-03-09,19:25:33,148000,QRIS,takeaway,STF042
ORD02707,OUT001,2024-03-09,19:35:40,80000,QRIS,takeaway,STF005
ORD02610,OUT006,2024-03-10,08:36:55,29000,Tunai,takeaway,STF032
ORD03586,OUT009,2024-03-10,08:51:08,91000,Kartu Debit,delivery,STF053
ORD03225,OUT009,2024-03-10,11:37:16,29000,OVO,takeaway,STF053
ORD04222,OUT005,2024-03-10,14:22:57,175000,GoPay,dine_in,STF029
ORD03900,OUT009,2024-03-11,08:59:36,96000,Kartu Debit,delivery,STF053
ORD04034,OUT007,2024-03-11,09:35:05,18000,QRIS,delivery,STF040
ORD03592,OUT006,2024-03-11,12:19:36,64000,Kartu Debit,takeaway,STF033
ORD03538,OUT013,2024-03-11,14:03:13,67000,GoPay,dine_in,STF076
ORD03814,OUT009,2024-03-12,07:45:15,181000,OVO,dine_in,STF051
ORD03201,OUT003,2024-03-12,08:35:33,58000,QRIS,takeaway,STF018
ORD03618,OUT005,2024-03-12,08:52:20,56000,GoPay,delivery,STF026
ORD03910,OUT007,2024-03-12,13:53:19,84000,QRIS,delivery,STF039
ORD02511,OUT001,2024-03-12,17:51:58,60000,GoPay,dine_in,STF005
ORD02533,OUT005,2024-03-13,08:26:55,98000,Kartu Debit,takeaway,STF029
ORD02714,OUT002,2024-03-13,08:42:33,36000,OVO,dine_in,STF007
ORD03971,OUT002,2024-03-13,12:29:48,58000,Tunai,delivery,STF009
ORD02574,OUT008,2024-03-13,15:29:01,47000,QRIS,takeaway,STF044
ORD03292,OUT007,2024-03-13,20:08:19,29000,Kartu Debit,takeaway,STF041
ORD02961,OUT006,2024-03-14,13:35:40,200000,Tunai,dine_in,STF032
ORD03824,OUT006,2024-03-14,15:20:22,29000,QRIS,dine_in,STF032
ORD03346,OUT013,2024-03-14,17:31:47,49000,OVO,dine_in,STF073
ORD02887,OUT012,2024-03-14,17:34:28,20000,Kartu Debit,delivery,STF071
ORD03650,OUT011,2024-03-14,18:30:41,29000,Kartu Debit,dine_in,STF061
ORD03005,OUT007,2024-03-14,18:31:14,40000,Kartu Debit,takeaway,STF039
ORD03912,OUT003,2024-03-14,18:50:47,27000,Tunai,dine_in,STF015
ORD03007,OUT010,2024-03-14,19:42:21,113000,Tunai,dine_in,STF060
ORD03594,OUT006,2024-03-15,08:43:19,105000,GoPay,delivery,STF031
ORD02990,OUT019,2024-03-15,19:03:41,142000,QRIS,dine_in,STF112
ORD03183,OUT005,2024-03-15,19:31:44,58000,Kartu Debit,takeaway,STF025
ORD02919,OUT012,2024-03-16,08:22:18,36000,QRIS,dine_in,STF068
ORD04170,OUT019,2024-03-16,18:01:00,58000,Kartu Debit,delivery,STF112
ORD04000,OUT003,2024-03-17,12:32:32,62000,Tunai,takeaway,STF014
ORD03086,OUT002,2024-03-17,19:42:02,77000,GoPay,takeaway,STF008
ORD03496,OUT011,2024-03-18,07:01:50,68000,Tunai,dine_in,STF063
ORD02849,OUT008,2024-03-18,11:54:43,29000,OVO,delivery,STF046
ORD04120,OUT013,2024-03-18,13:28:53,47000,GoPay,dine_in,STF077
ORD03507,OUT019,2024-03-18,13:37:48,29000,Tunai,dine_in,STF111
ORD02807,OUT013,2024-03-18,14:35:14,30000,QRIS,dine_in,STF076
ORD03267,OUT002,2024-03-20,13:51:33,103000,GoPay,takeaway,STF009
ORD03558,OUT010,2024-03-20,15:13:28,56000,OVO,dine_in,STF059
ORD04013,OUT012,2024-03-20,15:58:05,107000,Tunai,takeaway,STF072
ORD03299,OUT010,2024-03-20,17:17:16,243000,OVO,takeaway,STF058
ORD03926,OUT020,2024-03-21,07:40:35,144000,Kartu Debit,dine_in,STF116
ORD02918,OUT013,2024-03-21,07:43:05,37000,GoPay,takeaway,STF078
ORD02958,OUT001,2024-03-21,08:34:03,195000,GoPay,takeaway,STF002
ORD02978,OUT012,2024-03-21,14:23:38,90000,QRIS,dine_in,STF071
ORD03624,OUT020,2024-03-22,13:42:01,102000,QRIS,delivery,STF116
ORD03068,OUT006,2024-03-22,15:00:00,27000,QRIS,dine_in,STF032
ORD02513,OUT010,2024-03-22,17:17:32,49000,GoPay,dine_in,STF055
ORD03934,OUT014,2024-03-22,19:46:21,123000,Tunai,dine_in,STF079
ORD03706,OUT010,2024-03-23,08:46:49,26000,OVO,dine_in,STF058
ORD02864,OUT002,2024-03-23,11:57:32,29000,GoPay,dine_in,STF011
ORD04138,OUT013,2024-03-23,12:19:14,65000,QRIS,dine_in,STF076
ORD04233,OUT007,2024-03-23,12:21:44,30000,QRIS,dine_in,STF041
ORD03414,OUT006,2024-03-23,14:12:33,28000,Kartu Debit,dine_in,STF032
ORD03898,OUT009,2024-03-23,19:58:14,144000,QRIS,dine_in,STF050
ORD03670,OUT014,2024-03-25,08:06:52,51000,GoPay,dine_in,STF079
ORD03151,OUT011,2024-03-25,12:28:54,206000,QRIS,delivery,STF064
ORD02643,OUT017,2024-03-25,12:29:41,59000,GoPay,dine_in,STF099
ORD04077,OUT017,2024-03-25,12:37:08,56000,QRIS,dine_in,STF099
ORD03644,OUT010,2024-03-25,13:39:31,58000,Tunai,dine_in,STF055
ORD04142,OUT002,2024-03-25,16:56:04,199000,QRIS,takeaway,STF011
ORD03440,OUT004,2024-03-25,21:45:07,90000,Tunai,dine_in,STF020
ORD02717,OUT014,2024-03-26,07:32:22,78000,GoPay,dine_in,STF082
ORD02744,OUT010,2024-03-26,16:51:04,95000,GoPay,dine_in,STF055
ORD04230,OUT008,2024-03-26,18:19:05,27000,GoPay,delivery,STF045
ORD02826,OUT004,2024-03-26,18:58:41,184000,GoPay,dine_in,STF024
ORD03259,OUT016,2024-03-26,20:06:55,41000,Kartu Debit,dine_in,STF093
ORD03596,OUT008,2024-03-27,07:19:20,39000,OVO,delivery,STF045
ORD02731,OUT012,2024-03-27,08:56:56,65000,Kartu Debit,takeaway,STF071
ORD03421,OUT012,2024-03-27,10:17:35,166000,OVO,delivery,STF070
ORD02582,OUT012,2024-03-27,11:28:49,64000,QRIS,takeaway,STF071
ORD04216,OUT017,2024-03-27,12:43:49,67000,Tunai,dine_in,STF099
ORD03552,OUT019,2024-03-27,21:41:14,59000,OVO,takeaway,STF114
ORD03936,OUT007,2024-03-28,08:50:57,194000,GoPay,delivery,STF037
ORD04207,OUT006,2024-03-28,10:38:12,54000,GoPay,dine_in,STF034
ORD03250,OUT019,2024-03-28,13:13:16,136000,Kartu Debit,dine_in,STF111
ORD03687,OUT017,2024-03-28,13:32:15,217000,Tunai,delivery,STF097
ORD03851,OUT016,2024-03-28,14:49:39,108000,Kartu Debit,dine_in,STF093
ORD02904,OUT014,2024-03-28,17:59:04,39000,OVO,dine_in,STF080
ORD03443,OUT003,2024-03-28,18:08:44,44000,QRIS,dine_in,STF015
ORD02512,OUT020,2024-03-28,18:21:11,40000,Kartu Debit,dine_in,STF116
ORD03011,OUT004,2024-03-28,19:46:08,76000,GoPay,dine_in,STF020
ORD03918,OUT001,2024-03-28,20:42:55,109000,QRIS,dine_in,STF006
ORD03515,OUT014,2024-03-29,07:55:51,73000,OVO,takeaway,STF082
ORD03422,OUT001,2024-03-29,08:43:43,176000,QRIS,delivery,STF004
ORD03568,OUT012,2024-03-29,11:13:33,39000,OVO,dine_in,STF069
ORD02968,OUT007,2024-03-29,13:42:43,40000,GoPay,delivery,STF039
ORD03878,OUT011,2024-03-29,18:04:31,155000,OVO,delivery,STF063
ORD03184,OUT019,2024-03-29,18:47:23,33000,Kartu Debit,dine_in,STF113
ORD03122,OUT016,2024-03-30,08:29:10,26000,GoPay,delivery,STF093
ORD03647,OUT001,2024-03-30,18:46:18,169000,OVO,delivery,STF005
ORD03966,OUT020,2024-03-30,19:59:04,29000,OVO,dine_in,STF118
ORD03455,OUT005,2024-03-31,08:45:34,42000,OVO,takeaway,STF029
ORD03354,OUT020,2024-03-31,11:58:16,52000,QRIS,dine_in,STF118
ORD03158,OUT013,2024-03-31,13:35:17,160000,GoPay,takeaway,STF075
ORD03195,OUT003,2024-03-31,14:42:55,130000,Tunai,dine_in,STF015
ORD03211,OUT002,2024-03-31,17:41:56,70000,Tunai,dine_in,STF012
ORD03031,OUT012,2024-03-31,18:03:35,66000,Kartu Debit,dine_in,STF070
ORD02594,OUT016,2024-03-31,19:26:39,27000,OVO,delivery,STF093
ORD03689,OUT012,2024-03-31,21:24:36,34000,Tunai,delivery,STF068
ORD04016,OUT019,2024-04-01,08:09:20,44000,Kartu Debit,delivery,STF112
ORD03576,OUT016,2024-04-01,09:25:38,104000,OVO,dine_in,STF092
ORD03876,OUT009,2024-04-01,12:47:32,90000,OVO,dine_in,STF051
ORD03052,OUT008,2024-04-01,20:36:55,69000,Kartu Debit,dine_in,STF045
ORD03466,OUT009,2024-04-02,07:00:10,67000,OVO,takeaway,STF050
ORD02741,OUT006,2024-04-02,09:27:16,154000,GoPay,dine_in,STF031
ORD03841,OUT007,2024-04-02,12:40:09,52000,QRIS,takeaway,STF039
ORD03684,OUT009,2024-04-02,13:52:56,29000,Kartu Debit,takeaway,STF050
ORD04127,OUT007,2024-04-02,17:34:34,135000,GoPay,takeaway,STF040
ORD02923,OUT016,2024-04-03,08:34:06,45000,OVO,dine_in,STF096
ORD02880,OUT017,2024-04-03,18:11:30,208000,Kartu Debit,delivery,STF099
ORD03173,OUT020,2024-04-03,19:19:38,59000,Tunai,dine_in,STF116
ORD03792,OUT009,2024-04-03,22:46:15,27000,OVO,dine_in,STF050
ORD03985,OUT006,2024-04-04,07:47:08,65000,OVO,dine_in,STF033
ORD04122,OUT005,2024-04-04,08:08:14,125000,QRIS,dine_in,STF029
ORD03539,OUT010,2024-04-04,08:29:41,108000,QRIS,takeaway,STF060
ORD03046,OUT009,2024-04-04,12:01:36,142000,OVO,dine_in,STF050
ORD03162,OUT001,2024-04-04,12:21:29,118000,QRIS,delivery,STF004
ORD03686,OUT007,2024-04-04,12:49:12,142000,Tunai,delivery,STF037
ORD03962,OUT011,2024-04-04,18:59:43,189000,Tunai,delivery,STF063
ORD04144,OUT014,2024-04-04,19:38:22,51000,Tunai,dine_in,STF084
ORD03655,OUT019,2024-04-05,13:20:17,27000,Tunai,dine_in,STF114
ORD02670,OUT012,2024-04-05,19:10:23,121000,GoPay,delivery,STF068
ORD03228,OUT003,2024-04-06,07:28:26,56000,GoPay,dine_in,STF018
ORD03961,OUT020,2024-04-06,13:37:58,110000,QRIS,dine_in,STF120
ORD03230,OUT016,2024-04-06,13:48:54,79000,Tunai,delivery,STF093
ORD02869,OUT008,2024-04-06,16:09:08,29000,OVO,dine_in,STF047
ORD02718,OUT017,2024-04-06,17:11:41,171000,QRIS,dine_in,STF101
ORD03895,OUT006,2024-04-06,17:17:49,56000,OVO,dine_in,STF036
ORD02637,OUT017,2024-04-06,19:36:04,205000,GoPay,takeaway,STF101
ORD03955,OUT008,2024-04-06,19:38:51,48000,Tunai,takeaway,STF048
ORD03251,OUT003,2024-04-07,08:48:09,29000,Tunai,delivery,STF014
ORD02947,OUT004,2024-04-07,12:09:20,21000,QRIS,dine_in,STF023
ORD03922,OUT001,2024-04-07,18:56:49,84000,OVO,dine_in,STF005
ORD03828,OUT016,2024-04-07,19:36:50,33000,Tunai,dine_in,STF096
ORD02827,OUT012,2024-04-08,08:03:45,181000,OVO,dine_in,STF071
ORD02980,OUT006,2024-04-08,13:28:28,50000,OVO,dine_in,STF036
ORD02678,OUT003,2024-04-08,13:57:12,50000,QRIS,takeaway,STF013
ORD02945,OUT020,2024-04-08,17:25:59,54000,OVO,delivery,STF116
ORD02749,OUT001,2024-04-08,18:31:39,95000,GoPay,delivery,STF002
ORD02981,OUT011,2024-04-08,18:31:55,78000,Kartu Debit,takeaway,STF065
ORD03470,OUT013,2024-04-09,08:47:16,120000,QRIS,dine_in,STF078
ORD03853,OUT016,2024-04-09,11:36:40,73000,QRIS,dine_in,STF096
ORD02583,OUT016,2024-04-09,11:45:28,37000,QRIS,dine_in,STF096
ORD03399,OUT006,2024-04-10,17:31:02,57000,Kartu Debit,dine_in,STF034
ORD02549,OUT012,2024-04-10,18:17:11,56000,GoPay,delivery,STF070
ORD03510,OUT009,2024-04-10,18:56:06,78000,GoPay,dine_in,STF051
ORD03417,OUT007,2024-04-10,21:17:07,57000,QRIS,dine_in,STF039
ORD03492,OUT017,2024-04-11,07:44:40,88000,OVO,dine_in,STF101
ORD03945,OUT003,2024-04-11,13:01:28,29000,Kartu Debit,dine_in,STF017
ORD03253,OUT017,2024-04-11,13:35:51,130000,GoPay,dine_in,STF098
ORD02740,OUT014,2024-04-11,13:59:14,24000,GoPay,dine_in,STF080
ORD03758,OUT003,2024-04-12,08:53:28,38000,Kartu Debit,dine_in,STF018
ORD03893,OUT010,2024-04-12,12:22:28,27000,QRIS,dine_in,STF060
ORD03859,OUT003,2024-04-13,18:31:32,40000,GoPay,dine_in,STF018
ORD04051,OUT009,2024-04-13,19:50:46,52000,GoPay,takeaway,STF051
ORD04201,OUT014,2024-04-14,12:04:37,64000,QRIS,takeaway,STF084
ORD03698,OUT006,2024-04-14,12:27:27,143000,QRIS,dine_in,STF036
ORD03090,OUT016,2024-04-14,22:58:06,96000,QRIS,dine_in,STF096
ORD02883,OUT002,2024-04-15,07:19:45,68000,Tunai,takeaway,STF011
ORD03270,OUT019,2024-04-15,13:43:05,60000,OVO,dine_in,STF113
ORD02974,OUT007,2024-04-16,07:54:59,144000,QRIS,dine_in,STF038
ORD04148,OUT019,2024-04-16,08:29:10,48000,GoPay,takeaway,STF113
ORD03998,OUT002,2024-04-16,08:34:59,201000,Tunai,dine_in,STF009
ORD04117,OUT002,2024-04-16,12:06:27,29000,Kartu Debit,takeaway,STF012
ORD03663,OUT006,2024-04-16,12:15:10,119000,OVO,dine_in,STF036
ORD03395,OUT013,2024-04-16,12:25:17,72000,GoPay,delivery,STF077
ORD03639,OUT004,2024-04-16,12:36:56,156000,Kartu Debit,dine_in,STF024
ORD03474,OUT019,2024-04-16,13:35:33,162000,GoPay,dine_in,STF114
ORD03268,OUT014,2024-04-16,16:00:14,18000,QRIS,delivery,STF079
ORD02722,OUT002,2024-04-16,17:07:39,40000,OVO,delivery,STF009
ORD03003,OUT006,2024-04-17,07:11:21,58000,QRIS,takeaway,STF034
ORD02539,OUT001,2024-04-17,07:17:12,27000,Tunai,dine_in,STF005
ORD03801,OUT001,2024-04-17,11:10:24,27000,Tunai,takeaway,STF006
ORD03332,OUT014,2024-04-17,12:05:06,54000,QRIS,dine_in,STF084
ORD02561,OUT011,2024-04-17,12:05:56,70000,Tunai,delivery,STF062
ORD03309,OUT006,2024-04-17,12:59:59,80000,GoPay,takeaway,STF035
ORD04017,OUT005,2024-04-17,15:21:02,22000,GoPay,dine_in,STF027
ORD02653,OUT010,2024-04-17,17:10:56,88000,Kartu Debit,delivery,STF057
ORD02808,OUT009,2024-04-17,17:17:09,64000,Kartu Debit,takeaway,STF051
ORD03324,OUT009,2024-04-17,19:01:51,209000,OVO,dine_in,STF053
ORD03376,OUT020,2024-04-18,08:42:34,123000,Tunai,dine_in,STF115
ORD02611,OUT004,2024-04-18,11:42:44,139000,GoPay,dine_in,STF022
ORD03204,OUT014,2024-04-18,14:49:04,126000,Kartu Debit,takeaway,STF079
ORD02858,OUT004,2024-04-18,17:39:22,131000,GoPay,dine_in,STF020
ORD03899,OUT011,2024-04-18,18:25:00,49000,OVO,dine_in,STF063
ORD04082,OUT009,2024-04-18,19:02:14,58000,GoPay,dine_in,STF051
ORD03908,OUT010,2024-04-18,19:39:01,98000,OVO,delivery,STF060
ORD04015,OUT004,2024-04-18,21:16:12,40000,QRIS,takeaway,STF022
ORD02503,OUT004,2024-04-19,14:23:28,54000,OVO,dine_in,STF024
ORD02786,OUT006,2024-04-20,07:13:43,392000,Tunai,dine_in,STF036
ORD04244,OUT014,2024-04-20,18:58:22,24000,Tunai,delivery,STF079
ORD03018,OUT008,2024-04-20,21:49:01,58000,QRIS,takeaway,STF046
ORD02847,OUT011,2024-04-21,08:29:51,50000,OVO,dine_in,STF063
ORD03775,OUT017,2024-04-21,12:06:48,54000,GoPay,dine_in,STF099
ORD04030,OUT014,2024-04-21,12:42:17,62000,Tunai,dine_in,STF081
ORD02628,OUT014,2024-04-21,14:38:13,27000,Kartu Debit,dine_in,STF079
ORD03579,OUT019,2024-04-21,18:07:22,160000,Tunai,takeaway,STF112
ORD04186,OUT005,2024-04-22,07:58:00,18000,Tunai,dine_in,STF026
ORD04114,OUT012,2024-04-22,19:04:21,59000,QRIS,dine_in,STF072
ORD03645,OUT013,2024-04-22,19:52:53,39000,GoPay,takeaway,STF076
ORD02944,OUT004,2024-04-22,21:35:02,44000,OVO,takeaway,STF024
ORD03733,OUT001,2024-04-23,07:07:12,100000,OVO,delivery,STF005
ORD02957,OUT020,2024-04-23,07:41:20,50000,Kartu Debit,delivery,STF115
ORD02592,OUT004,2024-04-23,08:28:32,56000,Tunai,takeaway,STF023
ORD02800,OUT017,2024-04-23,11:58:04,138000,QRIS,dine_in,STF097
ORD03323,OUT019,2024-04-23,12:10:36,144000,GoPay,dine_in,STF114
ORD03761,OUT012,2024-04-23,14:45:27,68000,OVO,dine_in,STF070
ORD04196,OUT009,2024-04-23,18:24:24,38000,OVO,takeaway,STF050
ORD02546,OUT016,2024-04-24,17:35:57,152000,Kartu Debit,dine_in,STF093
ORD03601,OUT004,2024-04-24,18:18:54,40000,QRIS,dine_in,STF023
ORD04035,OUT001,2024-04-25,08:03:58,29000,QRIS,dine_in,STF005
ORD02840,OUT017,2024-04-25,08:09:50,139000,Kartu Debit,delivery,STF097
ORD03739,OUT014,2024-04-25,10:05:19,49000,OVO,dine_in,STF084
ORD02634,OUT017,2024-04-25,12:35:59,182000,GoPay,dine_in,STF100
ORD04020,OUT013,2024-04-25,12:44:22,37000,Tunai,dine_in,STF078
ORD03100,OUT016,2024-04-25,19:39:12,54000,GoPay,takeaway,STF092
ORD03906,OUT008,2024-04-26,08:59:55,111000,GoPay,dine_in,STF046
ORD02806,OUT017,2024-04-26,11:17:47,88000,Tunai,dine_in,STF098
ORD03223,OUT011,2024-04-26,13:48:18,100000,GoPay,dine_in,STF063
ORD03390,OUT003,2024-04-26,17:15:28,81000,OVO,dine_in,STF018
ORD04037,OUT003,2024-04-26,19:53:43,37000,Tunai,dine_in,STF013
ORD02532,OUT014,2024-04-27,12:46:38,24000,GoPay,dine_in,STF084
ORD02818,OUT019,2024-04-27,14:00:13,65000,Tunai,delivery,STF113
ORD04024,OUT008,2024-04-27,22:42:02,73000,GoPay,dine_in,STF046
ORD03585,OUT007,2024-04-28,08:28:09,29000,OVO,delivery,STF039
ORD03628,OUT006,2024-04-28,12:39:09,56000,GoPay,dine_in,STF031
ORD02506,OUT004,2024-04-28,12:50:24,27000,Tunai,delivery,STF020
ORD03055,OUT007,2024-04-28,18:03:23,93000,Tunai,dine_in,STF040
ORD03621,OUT013,2024-04-28,19:15:49,132000,Tunai,takeaway,STF078
ORD03066,OUT017,2024-04-29,07:45:59,50000,Kartu Debit,takeaway,STF098
ORD03595,OUT001,2024-04-29,08:06:29,99000,OVO,dine_in,STF001
ORD03669,OUT004,2024-04-29,08:48:10,165000,GoPay,dine_in,STF022
ORD02841,OUT011,2024-04-29,12:17:10,106000,Tunai,delivery,STF061
ORD03935,OUT014,2024-04-29,17:04:51,167000,GoPay,takeaway,STF081
ORD03933,OUT014,2024-04-29,17:06:12,39000,QRIS,dine_in,STF084
ORD03923,OUT005,2024-04-29,18:40:36,168000,OVO,delivery,STF025
ORD03444,OUT019,2024-04-29,21:29:32,47000,GoPay,dine_in,STF114
ORD03575,OUT013,2024-04-30,08:43:25,53000,QRIS,takeaway,STF073
ORD03544,OUT008,2024-04-30,11:13:48,40000,Tunai,dine_in,STF045
ORD03037,OUT013,2024-04-30,11:41:47,37000,OVO,takeaway,STF078
ORD02541,OUT004,2024-04-30,12:47:29,60000,Tunai,dine_in,STF020
ORD03725,OUT001,2024-04-30,17:26:28,56000,QRIS,delivery,STF005
ORD02590,OUT005,2024-04-30,19:20:51,233000,Tunai,delivery,STF029
ORD02796,OUT014,2024-04-30,20:11:48,20000,GoPay,takeaway,STF081
ORD02529,OUT003,2024-05-01,07:51:20,72000,Tunai,dine_in,STF013
ORD03366,OUT020,2024-05-01,08:45:56,54000,QRIS,dine_in,STF120
ORD03105,OUT008,2024-05-02,08:08:12,79000,GoPay,dine_in,STF044
ORD03407,OUT010,2024-05-02,08:44:08,40000,Kartu Debit,delivery,STF055
ORD02641,OUT019,2024-05-02,13:32:03,96000,Tunai,takeaway,STF114
ORD03473,OUT008,2024-05-02,15:51:20,39000,GoPay,dine_in,STF047
ORD03367,OUT008,2024-05-02,19:33:32,151000,OVO,takeaway,STF044
ORD03185,OUT003,2024-05-03,07:07:07,33000,OVO,delivery,STF015
ORD03635,OUT019,2024-05-03,07:13:11,24000,GoPay,delivery,STF113
ORD03531,OUT010,2024-05-03,13:57:10,60000,GoPay,takeaway,STF055
ORD03979,OUT013,2024-05-03,18:04:17,74000,OVO,takeaway,STF077
ORD02997,OUT012,2024-05-03,19:53:44,29000,QRIS,dine_in,STF068
ORD03950,OUT013,2024-05-04,11:06:44,170000,QRIS,dine_in,STF078
ORD03093,OUT020,2024-05-04,13:00:08,63000,QRIS,delivery,STF115
ORD03314,OUT019,2024-05-04,13:00:43,67000,GoPay,takeaway,STF114
ORD02903,OUT011,2024-05-04,14:19:52,133000,QRIS,takeaway,STF063
ORD02537,OUT001,2024-05-04,16:35:23,80000,Kartu Debit,dine_in,STF001
ORD03924,OUT007,2024-05-04,17:09:14,92000,OVO,takeaway,STF041
ORD02754,OUT003,2024-05-05,07:26:54,123000,QRIS,takeaway,STF017
ORD03059,OUT019,2024-05-05,11:25:35,108000,Kartu Debit,takeaway,STF114
ORD02556,OUT016,2024-05-05,19:24:42,65000,QRIS,delivery,STF096
ORD02719,OUT002,2024-05-05,19:47:51,52000,Kartu Debit,dine_in,STF007
ORD03757,OUT001,2024-05-05,20:15:10,63000,OVO,delivery,STF004
ORD03119,OUT009,2024-05-06,07:31:34,96000,GoPay,takeaway,STF050
ORD02914,OUT008,2024-05-06,08:49:48,54000,QRIS,dine_in,STF044
ORD03233,OUT010,2024-05-06,11:22:29,132000,GoPay,takeaway,STF059
ORD04038,OUT003,2024-05-06,12:06:22,101000,Tunai,delivery,STF018
ORD02868,OUT009,2024-05-06,12:25:01,60000,GoPay,delivery,STF053
ORD02576,OUT010,2024-05-06,15:17:09,27000,QRIS,takeaway,STF059
ORD04188,OUT004,2024-05-07,08:06:09,81000,Kartu Debit,takeaway,STF022
ORD03968,OUT010,2024-05-07,12:53:04,72000,Kartu Debit,dine_in,STF059
ORD02720,OUT010,2024-05-07,19:55:27,72000,GoPay,delivery,STF056
ORD03357,OUT019,2024-05-08,18:00:43,94000,GoPay,dine_in,STF114
ORD02609,OUT003,2024-05-08,18:38:32,24000,QRIS,takeaway,STF014
ORD03416,OUT005,2024-05-08,19:28:43,86000,GoPay,takeaway,STF026
ORD03264,OUT020,2024-05-08,20:25:59,52000,Kartu Debit,dine_in,STF116
ORD03477,OUT006,2024-05-09,07:22:48,20000,GoPay,takeaway,STF036
ORD02694,OUT006,2024-05-09,08:20:13,22000,Tunai,takeaway,STF035
ORD02510,OUT014,2024-05-09,09:33:46,21000,OVO,dine_in,STF079
ORD02570,OUT017,2024-05-09,12:36:24,44000,OVO,takeaway,STF098
ORD04071,OUT005,2024-05-09,13:12:28,49000,Tunai,delivery,STF026
ORD02573,OUT012,2024-05-09,18:46:12,67000,Tunai,takeaway,STF068
ORD03620,OUT001,2024-05-09,22:22:30,34000,Kartu Debit,delivery,STF004
ORD03879,OUT005,2024-05-10,12:30:49,50000,OVO,takeaway,STF025
ORD02828,OUT009,2024-05-10,19:06:17,26000,Kartu Debit,dine_in,STF050
ORD02618,OUT003,2024-05-11,08:05:34,87000,Kartu Debit,dine_in,STF018
ORD04108,OUT005,2024-05-11,12:00:53,22000,OVO,dine_in,STF027
ORD03032,OUT017,2024-05-11,13:43:17,107000,QRIS,takeaway,STF102
ORD03862,OUT020,2024-05-11,17:33:56,39000,GoPay,dine_in,STF118
ORD03728,OUT011,2024-05-11,17:40:32,131000,OVO,delivery,STF063
ORD03523,OUT007,2024-05-11,18:44:41,35000,GoPay,dine_in,STF037
ORD03305,OUT008,2024-05-11,21:43:17,183000,Tunai,dine_in,STF047
ORD02983,OUT003,2024-05-12,12:07:10,130000,OVO,delivery,STF018
ORD02782,OUT008,2024-05-12,18:03:11,44000,Kartu Debit,takeaway,STF045
ORD02789,OUT003,2024-05-13,08:56:14,41000,OVO,takeaway,STF014
ORD03700,OUT014,2024-05-13,11:23:18,26000,Tunai,takeaway,STF083
ORD03786,OUT005,2024-05-13,12:48:10,239000,GoPay,delivery,STF029
ORD02557,OUT002,2024-05-13,14:32:06,79000,QRIS,takeaway,STF012
ORD03203,OUT010,2024-05-13,15:13:51,121000,QRIS,dine_in,STF055
ORD02936,OUT002,2024-05-13,17:58:45,93000,Tunai,dine_in,STF009
ORD02502,OUT017,2024-05-13,18:17:53,152000,Tunai,dine_in,STF097
ORD04129,OUT016,2024-05-13,18:55:55,29000,GoPay,dine_in,STF093
ORD03442,OUT014,2024-05-13,22:15:34,238000,Kartu Debit,takeaway,STF084
ORD02814,OUT017,2024-05-14,07:35:06,27000,QRIS,dine_in,STF098
ORD04177,OUT017,2024-05-14,12:58:11,66000,Tunai,dine_in,STF101
ORD03556,OUT004,2024-05-14,13:11:22,119000,Tunai,dine_in,STF019
ORD04245,OUT003,2024-05-14,18:08:20,29000,GoPay,dine_in,STF018
ORD02943,OUT002,2024-05-15,07:23:11,242000,QRIS,dine_in,STF009
ORD03241,OUT004,2024-05-15,08:19:12,30000,GoPay,takeaway,STF023
ORD03348,OUT012,2024-05-15,08:24:08,37000,QRIS,takeaway,STF069
ORD04241,OUT013,2024-05-15,13:47:20,82000,GoPay,takeaway,STF078
ORD03813,OUT016,2024-05-15,14:13:02,50000,QRIS,dine_in,STF096
ORD02701,OUT003,2024-05-15,16:09:23,51000,GoPay,takeaway,STF018
ORD03536,OUT005,2024-05-15,22:59:41,64000,Kartu Debit,dine_in,STF025
ORD03229,OUT012,2024-05-16,10:24:15,26000,QRIS,takeaway,STF068
ORD02550,OUT011,2024-05-16,19:54:02,136000,QRIS,delivery,STF065
ORD02777,OUT006,2024-05-16,22:42:59,39000,GoPay,dine_in,STF033
ORD04087,OUT007,2024-05-17,11:36:59,44000,Kartu Debit,delivery,STF040
ORD03306,OUT011,2024-05-17,12:04:08,67000,GoPay,takeaway,STF065
ORD04073,OUT009,2024-05-17,12:29:37,28000,OVO,delivery,STF053
ORD03319,OUT009,2024-05-17,13:15:40,34000,GoPay,takeaway,STF051
ORD04066,OUT006,2024-05-17,13:31:36,67000,GoPay,takeaway,STF034
ORD03396,OUT003,2024-05-17,14:22:54,78000,GoPay,takeaway,STF014
ORD02660,OUT007,2024-05-17,17:04:51,22000,GoPay,delivery,STF038
ORD03045,OUT020,2024-05-17,18:21:45,73000,Kartu Debit,delivery,STF120
ORD03001,OUT012,2024-05-17,18:46:46,58000,Tunai,dine_in,STF069
ORD03150,OUT009,2024-05-17,18:51:37,160000,QRIS,delivery,STF050
ORD03960,OUT001,2024-05-18,13:38:54,68000,GoPay,delivery,STF006
ORD03406,OUT004,2024-05-18,19:08:40,24000,OVO,dine_in,STF022
ORD03852,OUT019,2024-05-19,10:13:40,58000,Kartu Debit,delivery,STF113
ORD03265,OUT019,2024-05-19,12:30:28,275000,QRIS,delivery,STF114
ORD04246,OUT012,2024-05-19,13:03:21,40000,Tunai,dine_in,STF070
ORD04242,OUT008,2024-05-19,13:11:06,75000,QRIS,dine_in,STF043
ORD03370,OUT004,2024-05-20,12:59:34,137000,GoPay,dine_in,STF024
ORD03972,OUT010,2024-05-20,13:54:53,52000,Kartu Debit,dine_in,STF060
ORD03505,OUT001,2024-05-20,17:18:09,78000,Tunai,takeaway,STF002
ORD03099,OUT002,2024-05-20,18:04:21,126000,QRIS,takeaway,STF012
ORD03940,OUT020,2024-05-20,21:05:34,48000,GoPay,takeaway,STF116
ORD03138,OUT013,2024-05-20,22:09:50,89000,Kartu Debit,takeaway,STF075
ORD03293,OUT012,2024-05-21,13:01:49,54000,OVO,dine_in,STF071
ORD02959,OUT012,2024-05-21,14:36:30,48000,QRIS,dine_in,STF070
ORD03287,OUT017,2024-05-21,21:20:05,39000,Tunai,dine_in,STF101
ORD04191,OUT001,2024-05-21,21:35:26,72000,OVO,dine_in,STF002
ORD03987,OUT003,2024-05-22,08:02:46,40000,Kartu Debit,takeaway,STF015
ORD04167,OUT010,2024-05-22,08:28:33,51000,OVO,takeaway,STF060
ORD04157,OUT016,2024-05-22,12:15:49,125000,QRIS,dine_in,STF093
ORD03034,OUT010,2024-05-22,13:18:23,76000,Kartu Debit,delivery,STF059
ORD03873,OUT017,2024-05-22,17:11:38,52000,OVO,takeaway,STF100
ORD04221,OUT019,2024-05-23,07:40:17,28000,Tunai,dine_in,STF112
ORD03221,OUT001,2024-05-23,13:41:10,48000,Tunai,dine_in,STF006
ORD03703,OUT011,2024-05-23,15:00:05,39000,OVO,dine_in,STF063
ORD03017,OUT020,2024-05-23,17:35:48,69000,GoPay,dine_in,STF120
ORD02630,OUT005,2024-05-24,08:48:22,39000,GoPay,takeaway,STF027
ORD03607,OUT011,2024-05-24,13:52:37,24000,Tunai,dine_in,STF065
ORD04155,OUT019,2024-05-24,16:44:30,29000,QRIS,delivery,STF112
ORD04140,OUT011,2024-05-25,07:05:08,28000,Tunai,dine_in,STF062
ORD02648,OUT003,2024-05-25,13:19:13,84000,GoPay,dine_in,STF018
ORD03381,OUT019,2024-05-26,07:18:52,27000,GoPay,delivery,STF113
ORD03294,OUT011,2024-05-27,07:41:29,153000,QRIS,dine_in,STF061
ORD02905,OUT008,2024-05-27,08:20:10,29000,GoPay,takeaway,STF045
ORD03871,OUT012,2024-05-27,12:27:02,37000,GoPay,takeaway,STF069
ORD02809,OUT004,2024-05-27,18:15:53,37000,GoPay,takeaway,STF019
ORD03623,OUT008,2024-05-28,10:31:43,265000,QRIS,delivery,STF048
ORD02518,OUT008,2024-05-28,12:59:45,39000,GoPay,delivery,STF044
ORD03759,OUT019,2024-05-28,15:19:59,39000,OVO,dine_in,STF111
ORD03666,OUT002,2024-05-28,17:39:37,35000,GoPay,dine_in,STF008
ORD02712,OUT020,2024-05-28,19:37:54,91000,Tunai,dine_in,STF115
ORD02804,OUT006,2024-05-29,12:10:00,276000,GoPay,takeaway,STF036
ORD03315,OUT016,2024-05-29,13:10:42,39000,OVO,delivery,STF096
ORD03501,OUT003,2024-05-29,18:38:22,30000,Tunai,delivery,STF017
ORD03274,OUT010,2024-05-29,19:38:29,39000,Kartu Debit,takeaway,STF055
ORD02877,OUT012,2024-05-29,22:43:29,74000,Tunai,dine_in,STF071
ORD03279,OUT010,2024-05-30,07:43:10,188000,GoPay,dine_in,STF057
ORD03976,OUT004,2024-05-30,08:26:41,152000,Tunai,takeaway,STF024
ORD03061,OUT002,2024-05-30,13:45:55,159000,GoPay,takeaway,STF011
ORD03819,OUT013,2024-05-30,19:06:45,101000,GoPay,takeaway,STF077
ORD02813,OUT017,2024-05-30,19:25:24,51000,GoPay,takeaway,STF098
ORD03227,OUT016,2024-05-31,07:50:27,27000,GoPay,dine_in,STF092
ORD03631,OUT007,2024-05-31,07:54:11,28000,Kartu Debit,dine_in,STF041
ORD02575,OUT017,2024-05-31,18:25:49,30000,GoPay,dine_in,STF098
ORD03593,OUT005,2024-05-31,20:09:27,26000,OVO,dine_in,STF029
ORD04086,OUT013,2024-05-31,22:15:30,87000,GoPay,delivery,STF076
ORD04146,OUT014,2024-06-01,08:40:05,35000,OVO,takeaway,STF080
ORD02779,OUT010,2024-06-01,11:54:20,88000,GoPay,delivery,STF058
ORD03499,OUT013,2024-06-01,17:12:12,80000,QRIS,dine_in,STF075
ORD03283,OUT009,2024-06-01,18:33:08,99000,QRIS,takeaway,STF051
ORD03676,OUT013,2024-06-01,19:01:56,113000,Tunai,takeaway,STF075
ORD02899,OUT014,2024-06-02,08:26:33,73000,Kartu Debit,dine_in,STF084
ORD03731,OUT004,2024-06-02,13:20:48,87000,Tunai,dine_in,STF022
ORD03991,OUT009,2024-06-02,17:33:17,320000,OVO,takeaway,STF053
ORD03347,OUT008,2024-06-03,07:38:46,109000,Tunai,dine_in,STF047
ORD03302,OUT009,2024-06-03,09:55:38,58000,Kartu Debit,takeaway,STF053
ORD03405,OUT003,2024-06-03,11:53:03,52000,GoPay,takeaway,STF017
ORD03548,OUT006,2024-06-03,17:34:46,72000,OVO,delivery,STF034
ORD03489,OUT001,2024-06-03,19:44:46,118000,Tunai,takeaway,STF006
ORD02931,OUT016,2024-06-04,07:25:24,40000,GoPay,takeaway,STF096
ORD02820,OUT017,2024-06-04,12:17:46,112000,QRIS,dine_in,STF102
ORD04136,OUT019,2024-06-04,12:21:00,56000,QRIS,dine_in,STF114
ORD03350,OUT005,2024-06-04,17:25:33,27000,OVO,delivery,STF025
ORD04220,OUT012,2024-06-04,18:45:11,27000,Tunai,dine_in,STF072
ORD04156,OUT004,2024-06-05,12:41:51,78000,Tunai,dine_in,STF024
ORD03057,OUT008,2024-06-05,17:03:47,45000,OVO,dine_in,STF048
ORD04005,OUT013,2024-06-05,18:00:11,57000,OVO,takeaway,STF077
ORD04153,OUT004,2024-06-06,07:16:00,112000,Kartu Debit,takeaway,STF024
ORD03095,OUT017,2024-06-06,08:32:10,56000,QRIS,dine_in,STF097
ORD03208,OUT001,2024-06-06,08:55:08,102000,QRIS,dine_in,STF006
ORD02745,OUT005,2024-06-06,12:45:28,28000,OVO,delivery,STF029
ORD03919,OUT004,2024-06-06,18:27:07,61000,QRIS,delivery,STF019
ORD02708,OUT012,2024-06-06,19:01:58,87000,QRIS,dine_in,STF068
ORD03207,OUT016,2024-06-07,08:03:08,18000,Kartu Debit,dine_in,STF092
ORD03504,OUT010,2024-06-07,10:01:42,72000,QRIS,dine_in,STF056
ORD02698,OUT016,2024-06-07,11:51:54,172000,GoPay,takeaway,STF093
ORD03073,OUT006,2024-06-07,12:48:03,86000,QRIS,takeaway,STF033
ORD03948,OUT005,2024-06-07,13:10:05,129000,OVO,delivery,STF029
ORD03355,OUT008,2024-06-07,13:44:53,24000,QRIS,dine_in,STF046
ORD03133,OUT008,2024-06-07,16:48:42,296000,QRIS,dine_in,STF044
ORD02774,OUT012,2024-06-07,17:20:07,60000,OVO,dine_in,STF068
ORD02985,OUT011,2024-06-07,17:41:03,110000,QRIS,dine_in,STF064
ORD02874,OUT011,2024-06-07,19:26:45,112000,Kartu Debit,delivery,STF064
ORD03120,OUT019,2024-06-07,21:33:17,105000,Kartu Debit,takeaway,STF113
ORD03656,OUT012,2024-06-08,07:38:03,45000,Tunai,dine_in,STF071
ORD02588,OUT003,2024-06-08,07:57:49,81000,GoPay,delivery,STF017
ORD03572,OUT002,2024-06-08,13:04:03,89000,GoPay,takeaway,STF011
ORD02652,OUT005,2024-06-08,13:25:24,29000,Tunai,dine_in,STF026
ORD03711,OUT010,2024-06-08,15:50:06,62000,Tunai,takeaway,STF056
ORD02709,OUT013,2024-06-08,16:58:06,131000,QRIS,dine_in,STF075
ORD02915,OUT017,2024-06-09,07:36:25,145000,GoPay,takeaway,STF098
ORD02517,OUT004,2024-06-09,08:46:07,139000,Tunai,delivery,STF019
ORD04028,OUT017,2024-06-09,12:14:23,114000,Tunai,dine_in,STF097
ORD03123,OUT004,2024-06-09,15:06:14,249000,QRIS,dine_in,STF023
ORD03297,OUT004,2024-06-09,17:32:44,28000,OVO,delivery,STF020
ORD02770,OUT006,2024-06-09,17:39:47,74000,Tunai,dine_in,STF036
ORD03855,OUT011,2024-06-09,18:08:18,67000,GoPay,dine_in,STF062
ORD02823,OUT017,2024-06-09,18:17:56,118000,OVO,dine_in,STF100
ORD03605,OUT016,2024-06-09,19:44:16,261000,QRIS,dine_in,STF092
ORD04026,OUT016,2024-06-09,19:59:46,96000,Tunai,takeaway,STF096
ORD02638,OUT012,2024-06-10,07:18:51,111000,GoPay,dine_in,STF068
ORD02566,OUT011,2024-06-10,19:49:56,29000,OVO,takeaway,STF062
ORD03756,OUT020,2024-06-11,07:10:24,52000,Kartu Debit,dine_in,STF115
ORD03826,OUT003,2024-06-11,12:37:58,67000,GoPay,takeaway,STF013
ORD03897,OUT004,2024-06-11,12:47:06,96000,OVO,dine_in,STF022
ORD03433,OUT020,2024-06-11,13:00:49,106000,QRIS,takeaway,STF118
ORD03665,OUT008,2024-06-11,13:32:49,39000,Kartu Debit,takeaway,STF043
ORD03986,OUT007,2024-06-11,17:15:08,75000,GoPay,dine_in,STF038
ORD03587,OUT005,2024-06-12,07:25:39,77000,Tunai,dine_in,STF026
ORD03398,OUT002,2024-06-12,18:51:52,107000,OVO,dine_in,STF011
ORD03974,OUT001,2024-06-13,07:07:47,92000,OVO,delivery,STF005
ORD02860,OUT009,2024-06-13,07:32:47,127000,GoPay,delivery,STF051
ORD02784,OUT009,2024-06-13,12:04:20,201000,OVO,delivery,STF051
ORD03358,OUT004,2024-06-13,17:21:12,45000,Tunai,dine_in,STF024
ORD03730,OUT014,2024-06-13,18:34:40,112000,OVO,dine_in,STF082
ORD03166,OUT001,2024-06-13,19:18:10,130000,QRIS,takeaway,STF001
ORD02711,OUT012,2024-06-14,08:31:56,54000,OVO,takeaway,STF070
ORD03234,OUT005,2024-06-14,11:00:15,36000,GoPay,delivery,STF029
ORD02912,OUT002,2024-06-14,12:18:22,28000,Kartu Debit,dine_in,STF011
ORD02629,OUT005,2024-06-14,17:05:17,63000,GoPay,dine_in,STF025
ORD02704,OUT016,2024-06-14,20:13:57,62000,Kartu Debit,takeaway,STF096
ORD02504,OUT003,2024-06-15,08:54:12,102000,OVO,takeaway,STF015
ORD03424,OUT010,2024-06-15,11:01:27,120000,OVO,dine_in,STF060
ORD03360,OUT013,2024-06-15,12:02:09,39000,Kartu Debit,takeaway,STF075
ORD02647,OUT005,2024-06-15,12:21:22,84000,QRIS,takeaway,STF027
ORD03076,OUT013,2024-06-15,15:17:46,104000,OVO,dine_in,STF076
ORD03831,OUT014,2024-06-15,17:04:35,84000,OVO,dine_in,STF079
ORD04092,OUT013,2024-06-15,17:07:30,73000,OVO,dine_in,STF077
ORD04002,OUT017,2024-06-15,21:04:06,141000,OVO,dine_in,STF099
ORD03144,OUT009,2024-06-15,22:13:44,35000,Kartu Debit,dine_in,STF050
ORD02790,OUT007,2024-06-16,07:19:28,143000,Tunai,delivery,STF041
ORD03391,OUT009,2024-06-16,08:12:11,37000,QRIS,delivery,STF053
ORD03557,OUT006,2024-06-16,10:31:30,28000,OVO,delivery,STF035
ORD03867,OUT007,2024-06-16,12:26:48,104000,Tunai,dine_in,STF039
ORD02759,OUT020,2024-06-16,20:02:45,181000,QRIS,takeaway,STF115
ORD03465,OUT019,2024-06-17,08:49:47,39000,QRIS,takeaway,STF113
ORD03927,OUT014,2024-06-17,12:43:16,21000,QRIS,dine_in,STF081
ORD03503,OUT007,2024-06-17,13:51:58,59000,GoPay,takeaway,STF040
ORD04227,OUT013,2024-06-17,17:35:48,36000,QRIS,takeaway,STF077
ORD04040,OUT013,2024-06-17,21:19:31,29000,GoPay,delivery,STF078
ORD03894,OUT016,2024-06-18,07:35:58,117000,Tunai,takeaway,STF096
ORD03471,OUT013,2024-06-18,12:43:35,21000,Kartu Debit,dine_in,STF073
ORD03982,OUT014,2024-06-18,18:25:54,49000,OVO,delivery,STF079
ORD03646,OUT016,2024-06-18,19:40:40,64000,GoPay,dine_in,STF096
ORD03533,OUT005,2024-06-18,22:11:05,81000,GoPay,delivery,STF029
ORD04180,OUT008,2024-06-19,13:31:49,39000,Tunai,dine_in,STF044
ORD04226,OUT012,2024-06-20,12:12:56,65000,QRIS,takeaway,STF072
ORD03789,OUT007,2024-06-20,12:25:48,36000,GoPay,dine_in,STF042
ORD04112,OUT007,2024-06-20,15:08:52,68000,QRIS,dine_in,STF037
ORD03441,OUT003,2024-06-20,15:39:09,54000,QRIS,dine_in,STF014
ORD02897,OUT012,2024-06-21,08:09:14,80000,Kartu Debit,dine_in,STF070
ORD03331,OUT012,2024-06-21,12:12:51,39000,Kartu Debit,delivery,STF072
ORD03750,OUT004,2024-06-21,13:37:19,60000,OVO,dine_in,STF024
ORD03530,OUT013,2024-06-21,19:41:29,27000,OVO,dine_in,STF075
ORD02530,OUT011,2024-06-21,19:54:52,80000,GoPay,delivery,STF061
ORD02604,OUT013,2024-06-22,11:37:32,76000,OVO,takeaway,STF078
ORD03685,OUT011,2024-06-22,12:12:12,96000,OVO,takeaway,STF064
ORD04031,OUT005,2024-06-22,14:03:00,115000,OVO,dine_in,STF025
ORD04056,OUT007,2024-06-23,07:26:50,129000,Kartu Debit,dine_in,STF042
ORD03744,OUT010,2024-06-23,12:01:46,40000,Tunai,dine_in,STF056
ORD02593,OUT011,2024-06-23,17:00:37,50000,OVO,takeaway,STF061
ORD03885,OUT002,2024-06-23,17:29:15,39000,GoPay,dine_in,STF012
ORD03668,OUT002,2024-06-23,22:36:10,30000,OVO,delivery,STF007
ORD03532,OUT001,2024-06-24,18:00:39,24000,Kartu Debit,delivery,STF004
ORD02845,OUT007,2024-06-24,20:41:11,100000,OVO,takeaway,STF040
ORD03771,OUT012,2024-06-24,22:27:42,124000,QRIS,dine_in,STF068
ORD03286,OUT009,2024-06-24,22:35:26,126000,GoPay,dine_in,STF053
ORD04072,OUT010,2024-06-24,22:52:34,57000,OVO,takeaway,STF057
ORD04007,OUT008,2024-06-25,08:37:21,125000,GoPay,dine_in,STF043
ORD03905,OUT017,2024-06-25,08:49:23,28000,OVO,takeaway,STF097
ORD03180,OUT019,2024-06-25,12:43:00,28000,OVO,takeaway,STF114
ORD03723,OUT016,2024-06-25,17:00:56,145000,GoPay,dine_in,STF092
ORD04238,OUT014,2024-06-25,19:46:38,49000,Kartu Debit,dine_in,STF080
ORD03958,OUT014,2024-06-25,19:47:58,86000,Tunai,takeaway,STF084
ORD02802,OUT001,2024-06-26,07:53:27,49000,QRIS,takeaway,STF001
ORD03403,OUT013,2024-06-26,08:41:25,110000,OVO,takeaway,STF077
ORD02954,OUT017,2024-06-26,22:10:55,24000,Kartu Debit,delivery,STF100
ORD02837,OUT005,2024-06-27,07:25:40,87000,OVO,takeaway,STF025
ORD03809,OUT013,2024-06-27,08:15:21,51000,GoPay,takeaway,STF078
ORD03220,OUT017,2024-06-27,12:07:58,39000,Kartu Debit,takeaway,STF098
ORD03702,OUT004,2024-06-27,12:15:56,51000,Tunai,takeaway,STF022
ORD03627,OUT007,2024-06-27,19:28:44,52000,GoPay,takeaway,STF040
ORD04107,OUT014,2024-06-27,19:39:29,111000,Kartu Debit,delivery,STF080
ORD02699,OUT003,2024-06-28,07:06:57,27000,GoPay,dine_in,STF013
ORD03103,OUT014,2024-06-28,13:05:42,151000,OVO,delivery,STF081
ORD03344,OUT002,2024-06-28,13:16:59,27000,OVO,dine_in,STF012
ORD04211,OUT017,2024-06-28,13:26:56,36000,Kartu Debit,takeaway,STF099
ORD02927,OUT012,2024-06-28,13:50:15,29000,Kartu Debit,delivery,STF070
ORD03338,OUT008,2024-06-28,16:27:35,76000,Tunai,dine_in,STF044
ORD03368,OUT001,2024-06-28,17:31:23,77000,OVO,dine_in,STF002
ORD02834,OUT006,2024-06-28,19:03:02,147000,OVO,dine_in,STF032
ORD03776,OUT002,2024-06-28,19:04:21,103000,GoPay,dine_in,STF009
ORD02534,OUT008,2024-06-29,16:43:28,141000,Kartu Debit,delivery,STF048
ORD03892,OUT013,2024-06-30,09:19:44,73000,Tunai,dine_in,STF077
ORD03995,OUT019,2024-06-30,13:32:17,99000,GoPay,dine_in,STF113
ORD04100,OUT009,2024-06-30,13:38:12,166000,GoPay,takeaway,STF051
ORD04131,OUT019,2024-06-30,19:49:39,136000,Kartu Debit,dine_in,STF113
ORD03516,OUT011,2024-07-01,10:43:25,27000,Tunai,delivery,STF062
ORD02843,OUT010,2024-07-01,12:08:26,120000,GoPay,dine_in,STF055
ORD03999,OUT002,2024-07-01,17:11:04,93000,Tunai,takeaway,STF009
ORD03128,OUT013,2024-07-01,17:19:21,40000,OVO,delivery,STF075
ORD02586,OUT001,2024-07-01,17:36:35,29000,GoPay,dine_in,STF006
ORD03614,OUT003,2024-07-01,18:55:55,72000,GoPay,takeaway,STF017
ORD03271,OUT006,2024-07-02,09:56:25,60000,QRIS,takeaway,STF033
ORD03967,OUT007,2024-07-02,12:13:26,81000,Tunai,dine_in,STF040
ORD03029,OUT009,2024-07-02,13:24:33,241000,OVO,dine_in,STF053
ORD03822,OUT009,2024-07-02,17:24:41,67000,Tunai,delivery,STF050
ORD04008,OUT002,2024-07-02,18:10:02,276000,QRIS,takeaway,STF008
ORD02695,OUT004,2024-07-03,07:03:29,35000,OVO,dine_in,STF022
ORD03079,OUT014,2024-07-03,08:42:59,91000,OVO,takeaway,STF084
ORD03401,OUT012,2024-07-03,08:52:55,29000,OVO,takeaway,STF068
ORD02674,OUT001,2024-07-03,09:38:33,49000,OVO,delivery,STF001
ORD03872,OUT007,2024-07-03,13:34:41,35000,Tunai,dine_in,STF041
ORD02971,OUT012,2024-07-03,18:41:01,22000,OVO,dine_in,STF072
ORD03502,OUT001,2024-07-03,18:46:08,48000,QRIS,takeaway,STF002
ORD03763,OUT019,2024-07-03,20:05:03,27000,QRIS,takeaway,STF114
ORD02686,OUT008,2024-07-03,22:11:29,115000,GoPay,takeaway,STF047
ORD03216,OUT019,2024-07-04,08:14:38,106000,GoPay,takeaway,STF113
ORD03610,OUT019,2024-07-04,13:45:51,26000,Tunai,takeaway,STF112
ORD03163,OUT013,2024-07-04,13:46:08,36000,Tunai,delivery,STF077
ORD04239,OUT004,2024-07-04,18:12:29,206000,OVO,takeaway,STF020
ORD03342,OUT003,2024-07-04,18:43:43,66000,Tunai,dine_in,STF014
ORD03063,OUT014,2024-07-05,07:18:39,49000,QRIS,dine_in,STF081
ORD02941,OUT009,2024-07-05,07:40:36,111000,Tunai,takeaway,STF053
ORD03397,OUT020,2024-07-05,07:40:56,60000,Kartu Debit,dine_in,STF116
ORD02601,OUT005,2024-07-05,13:11:04,49000,GoPay,dine_in,STF025
ORD03578,OUT009,2024-07-05,14:27:27,79000,GoPay,takeaway,STF053
ORD03175,OUT003,2024-07-05,18:04:45,91000,OVO,dine_in,STF018
ORD03383,OUT016,2024-07-05,18:20:36,77000,OVO,dine_in,STF092
ORD03213,OUT010,2024-07-05,18:36:35,83000,GoPay,takeaway,STF060
ORD02821,OUT010,2024-07-05,19:55:21,72000,Tunai,takeaway,STF058
ORD02572,OUT012,2024-07-05,22:29:37,127000,OVO,takeaway,STF070
ORD04133,OUT009,2024-07-06,11:57:21,103000,Kartu Debit,takeaway,STF050
ORD03682,OUT016,2024-07-06,17:57:50,51000,GoPay,takeaway,STF092
ORD03977,OUT010,2024-07-06,18:37:11,96000,OVO,dine_in,STF058
ORD03535,OUT012,2024-07-07,13:16:15,26000,Tunai,dine_in,STF069
ORD02857,OUT014,2024-07-08,18:22:31,36000,Kartu Debit,dine_in,STF082
ORD03868,OUT010,2024-07-08,18:42:22,59000,Tunai,takeaway,STF058
ORD04099,OUT013,2024-07-08,19:51:20,27000,Tunai,dine_in,STF073
ORD02862,OUT006,2024-07-08,20:51:09,25000,QRIS,takeaway,STF036
ORD03534,OUT002,2024-07-09,12:47:29,49000,Tunai,takeaway,STF007
ORD03239,OUT011,2024-07-09,13:38:20,51000,Tunai,takeaway,STF065
ORD02559,OUT013,2024-07-09,19:07:10,60000,QRIS,dine_in,STF078
ORD02996,OUT008,2024-07-09,22:15:27,44000,Kartu Debit,takeaway,STF046
ORD02816,OUT016,2024-07-10,13:26:35,40000,OVO,takeaway,STF092
ORD02600,OUT016,2024-07-10,17:11:27,71000,Kartu Debit,takeaway,STF092
ORD03560,OUT006,2024-07-10,17:15:10,27000,GoPay,delivery,STF035
ORD02608,OUT009,2024-07-10,20:27:07,51000,QRIS,dine_in,STF051
ORD03553,OUT010,2024-07-10,21:57:15,128000,Kartu Debit,dine_in,STF060
ORD02783,OUT012,2024-07-11,08:54:13,36000,Kartu Debit,takeaway,STF072
ORD03219,OUT004,2024-07-11,10:38:33,74000,Tunai,takeaway,STF019
ORD03864,OUT001,2024-07-12,15:22:45,107000,Kartu Debit,dine_in,STF006
ORD02644,OUT010,2024-07-12,19:48:42,90000,QRIS,takeaway,STF057
ORD02669,OUT004,2024-07-13,07:01:23,35000,Tunai,delivery,STF020
ORD03746,OUT020,2024-07-13,08:47:27,98000,Tunai,dine_in,STF116
ORD02799,OUT004,2024-07-13,11:57:19,18000,OVO,dine_in,STF019
ORD03409,OUT011,2024-07-13,13:26:11,18000,Tunai,dine_in,STF065
ORD02654,OUT013,2024-07-13,19:09:13,41000,Kartu Debit,dine_in,STF076
ORD03716,OUT013,2024-07-14,09:34:00,49000,QRIS,dine_in,STF073
ORD03921,OUT013,2024-07-14,12:39:10,68000,Tunai,dine_in,STF075
ORD03928,OUT001,2024-07-14,12:43:43,63000,Tunai,delivery,STF004
ORD03741,OUT009,2024-07-14,16:12:32,24000,Kartu Debit,dine_in,STF053
ORD04009,OUT014,2024-07-15,13:07:53,18000,GoPay,dine_in,STF081
ORD04063,OUT004,2024-07-15,14:36:43,110000,Kartu Debit,dine_in,STF020
ORD03379,OUT014,2024-07-15,17:30:33,29000,GoPay,delivery,STF082
ORD03092,OUT002,2024-07-15,19:54:43,56000,OVO,takeaway,STF009
ORD02671,OUT006,2024-07-16,07:06:47,40000,Kartu Debit,dine_in,STF034
ORD02975,OUT005,2024-07-16,08:14:07,27000,QRIS,dine_in,STF027
ORD03854,OUT002,2024-07-16,08:47:18,27000,OVO,dine_in,STF009
ORD02596,OUT017,2024-07-16,08:59:18,145000,Tunai,dine_in,STF101
ORD04055,OUT010,2024-07-16,18:05:30,116000,OVO,dine_in,STF055
ORD03446,OUT014,2024-07-16,18:24:41,27000,GoPay,dine_in,STF079
ORD02735,OUT003,2024-07-16,18:30:20,27000,GoPay,takeaway,STF015
ORD03394,OUT017,2024-07-17,12:17:13,37000,OVO,dine_in,STF102
ORD02824,OUT004,2024-07-17,13:11:14,120000,QRIS,dine_in,STF022
ORD03218,OUT010,2024-07-17,16:41:10,37000,GoPay,dine_in,STF059
ORD04149,OUT014,2024-07-17,17:00:06,60000,GoPay,takeaway,STF084
ORD04003,OUT006,2024-07-17,17:38:46,94000,QRIS,dine_in,STF035
ORD03712,OUT001,2024-07-17,18:14:09,248000,Kartu Debit,delivery,STF006
ORD03050,OUT004,2024-07-17,18:27:39,29000,QRIS,takeaway,STF019
ORD03659,OUT012,2024-07-17,18:57:16,94000,Tunai,dine_in,STF071
ORD03284,OUT013,2024-07-17,19:34:33,186000,QRIS,takeaway,STF078
ORD03196,OUT017,2024-07-18,12:21:07,142000,GoPay,delivery,STF099
ORD03691,OUT004,2024-07-18,19:30:23,144000,GoPay,dine_in,STF019
ORD02839,OUT001,2024-07-19,10:20:45,126000,Kartu Debit,dine_in,STF001
ORD04173,OUT003,2024-07-19,13:35:33,34000,Tunai,delivery,STF013
ORD03608,OUT012,2024-07-19,18:46:03,68000,OVO,takeaway,STF070
ORD04125,OUT009,2024-07-19,19:21:11,131000,Tunai,dine_in,STF051
ORD03145,OUT006,2024-07-20,08:06:42,66000,QRIS,dine_in,STF033
ORD02793,OUT007,2024-07-20,13:12:15,50000,GoPay,takeaway,STF039
ORD04192,OUT020,2024-07-20,13:41:24,104000,Kartu Debit,takeaway,STF120
ORD04198,OUT010,2024-07-20,17:40:58,108000,QRIS,dine_in,STF055
ORD03436,OUT002,2024-07-20,19:26:20,79000,GoPay,delivery,STF009
ORD03846,OUT005,2024-07-21,17:35:23,73000,OVO,dine_in,STF027
ORD03008,OUT008,2024-07-21,19:11:31,27000,OVO,takeaway,STF047
ORD03015,OUT009,2024-07-21,19:23:20,196000,OVO,dine_in,STF051
ORD02760,OUT014,2024-07-21,20:14:28,147000,GoPay,dine_in,STF080
ORD03589,OUT013,2024-07-21,22:04:43,47000,GoPay,takeaway,STF073
ORD02938,OUT004,2024-07-22,10:14:57,50000,GoPay,dine_in,STF024
ORD03754,OUT008,2024-07-22,11:03:44,223000,Tunai,takeaway,STF048
ORD03000,OUT013,2024-07-22,13:13:47,88000,Tunai,takeaway,STF075
ORD03816,OUT005,2024-07-22,17:02:00,97000,QRIS,dine_in,STF027
ORD03574,OUT009,2024-07-22,17:51:25,170000,GoPay,dine_in,STF053
ORD04158,OUT008,2024-07-22,18:07:06,99000,QRIS,takeaway,STF045
ORD04097,OUT003,2024-07-22,19:10:24,49000,QRIS,dine_in,STF013
ORD02966,OUT006,2024-07-22,22:00:40,58000,GoPay,delivery,STF033
ORD03833,OUT011,2024-07-23,08:01:54,29000,Kartu Debit,dine_in,STF063
ORD04172,OUT004,2024-07-23,13:50:20,57000,QRIS,dine_in,STF020
ORD03129,OUT009,2024-07-23,18:55:31,49000,Kartu Debit,dine_in,STF053
ORD02679,OUT002,2024-07-24,07:43:30,197000,Tunai,delivery,STF009
ORD02619,OUT001,2024-07-24,17:34:20,47000,OVO,takeaway,STF005
ORD03909,OUT007,2024-07-24,18:12:21,37000,GoPay,delivery,STF039
ORD02986,OUT017,2024-07-25,09:29:01,68000,QRIS,dine_in,STF098
ORD04042,OUT013,2024-07-25,17:37:07,145000,QRIS,delivery,STF078
ORD03069,OUT014,2024-07-25,18:20:54,100000,GoPay,dine_in,STF080
ORD03762,OUT013,2024-07-25,21:03:11,95000,OVO,dine_in,STF077
ORD02689,OUT016,2024-07-26,08:30:15,142000,OVO,dine_in,STF092
ORD04237,OUT019,2024-07-26,16:44:39,156000,Kartu Debit,takeaway,STF111
ORD03992,OUT010,2024-07-26,17:32:57,79000,QRIS,takeaway,STF059
ORD04206,OUT006,2024-07-26,19:58:45,35000,Tunai,dine_in,STF033
ORD03545,OUT014,2024-07-26,22:19:43,18000,OVO,takeaway,STF083
ORD04218,OUT003,2024-07-27,07:25:27,116000,GoPay,takeaway,STF017
ORD03291,OUT014,2024-07-27,20:04:25,18000,OVO,dine_in,STF083
ORD02756,OUT017,2024-07-28,09:46:56,86000,OVO,takeaway,STF101
ORD03984,OUT014,2024-07-28,10:31:00,98000,Kartu Debit,delivery,STF081
ORD02952,OUT005,2024-07-28,13:58:46,54000,QRIS,takeaway,STF027
ORD02565,OUT004,2024-07-28,18:20:42,55000,Kartu Debit,takeaway,STF024
ORD03954,OUT006,2024-07-28,18:55:21,56000,GoPay,dine_in,STF034
ORD04105,OUT016,2024-07-29,07:11:21,38000,OVO,dine_in,STF093
ORD03563,OUT002,2024-07-29,08:06:53,51000,QRIS,dine_in,STF011
ORD04014,OUT009,2024-07-29,10:17:10,58000,Kartu Debit,takeaway,STF051
ORD03078,OUT003,2024-07-29,10:18:09,87000,GoPay,takeaway,STF017
ORD02540,OUT002,2024-07-29,19:02:51,40000,GoPay,dine_in,STF011
ORD04057,OUT019,2024-07-29,19:21:01,28000,GoPay,takeaway,STF113
ORD02655,OUT010,2024-07-30,12:30:03,27000,Kartu Debit,delivery,STF057
ORD02746,OUT011,2024-07-30,17:32:44,141000,Kartu Debit,dine_in,STF061
ORD03704,OUT019,2024-07-31,07:33:51,104000,QRIS,dine_in,STF113
ORD03143,OUT001,2024-07-31,13:04:46,64000,OVO,takeaway,STF004
ORD03513,OUT007,2024-08-01,13:18:13,68000,Tunai,dine_in,STF039
ORD03603,OUT001,2024-08-01,18:15:51,46000,GoPay,dine_in,STF001
ORD03182,OUT016,2024-08-02,07:39:17,137000,Tunai,dine_in,STF096
ORD03192,OUT005,2024-08-02,08:59:45,247000,Kartu Debit,dine_in,STF029
ORD03944,OUT016,2024-08-02,18:38:14,24000,OVO,dine_in,STF093
ORD03214,OUT006,2024-08-03,07:02:19,91000,Tunai,dine_in,STF034
ORD03420,OUT020,2024-08-03,09:35:27,63000,Tunai,dine_in,STF118
ORD02624,OUT017,2024-08-03,12:37:12,67000,QRIS,delivery,STF101
ORD02989,OUT004,2024-08-03,13:17:48,198000,Kartu Debit,dine_in,STF022
ORD03611,OUT007,2024-08-03,17:31:06,292000,GoPay,takeaway,STF037
ORD03779,OUT016,2024-08-03,18:26:48,141000,GoPay,delivery,STF092
ORD02683,OUT016,2024-08-04,07:59:57,27000,QRIS,takeaway,STF092
ORD03561,OUT001,2024-08-04,08:25:57,61000,Tunai,dine_in,STF001
ORD03009,OUT004,2024-08-04,09:08:37,50000,GoPay,dine_in,STF020
ORD03652,OUT007,2024-08-04,10:59:55,28000,GoPay,dine_in,STF042
ORD04171,OUT009,2024-08-04,12:12:00,35000,Tunai,dine_in,STF050
ORD03140,OUT005,2024-08-04,12:38:30,35000,Kartu Debit,dine_in,STF026
ORD03588,OUT003,2024-08-04,13:11:49,116000,OVO,takeaway,STF015
ORD03111,OUT003,2024-08-04,17:24:00,125000,GoPay,dine_in,STF017
ORD03412,OUT011,2024-08-04,18:10:26,52000,GoPay,takeaway,STF062
ORD02538,OUT009,2024-08-04,18:35:30,64000,QRIS,takeaway,STF053
ORD02886,OUT013,2024-08-04,19:15:50,21000,Kartu Debit,dine_in,STF075
ORD02733,OUT008,2024-08-04,19:41:21,130000,GoPay,delivery,STF044
ORD03805,OUT014,2024-08-04,19:42:16,54000,QRIS,takeaway,STF082
ORD02765,OUT006,2024-08-04,20:08:20,84000,OVO,takeaway,STF035
ORD03116,OUT001,2024-08-04,20:19:03,126000,OVO,delivery,STF006
ORD03373,OUT009,2024-08-05,07:00:06,68000,OVO,delivery,STF053
ORD04053,OUT013,2024-08-05,07:43:55,39000,Tunai,dine_in,STF078
ORD03720,OUT003,2024-08-05,08:35:09,51000,Kartu Debit,dine_in,STF015
ORD02992,OUT010,2024-08-05,08:48:59,46000,OVO,dine_in,STF058
ORD04150,OUT007,2024-08-05,12:55:48,100000,GoPay,takeaway,STF038
ORD02867,OUT002,2024-08-05,13:47:16,89000,QRIS,takeaway,STF008
ORD03121,OUT011,2024-08-06,08:20:57,27000,OVO,delivery,STF063
ORD03705,OUT008,2024-08-06,12:40:35,26000,QRIS,dine_in,STF047
ORD03108,OUT014,2024-08-06,17:01:22,69000,OVO,takeaway,STF080
ORD03191,OUT001,2024-08-07,12:40:40,88000,QRIS,takeaway,STF005
ORD03551,OUT013,2024-08-07,16:19:34,18000,Kartu Debit,takeaway,STF077
ORD03817,OUT019,2024-08-07,18:59:44,77000,Tunai,dine_in,STF113
ORD03125,OUT014,2024-08-08,08:14:23,24000,QRIS,dine_in,STF082
ORD03526,OUT012,2024-08-08,12:06:59,36000,GoPay,delivery,STF072
ORD03827,OUT001,2024-08-08,13:26:57,46000,GoPay,delivery,STF001
ORD03956,OUT019,2024-08-08,13:48:00,119000,OVO,dine_in,STF113
ORD03217,OUT010,2024-08-08,18:07:17,136000,QRIS,dine_in,STF055
ORD04210,OUT014,2024-08-08,21:32:13,26000,GoPay,dine_in,STF079
ORD02833,OUT002,2024-08-08,22:29:07,79000,Tunai,dine_in,STF008
ORD03082,OUT002,2024-08-09,08:44:05,57000,Tunai,delivery,STF008
ORD02780,OUT011,2024-08-09,08:50:14,44000,QRIS,dine_in,STF061
ORD03752,OUT011,2024-08-09,13:13:39,57000,QRIS,dine_in,STF062
ORD03164,OUT001,2024-08-09,17:01:50,24000,Kartu Debit,delivery,STF002
ORD04060,OUT020,2024-08-09,17:04:43,156000,OVO,dine_in,STF118
ORD03847,OUT014,2024-08-09,17:56:22,30000,Tunai,takeaway,STF079
ORD02673,OUT006,2024-08-09,19:01:10,75000,GoPay,dine_in,STF035
ORD03231,OUT012,2024-08-10,11:51:03,146000,QRIS,dine_in,STF071
ORD04235,OUT014,2024-08-10,12:31:39,37000,QRIS,delivery,STF079
ORD04046,OUT006,2024-08-10,17:25:52,68000,OVO,takeaway,STF031
ORD03606,OUT004,2024-08-10,18:14:34,39000,Kartu Debit,dine_in,STF019
ORD03343,OUT001,2024-08-10,18:48:32,27000,GoPay,dine_in,STF005
ORD03973,OUT012,2024-08-10,19:11:01,54000,GoPay,dine_in,STF071
ORD03107,OUT020,2024-08-10,20:32:19,122000,QRIS,dine_in,STF120
ORD03438,OUT019,2024-08-11,08:47:39,60000,QRIS,delivery,STF112
ORD02523,OUT003,2024-08-11,13:37:11,94000,QRIS,takeaway,STF014
ORD02932,OUT013,2024-08-11,18:18:01,118000,Kartu Debit,dine_in,STF077
ORD04018,OUT014,2024-08-11,18:41:03,95000,GoPay,dine_in,STF081
ORD03454,OUT014,2024-08-12,07:44:42,91000,GoPay,dine_in,STF080
ORD02776,OUT011,2024-08-12,12:32:39,67000,Kartu Debit,dine_in,STF062
ORD03097,OUT003,2024-08-12,13:43:48,135000,Kartu Debit,dine_in,STF013
ORD04224,OUT003,2024-08-12,19:04:56,42000,GoPay,takeaway,STF015
ORD04203,OUT010,2024-08-12,21:59:52,52000,GoPay,takeaway,STF057
ORD03774,OUT019,2024-08-13,12:41:47,39000,OVO,takeaway,STF113
ORD04033,OUT006,2024-08-13,12:59:28,22000,QRIS,takeaway,STF032
ORD02767,OUT013,2024-08-13,14:40:19,73000,Kartu Debit,takeaway,STF076
ORD03266,OUT007,2024-08-13,17:56:36,133000,GoPay,dine_in,STF041
ORD03619,OUT010,2024-08-13,18:53:54,108000,QRIS,dine_in,STF059
ORD03904,OUT004,2024-08-13,18:54:22,47000,OVO,dine_in,STF023
ORD02535,OUT006,2024-08-13,20:15:48,27000,QRIS,dine_in,STF031
ORD03278,OUT019,2024-08-15,07:08:51,167000,Kartu Debit,dine_in,STF111
ORD03680,OUT002,2024-08-15,07:38:30,48000,OVO,dine_in,STF011
ORD02507,OUT003,2024-08-15,12:14:17,133000,QRIS,dine_in,STF013
ORD03193,OUT010,2024-08-15,12:48:24,176000,Kartu Debit,takeaway,STF059
ORD03257,OUT008,2024-08-15,14:38:41,135000,QRIS,dine_in,STF048
ORD03242,OUT019,2024-08-15,18:35:05,136000,Tunai,delivery,STF114
ORD02873,OUT010,2024-08-16,08:56:24,50000,Tunai,delivery,STF060
ORD03157,OUT011,2024-08-16,10:19:55,66000,Tunai,dine_in,STF063
ORD03171,OUT006,2024-08-16,12:44:14,124000,GoPay,delivery,STF031
ORD04225,OUT009,2024-08-16,19:06:49,18000,GoPay,takeaway,STF051
ORD02775,OUT016,2024-08-17,13:31:04,122000,Tunai,dine_in,STF096
ORD02851,OUT008,2024-08-17,16:35:42,119000,Kartu Debit,delivery,STF048
ORD03316,OUT006,2024-08-17,17:51:40,27000,QRIS,takeaway,STF033
ORD03727,OUT013,2024-08-17,20:11:36,187000,QRIS,dine_in,STF075
ORD03959,OUT012,2024-08-18,07:43:47,36000,Tunai,dine_in,STF072
ORD03487,OUT019,2024-08-18,12:49:44,56000,QRIS,dine_in,STF113
ORD03626,OUT012,2024-08-18,17:15:50,48000,QRIS,takeaway,STF070
ORD03498,OUT001,2024-08-18,20:29:30,40000,Tunai,takeaway,STF006
ORD04183,OUT004,2024-08-18,21:09:03,45000,GoPay,takeaway,STF019
ORD03710,OUT012,2024-08-19,08:52:11,30000,GoPay,takeaway,STF069
ORD03246,OUT010,2024-08-19,13:04:41,28000,GoPay,delivery,STF058
ORD03581,OUT008,2024-08-19,15:09:43,27000,GoPay,dine_in,STF046
ORD03337,OUT001,2024-08-19,19:34:26,29000,QRIS,delivery,STF005
ORD03255,OUT019,2024-08-20,08:32:31,146000,OVO,takeaway,STF111
ORD03039,OUT020,2024-08-20,08:54:34,63000,Tunai,takeaway,STF118
ORD04184,OUT013,2024-08-20,12:30:15,123000,QRIS,dine_in,STF073
ORD02900,OUT002,2024-08-20,14:06:48,115000,GoPay,dine_in,STF012
ORD03058,OUT003,2024-08-20,19:04:25,137000,GoPay,dine_in,STF013
ORD03328,OUT012,2024-08-20,21:37:01,78000,OVO,delivery,STF069
ORD04052,OUT013,2024-08-21,07:32:38,170000,QRIS,dine_in,STF078
ORD03114,OUT019,2024-08-21,07:52:51,118000,OVO,takeaway,STF112
ORD02881,OUT004,2024-08-21,13:09:47,66000,OVO,dine_in,STF020
ORD03812,OUT016,2024-08-21,21:51:49,56000,QRIS,takeaway,STF093
ORD03130,OUT019,2024-08-22,13:03:31,52000,Kartu Debit,dine_in,STF112
ORD03591,OUT013,2024-08-22,20:41:55,156000,QRIS,dine_in,STF078
ORD03555,OUT001,2024-08-23,08:30:57,205000,QRIS,delivery,STF001
ORD02921,OUT020,2024-08-23,16:00:31,94000,OVO,delivery,STF118
ORD04068,OUT020,2024-08-23,16:22:44,68000,Tunai,dine_in,STF118
ORD04115,OUT020,2024-08-23,18:06:49,27000,QRIS,dine_in,STF116
ORD04021,OUT011,2024-08-23,18:13:07,74000,QRIS,delivery,STF062
ORD02560,OUT008,2024-08-23,18:53:09,87000,QRIS,dine_in,STF048
ORD02892,OUT019,2024-08-24,08:55:19,65000,QRIS,dine_in,STF111
ORD03384,OUT016,2024-08-24,09:33:00,63000,GoPay,delivery,STF096
ORD03054,OUT020,2024-08-24,10:16:27,49000,QRIS,takeaway,STF118
ORD03797,OUT016,2024-08-24,13:07:11,78000,GoPay,takeaway,STF096
ORD04182,OUT002,2024-08-24,19:09:17,109000,QRIS,dine_in,STF012
ORD02785,OUT005,2024-08-25,07:42:33,80000,Kartu Debit,delivery,STF029
ORD03709,OUT005,2024-08-25,08:28:57,124000,GoPay,dine_in,STF025
ORD02972,OUT017,2024-08-25,08:46:12,35000,GoPay,takeaway,STF098
ORD03915,OUT006,2024-08-25,09:11:58,27000,QRIS,dine_in,STF036
ORD03048,OUT006,2024-08-25,12:16:34,134000,GoPay,delivery,STF035
ORD03232,OUT009,2024-08-25,12:24:10,68000,OVO,dine_in,STF053
ORD02666,OUT003,2024-08-25,12:53:56,100000,OVO,delivery,STF014
ORD03146,OUT007,2024-08-25,21:03:31,104000,GoPay,dine_in,STF037
ORD03634,OUT020,2024-08-26,08:43:08,24000,GoPay,dine_in,STF120
ORD04219,OUT007,2024-08-26,12:39:46,40000,GoPay,takeaway,STF040
ORD03349,OUT020,2024-08-26,13:14:17,102000,GoPay,dine_in,STF115
ORD03768,OUT003,2024-08-26,21:26:47,28000,GoPay,dine_in,STF018
ORD02651,OUT020,2024-08-27,08:42:42,29000,OVO,delivery,STF120
ORD04001,OUT011,2024-08-27,13:28:57,73000,GoPay,takeaway,STF064
ORD03638,OUT004,2024-08-27,13:53:34,35000,Tunai,takeaway,STF020
ORD03049,OUT017,2024-08-27,15:08:17,187000,QRIS,dine_in,STF100
ORD03818,OUT019,2024-08-27,18:46:38,81000,QRIS,dine_in,STF113
ORD04217,OUT014,2024-08-28,11:15:39,27000,QRIS,takeaway,STF084
ORD02863,OUT006,2024-08-28,12:07:34,105000,OVO,takeaway,STF036
ORD03772,OUT006,2024-08-28,12:16:34,102000,Kartu Debit,dine_in,STF034
ORD03925,OUT017,2024-08-28,14:34:52,39000,Tunai,takeaway,STF101
ORD03886,OUT020,2024-08-28,19:10:40,98000,QRIS,dine_in,STF116
ORD02589,OUT002,2024-08-29,07:35:41,153000,Tunai,takeaway,STF007
ORD03194,OUT020,2024-08-29,07:55:51,68000,Kartu Debit,dine_in,STF116
ORD02930,OUT012,2024-08-29,08:33:01,27000,GoPay,dine_in,STF068
ORD03206,OUT019,2024-08-29,08:38:05,123000,Kartu Debit,delivery,STF112
ORD03243,OUT004,2024-08-29,12:43:17,77000,GoPay,dine_in,STF023
ORD03692,OUT012,2024-08-29,14:37:49,135000,QRIS,delivery,STF069
ORD03282,OUT014,2024-08-29,19:28:37,56000,GoPay,dine_in,STF079
ORD03247,OUT008,2024-08-30,07:00:34,27000,Tunai,takeaway,STF047
ORD03248,OUT012,2024-08-30,07:25:23,48000,QRIS,dine_in,STF072
ORD03081,OUT016,2024-08-30,08:32:18,23000,QRIS,dine_in,STF093
ORD02894,OUT002,2024-08-30,08:44:37,124000,Tunai,dine_in,STF012
ORD03375,OUT012,2024-08-30,12:53:18,72000,QRIS,takeaway,STF071
ORD03325,OUT009,2024-08-30,13:03:50,25000,QRIS,dine_in,STF051
ORD03240,OUT006,2024-08-31,12:14:31,99000,Kartu Debit,dine_in,STF032
ORD03047,OUT005,2024-08-31,12:43:32,137000,Tunai,takeaway,STF025
ORD02633,OUT017,2024-08-31,14:31:27,24000,QRIS,dine_in,STF099
ORD03882,OUT007,2024-08-31,18:02:17,68000,OVO,dine_in,STF041
ORD03821,OUT002,2024-08-31,22:48:57,18000,Kartu Debit,takeaway,STF012
ORD03065,OUT008,2024-09-01,07:46:44,60000,Kartu Debit,dine_in,STF048
ORD04162,OUT009,2024-09-01,07:47:31,65000,GoPay,takeaway,STF050
ORD02870,OUT017,2024-09-01,08:29:29,107000,OVO,dine_in,STF100
ORD03425,OUT007,2024-09-01,08:56:53,74000,Kartu Debit,dine_in,STF038
ORD03179,OUT004,2024-09-01,11:53:38,60000,OVO,dine_in,STF019
ORD02778,OUT014,2024-09-01,18:06:44,68000,Kartu Debit,dine_in,STF081
ORD03038,OUT008,2024-09-01,18:43:51,132000,QRIS,takeaway,STF045
ORD02544,OUT019,2024-09-02,07:08:50,30000,OVO,takeaway,STF111
ORD02696,OUT009,2024-09-02,12:58:43,87000,OVO,dine_in,STF051
ORD03298,OUT006,2024-09-02,18:53:36,27000,Kartu Debit,dine_in,STF032
ORD03167,OUT002,2024-09-02,19:03:27,127000,QRIS,dine_in,STF011
ORD02925,OUT004,2024-09-02,19:56:27,23000,Kartu Debit,dine_in,STF024
ORD03043,OUT017,2024-09-03,10:17:02,350000,QRIS,takeaway,STF100
ORD02928,OUT016,2024-09-03,11:22:00,18000,OVO,dine_in,STF092
ORD03339,OUT017,2024-09-03,14:43:53,72000,Tunai,dine_in,STF097
ORD03382,OUT007,2024-09-03,17:58:21,52000,Tunai,dine_in,STF037
ORD03056,OUT007,2024-09-03,19:43:47,72000,OVO,dine_in,STF041
ORD03951,OUT010,2024-09-03,19:59:23,159000,Kartu Debit,takeaway,STF055
ORD03374,OUT010,2024-09-04,07:08:58,149000,OVO,dine_in,STF059
ORD03321,OUT009,2024-09-04,07:31:44,49000,Tunai,dine_in,STF051
ORD02811,OUT002,2024-09-04,12:30:36,35000,Kartu Debit,dine_in,STF012
ORD02924,OUT006,2024-09-04,17:14:28,35000,Tunai,takeaway,STF032
ORD02761,OUT014,2024-09-04,18:06:37,28000,Tunai,delivery,STF079
ORD02664,OUT014,2024-09-04,19:07:11,27000,Tunai,dine_in,STF083
ORD03188,OUT012,2024-09-04,20:20:27,30000,GoPay,takeaway,STF068
ORD03281,OUT016,2024-09-04,22:38:23,84000,Tunai,delivery,STF096
ORD03675,OUT012,2024-09-05,07:51:18,29000,Kartu Debit,dine_in,STF069
ORD04059,OUT017,2024-09-05,07:52:54,49000,OVO,dine_in,STF097
ORD04195,OUT006,2024-09-05,18:10:07,52000,Kartu Debit,dine_in,STF032
ORD03609,OUT014,2024-09-05,19:55:19,180000,OVO,dine_in,STF083
ORD02625,OUT004,2024-09-05,21:12:27,155000,QRIS,takeaway,STF024
ORD02521,OUT017,2024-09-06,09:02:28,61000,Tunai,dine_in,STF098
ORD03566,OUT013,2024-09-06,12:34:46,156000,QRIS,dine_in,STF073
ORD03770,OUT003,2024-09-06,13:04:13,142000,GoPay,takeaway,STF017
ORD04179,OUT016,2024-09-06,13:47:42,202000,QRIS,takeaway,STF093
ORD03490,OUT006,2024-09-06,13:51:29,63000,GoPay,dine_in,STF033
ORD03861,OUT020,2024-09-06,19:35:02,70000,QRIS,dine_in,STF120
ORD03573,OUT007,2024-09-07,07:10:39,162000,Tunai,takeaway,STF040
ORD03329,OUT009,2024-09-07,09:53:01,91000,Tunai,delivery,STF053
ORD03743,OUT010,2024-09-07,11:50:32,117000,Tunai,takeaway,STF056
ORD03760,OUT016,2024-09-07,12:07:41,96000,OVO,takeaway,STF096
ORD04199,OUT019,2024-09-07,18:18:48,48000,QRIS,dine_in,STF112
ORD04080,OUT009,2024-09-08,08:03:46,40000,GoPay,takeaway,STF053
ORD04044,OUT016,2024-09-08,08:44:42,39000,Tunai,takeaway,STF092
ORD02603,OUT011,2024-09-08,13:26:41,26000,Tunai,dine_in,STF062
ORD03690,OUT016,2024-09-09,12:06:27,94000,QRIS,dine_in,STF092
ORD02578,OUT004,2024-09-09,16:43:46,53000,Tunai,dine_in,STF023
ORD02667,OUT010,2024-09-09,17:07:07,132000,QRIS,delivery,STF055
ORD03857,OUT008,2024-09-09,18:53:11,40000,GoPay,dine_in,STF045
ORD03615,OUT012,2024-09-10,12:01:49,76000,QRIS,dine_in,STF071
ORD03794,OUT004,2024-09-10,12:34:49,112000,GoPay,dine_in,STF022
ORD03456,OUT014,2024-09-10,13:28:54,117000,QRIS,takeaway,STF082
ORD02615,OUT019,2024-09-10,17:35:32,33000,QRIS,dine_in,STF114
ORD03547,OUT007,2024-09-10,18:23:59,36000,QRIS,takeaway,STF037
ORD04212,OUT013,2024-09-10,19:06:35,58000,OVO,dine_in,STF073
ORD03823,OUT002,2024-09-11,07:03:01,121000,QRIS,takeaway,STF012
ORD03457,OUT005,2024-09-11,07:10:03,56000,QRIS,takeaway,STF025
ORD03764,OUT009,2024-09-11,07:41:45,64000,OVO,dine_in,STF050
ORD02844,OUT012,2024-09-11,08:39:23,26000,GoPay,takeaway,STF071
ORD03724,OUT016,2024-09-11,13:09:00,27000,GoPay,dine_in,STF093
ORD03642,OUT010,2024-09-11,17:22:57,29000,Tunai,dine_in,STF060
ORD03990,OUT019,2024-09-11,17:50:29,96000,OVO,takeaway,STF113
ORD02994,OUT001,2024-09-11,19:43:02,28000,Tunai,takeaway,STF006
ORD03996,OUT016,2024-09-12,07:39:03,67000,Kartu Debit,dine_in,STF092
ORD03260,OUT013,2024-09-12,07:43:36,49000,OVO,dine_in,STF077
ORD03641,OUT010,2024-09-12,08:48:28,137000,QRIS,dine_in,STF058
ORD02920,OUT014,2024-09-12,13:28:20,73000,OVO,takeaway,STF083
ORD03345,OUT019,2024-09-12,18:58:48,24000,OVO,dine_in,STF114
ORD02605,OUT001,2024-09-12,20:02:01,33000,QRIS,dine_in,STF005
ORD02788,OUT004,2024-09-13,12:23:17,36000,GoPay,takeaway,STF024
ORD03649,OUT011,2024-09-13,16:36:38,91000,Tunai,takeaway,STF065
ORD04029,OUT005,2024-09-13,20:37:06,60000,QRIS,delivery,STF029
ORD03901,OUT014,2024-09-14,07:36:06,27000,Tunai,delivery,STF083
ORD02753,OUT019,2024-09-14,07:58:45,39000,GoPay,dine_in,STF111
ORD02536,OUT020,2024-09-14,08:03:52,53000,QRIS,delivery,STF118
ORD03002,OUT013,2024-09-14,09:48:07,27000,GoPay,delivery,STF073
ORD04104,OUT016,2024-09-14,16:08:16,73000,QRIS,takeaway,STF093
ORD02702,OUT016,2024-09-15,12:02:59,66000,GoPay,delivery,STF092
ORD02872,OUT020,2024-09-15,12:51:50,27000,GoPay,delivery,STF118
ORD03313,OUT020,2024-09-15,19:28:35,63000,QRIS,takeaway,STF116
ORD03981,OUT020,2024-09-15,19:28:42,84000,Kartu Debit,dine_in,STF116
ORD03468,OUT011,2024-09-15,21:32:43,104000,GoPay,delivery,STF063
ORD03542,OUT014,2024-09-16,07:28:07,24000,GoPay,takeaway,STF081
ORD03721,OUT011,2024-09-16,10:27:28,100000,GoPay,dine_in,STF061
ORD02728,OUT012,2024-09-16,21:29:49,18000,GoPay,dine_in,STF070
ORD03256,OUT019,2024-09-17,12:44:01,18000,OVO,takeaway,STF111
ORD03478,OUT009,2024-09-17,12:44:16,49000,Tunai,dine_in,STF051
ORD03997,OUT016,2024-09-17,14:10:27,78000,QRIS,dine_in,STF096
ORD03938,OUT013,2024-09-17,17:00:06,47000,OVO,dine_in,STF078
ORD04110,OUT014,2024-09-18,07:36:08,94000,GoPay,takeaway,STF079
ORD02680,OUT014,2024-09-18,08:40:42,74000,GoPay,dine_in,STF081
ORD02884,OUT006,2024-09-18,19:26:05,72000,Tunai,takeaway,STF035
ORD02836,OUT007,2024-09-19,07:31:58,70000,Kartu Debit,takeaway,STF040
ORD04152,OUT020,2024-09-19,08:59:16,121000,QRIS,dine_in,STF115
ORD03664,OUT002,2024-09-19,13:43:11,141000,GoPay,delivery,STF007
ORD04213,OUT008,2024-09-19,17:16:02,56000,QRIS,takeaway,STF047
ORD03874,OUT019,2024-09-19,17:27:12,44000,QRIS,dine_in,STF114
ORD03732,OUT014,2024-09-20,11:49:48,117000,QRIS,takeaway,STF084
ORD03920,OUT014,2024-09-20,12:32:29,29000,Tunai,dine_in,STF084
ORD03277,OUT004,2024-09-20,12:33:35,37000,GoPay,dine_in,STF019
ORD02794,OUT005,2024-09-20,14:13:44,27000,QRIS,dine_in,STF025
ORD02631,OUT006,2024-09-20,17:40:56,24000,Tunai,takeaway,STF034
ORD04011,OUT013,2024-09-20,18:32:23,113000,QRIS,delivery,STF077
ORD02645,OUT003,2024-09-20,19:46:53,201000,QRIS,takeaway,STF018
ORD04062,OUT008,2024-09-21,13:45:01,41000,Kartu Debit,takeaway,STF047
ORD04101,OUT014,2024-09-21,18:07:00,76000,QRIS,delivery,STF084
ORD02764,OUT012,2024-09-21,20:34:07,40000,GoPay,dine_in,STF070
ORD03190,OUT006,2024-09-22,12:47:22,54000,QRIS,takeaway,STF036
ORD03549,OUT001,2024-09-22,18:41:44,22000,QRIS,delivery,STF001
ORD03755,OUT013,2024-09-22,19:17:18,52000,GoPay,takeaway,STF076
ORD03004,OUT007,2024-09-22,20:07:27,75000,GoPay,delivery,STF040
ORD04205,OUT017,2024-09-22,22:36:01,35000,Tunai,dine_in,STF098
ORD03791,OUT002,2024-09-23,08:19:03,45000,Kartu Debit,dine_in,STF008
ORD03877,OUT014,2024-09-23,11:23:09,54000,QRIS,dine_in,STF080
ORD03890,OUT011,2024-09-23,13:57:59,70000,QRIS,dine_in,STF063
ORD03613,OUT005,2024-09-23,18:40:17,66000,GoPay,takeaway,STF026
ORD03509,OUT014,2024-09-23,19:44:49,25000,OVO,dine_in,STF081
ORD02875,OUT003,2024-09-23,20:13:45,114000,QRIS,delivery,STF013
ORD03453,OUT017,2024-09-24,07:15:08,153000,GoPay,takeaway,STF100
ORD03708,OUT016,2024-09-24,15:23:06,68000,GoPay,takeaway,STF092
ORD03808,OUT013,2024-09-24,17:09:22,201000,QRIS,dine_in,STF077
ORD02922,OUT014,2024-09-24,17:23:02,85000,Kartu Debit,takeaway,STF084
ORD03788,OUT007,2024-09-24,21:25:04,18000,GoPay,delivery,STF041
ORD03363,OUT013,2024-09-25,12:50:46,27000,Tunai,delivery,STF075
ORD04178,OUT002,2024-09-25,13:53:17,97000,OVO,dine_in,STF007
ORD04190,OUT017,2024-09-25,17:09:58,86000,QRIS,dine_in,STF102
ORD03429,OUT010,2024-09-25,18:25:38,29000,Tunai,dine_in,STF056
ORD04045,OUT014,2024-09-25,18:46:15,55000,Kartu Debit,takeaway,STF080
ORD03569,OUT010,2024-09-25,19:41:15,73000,Tunai,dine_in,STF057
ORD03362,OUT004,2024-09-26,07:00:44,27000,OVO,dine_in,STF019
ORD02908,OUT019,2024-09-26,13:51:19,150000,QRIS,delivery,STF113
ORD03679,OUT007,2024-09-26,15:48:06,90000,GoPay,dine_in,STF040
ORD02979,OUT006,2024-09-26,19:30:06,44000,GoPay,takeaway,STF034
ORD03060,OUT006,2024-09-26,21:10:32,18000,QRIS,takeaway,STF033
ORD02850,OUT009,2024-09-27,12:37:46,126000,QRIS,dine_in,STF053
ORD02558,OUT010,2024-09-27,18:12:03,54000,GoPay,takeaway,STF058
ORD03159,OUT014,2024-09-27,18:28:03,134000,OVO,delivery,STF079
ORD03519,OUT013,2024-09-28,08:16:44,40000,GoPay,takeaway,STF076
ORD03993,OUT005,2024-09-28,11:43:59,27000,GoPay,takeaway,STF026
ORD03036,OUT010,2024-09-28,16:01:56,98000,GoPay,takeaway,STF060
ORD03802,OUT017,2024-09-29,19:18:20,174000,QRIS,delivery,STF102
ORD02967,OUT019,2024-09-30,12:04:14,54000,GoPay,takeaway,STF112
ORD03289,OUT012,2024-09-30,13:00:57,27000,Kartu Debit,takeaway,STF070
ORD02815,OUT005,2024-09-30,16:00:19,113000,OVO,takeaway,STF026
ORD03459,OUT019,2024-09-30,18:07:56,74000,QRIS,takeaway,STF111
ORD02697,OUT017,2024-09-30,19:10:19,160000,OVO,delivery,STF097
ORD02567,OUT002,2024-09-30,19:39:37,27000,Tunai,dine_in,STF007
ORD02797,OUT001,2024-09-30,21:39:58,153000,QRIS,dine_in,STF002
ORD02672,OUT016,2024-10-01,08:38:00,27000,GoPay,dine_in,STF092
ORD03102,OUT011,2024-10-01,09:36:14,27000,QRIS,dine_in,STF065
ORD03694,OUT003,2024-10-01,13:12:54,98000,QRIS,dine_in,STF015
ORD04022,OUT013,2024-10-01,17:01:06,27000,Kartu Debit,dine_in,STF078
ORD03124,OUT007,2024-10-01,19:08:09,27000,QRIS,delivery,STF039
ORD04223,OUT012,2024-10-02,07:30:00,50000,Tunai,dine_in,STF069
ORD02792,OUT019,2024-10-02,07:36:10,39000,QRIS,takeaway,STF114
ORD02553,OUT017,2024-10-02,15:06:56,151000,GoPay,delivery,STF099
ORD03085,OUT020,2024-10-03,08:42:49,54000,GoPay,dine_in,STF120
ORD03014,OUT008,2024-10-03,13:40:17,70000,Tunai,takeaway,STF048
ORD02547,OUT004,2024-10-03,14:42:25,66000,Kartu Debit,dine_in,STF019
ORD02901,OUT011,2024-10-04,07:20:33,77000,GoPay,dine_in,STF061
ORD04091,OUT008,2024-10-04,13:07:04,95000,OVO,dine_in,STF044
ORD03088,OUT012,2024-10-04,13:24:54,51000,GoPay,dine_in,STF070
ORD03672,OUT013,2024-10-04,17:01:37,50000,GoPay,takeaway,STF073
ORD03170,OUT017,2024-10-04,18:30:28,183000,Tunai,takeaway,STF101
ORD02622,OUT007,2024-10-04,18:45:56,102000,Kartu Debit,takeaway,STF040
ORD03658,OUT006,2024-10-04,19:35:13,142000,QRIS,takeaway,STF033
ORD04200,OUT001,2024-10-05,09:50:00,128000,GoPay,dine_in,STF005
ORD03408,OUT006,2024-10-05,12:16:42,58000,OVO,dine_in,STF031
ORD03322,OUT001,2024-10-05,18:57:57,29000,Kartu Debit,delivery,STF002
ORD03262,OUT016,2024-10-05,20:44:04,136000,QRIS,dine_in,STF092
ORD03353,OUT008,2024-10-06,10:11:29,25000,QRIS,dine_in,STF046
ORD02657,OUT003,2024-10-06,13:55:32,156000,QRIS,dine_in,STF018
ORD03312,OUT016,2024-10-06,14:38:15,29000,Tunai,takeaway,STF093
ORD03288,OUT016,2024-10-06,17:56:01,40000,OVO,dine_in,STF093
ORD03276,OUT019,2024-10-06,18:19:38,99000,Kartu Debit,takeaway,STF114
ORD02677,OUT005,2024-10-07,07:07:54,65000,Kartu Debit,takeaway,STF026
ORD04159,OUT017,2024-10-07,13:40:15,28000,OVO,delivery,STF102
ORD02805,OUT013,2024-10-07,19:10:26,100000,Tunai,takeaway,STF075
ORD02911,OUT003,2024-10-07,22:21:23,59000,QRIS,takeaway,STF018
ORD03783,OUT019,2024-10-08,12:22:54,107000,QRIS,delivery,STF114
ORD03488,OUT008,2024-10-08,12:55:54,48000,GoPay,dine_in,STF043
ORD03989,OUT003,2024-10-08,14:26:24,95000,Tunai,delivery,STF015
ORD02969,OUT008,2024-10-08,16:31:49,45000,QRIS,dine_in,STF044
ORD03753,OUT005,2024-10-08,17:42:46,60000,Kartu Debit,takeaway,STF027
ORD03911,OUT011,2024-10-08,18:14:22,72000,GoPay,dine_in,STF065
ORD04069,OUT014,2024-10-08,18:39:34,93000,GoPay,dine_in,STF083
ORD03334,OUT009,2024-10-10,07:34:56,49000,Kartu Debit,takeaway,STF053
ORD03842,OUT011,2024-10-10,07:45:23,147000,Tunai,takeaway,STF063
ORD03726,OUT017,2024-10-10,08:39:03,28000,GoPay,dine_in,STF101
ORD02768,OUT002,2024-10-10,10:13:06,97000,Tunai,takeaway,STF009
ORD02853,OUT002,2024-10-10,10:44:46,204000,GoPay,dine_in,STF011
ORD03013,OUT014,2024-10-10,13:41:03,193000,QRIS,dine_in,STF083
ORD03272,OUT005,2024-10-11,07:43:58,140000,Kartu Debit,takeaway,STF025
ORD03361,OUT011,2024-10-11,08:33:00,146000,GoPay,dine_in,STF065
ORD03378,OUT014,2024-10-11,12:59:32,189000,QRIS,dine_in,STF081
ORD03946,OUT013,2024-10-11,20:19:50,57000,Kartu Debit,takeaway,STF075
ORD04004,OUT012,2024-10-11,22:08:24,116000,GoPay,delivery,STF069
ORD02964,OUT013,2024-10-12,12:07:18,21000,GoPay,takeaway,STF075
ORD03632,OUT008,2024-10-12,12:46:21,120000,Kartu Debit,dine_in,STF043
ORD02995,OUT004,2024-10-12,14:00:17,60000,GoPay,delivery,STF022
ORD03767,OUT008,2024-10-13,10:39:34,27000,QRIS,takeaway,STF044
ORD03022,OUT014,2024-10-13,13:15:09,74000,QRIS,dine_in,STF079
ORD02832,OUT016,2024-10-13,14:42:30,52000,GoPay,dine_in,STF096
ORD02926,OUT014,2024-10-13,17:13:55,164000,QRIS,delivery,STF083
ORD02607,OUT013,2024-10-13,18:46:40,267000,QRIS,dine_in,STF078
ORD03848,OUT008,2024-10-14,13:11:11,29000,QRIS,takeaway,STF045
ORD02659,OUT002,2024-10-14,14:44:41,29000,OVO,dine_in,STF012
ORD02726,OUT010,2024-10-14,15:42:08,24000,QRIS,delivery,STF059
ORD03236,OUT008,2024-10-14,16:01:06,73000,Kartu Debit,takeaway,STF048
ORD03141,OUT017,2024-10-15,07:23:49,112000,QRIS,delivery,STF099
ORD03135,OUT011,2024-10-15,12:03:16,157000,Kartu Debit,dine_in,STF063
ORD04050,OUT003,2024-10-15,16:57:54,149000,QRIS,dine_in,STF018
ORD04135,OUT007,2024-10-15,17:05:48,146000,Tunai,delivery,STF041
ORD02713,OUT009,2024-10-15,20:20:56,39000,GoPay,dine_in,STF053
ORD02640,OUT006,2024-10-15,20:37:05,101000,OVO,dine_in,STF032
ORD02855,OUT012,2024-10-16,08:25:49,81000,GoPay,dine_in,STF071
ORD03177,OUT020,2024-10-16,09:39:43,54000,GoPay,takeaway,STF115
ORD04010,OUT012,2024-10-16,10:49:07,52000,QRIS,dine_in,STF072
ORD02528,OUT010,2024-10-16,17:39:39,27000,QRIS,dine_in,STF057
ORD02913,OUT011,2024-10-17,08:17:19,60000,GoPay,dine_in,STF064
ORD03434,OUT001,2024-10-17,12:46:08,73000,QRIS,takeaway,STF001
ORD02727,OUT014,2024-10-17,13:58:10,30000,OVO,dine_in,STF084
ORD02755,OUT004,2024-10-17,15:45:59,82000,Tunai,delivery,STF019
ORD03522,OUT014,2024-10-17,16:33:22,28000,OVO,delivery,STF079
ORD03210,OUT020,2024-10-17,17:22:14,152000,GoPay,dine_in,STF115
ORD02692,OUT010,2024-10-17,18:18:10,99000,Kartu Debit,dine_in,STF060
ORD03431,OUT010,2024-10-18,07:18:36,98000,Tunai,dine_in,STF055
ORD04166,OUT006,2024-10-18,07:44:12,27000,QRIS,delivery,STF033
ORD02854,OUT014,2024-10-18,07:56:08,190000,Tunai,dine_in,STF080
ORD04006,OUT010,2024-10-18,08:24:41,69000,Tunai,dine_in,STF059
ORD03131,OUT013,2024-10-18,08:47:28,170000,GoPay,delivery,STF078
ORD04094,OUT009,2024-10-18,17:05:42,72000,QRIS,takeaway,STF053
ORD02917,OUT001,2024-10-18,17:31:32,75000,OVO,dine_in,STF001
ORD02585,OUT013,2024-10-18,19:50:59,68000,OVO,dine_in,STF077
ORD02795,OUT010,2024-10-19,07:27:51,146000,OVO,dine_in,STF060
ORD03914,OUT009,2024-10-19,07:55:01,52000,Kartu Debit,dine_in,STF050
ORD02715,OUT011,2024-10-19,11:18:09,20000,QRIS,takeaway,STF063
ORD02627,OUT003,2024-10-19,12:57:22,85000,Kartu Debit,dine_in,STF014
ORD02621,OUT016,2024-10-19,13:41:32,137000,QRIS,delivery,STF092
ORD03413,OUT020,2024-10-19,13:55:29,54000,OVO,takeaway,STF116
ORD03071,OUT004,2024-10-19,20:03:53,126000,GoPay,takeaway,STF023
ORD02742,OUT003,2024-10-19,20:15:29,121000,Kartu Debit,delivery,STF013
ORD03714,OUT014,2024-10-19,21:22:39,24000,GoPay,takeaway,STF081
ORD03404,OUT003,2024-10-20,07:52:27,78000,Tunai,takeaway,STF013
ORD03600,OUT014,2024-10-20,10:48:36,189000,Tunai,delivery,STF083
ORD03583,OUT013,2024-10-20,13:09:48,29000,OVO,dine_in,STF077
ORD03484,OUT019,2024-10-20,13:23:39,36000,QRIS,dine_in,STF112
ORD03836,OUT017,2024-10-20,14:37:06,39000,Tunai,dine_in,STF100
ORD03965,OUT008,2024-10-20,17:12:33,156000,QRIS,dine_in,STF046
ORD03590,OUT007,2024-10-20,18:05:34,248000,OVO,takeaway,STF039
ORD03386,OUT014,2024-10-20,22:16:38,100000,OVO,delivery,STF081
ORD02831,OUT017,2024-10-21,11:57:55,126000,QRIS,dine_in,STF102
ORD04119,OUT017,2024-10-21,16:17:44,120000,Kartu Debit,dine_in,STF102
ORD02687,OUT008,2024-10-21,18:27:12,72000,Kartu Debit,takeaway,STF047
ORD02835,OUT016,2024-10-21,21:06:28,191000,QRIS,dine_in,STF096
ORD02524,OUT019,2024-10-22,13:41:12,195000,Kartu Debit,delivery,STF112
ORD03469,OUT005,2024-10-22,19:21:16,75000,Kartu Debit,delivery,STF025
ORD03485,OUT002,2024-10-23,07:21:16,21000,OVO,takeaway,STF011
ORD03810,OUT004,2024-10-23,07:24:33,42000,OVO,takeaway,STF023
ORD03546,OUT019,2024-10-23,07:50:07,63000,GoPay,dine_in,STF114
ORD04074,OUT006,2024-10-23,08:17:19,85000,OVO,delivery,STF035
ORD04132,OUT007,2024-10-23,08:57:34,144000,GoPay,takeaway,STF040
ORD02501,OUT008,2024-10-23,15:17:51,36000,GoPay,dine_in,STF048
ORD03310,OUT007,2024-10-24,07:15:48,64000,OVO,delivery,STF042
ORD03562,OUT009,2024-10-24,09:06:57,63000,Kartu Debit,dine_in,STF050
ORD03237,OUT003,2024-10-24,10:47:01,381000,OVO,dine_in,STF017
ORD03815,OUT005,2024-10-24,13:15:23,27000,QRIS,dine_in,STF027
ORD02953,OUT004,2024-10-24,16:48:24,66000,QRIS,takeaway,STF023
ORD04079,OUT002,2024-10-24,18:11:40,52000,GoPay,dine_in,STF012
ORD03729,OUT019,2024-10-24,19:11:33,54000,QRIS,delivery,STF112
ORD02548,OUT008,2024-10-25,07:43:36,108000,OVO,dine_in,STF043
ORD03104,OUT020,2024-10-25,07:58:18,68000,QRIS,delivery,STF116
ORD02879,OUT009,2024-10-25,08:36:44,69000,QRIS,takeaway,STF050
ORD03449,OUT007,2024-10-25,12:02:25,66000,QRIS,delivery,STF040
ORD03199,OUT005,2024-10-25,18:24:00,52000,OVO,delivery,STF026
ORD02543,OUT020,2024-10-25,18:35:57,76000,QRIS,takeaway,STF120
ORD03765,OUT011,2024-10-25,19:03:00,83000,GoPay,dine_in,STF065
ORD03829,OUT019,2024-10-25,19:08:32,64000,Tunai,dine_in,STF111
ORD03957,OUT008,2024-10-25,19:13:00,27000,Tunai,dine_in,STF045
ORD03012,OUT007,2024-10-26,10:15:30,66000,GoPay,takeaway,STF039
ORD02682,OUT003,2024-10-26,11:17:36,28000,QRIS,delivery,STF013
ORD02830,OUT006,2024-10-26,18:10:11,56000,Kartu Debit,takeaway,STF035
ORD02602,OUT012,2024-10-27,08:09:45,88000,OVO,dine_in,STF070
ORD02738,OUT007,2024-10-27,08:11:08,52000,OVO,dine_in,STF037
ORD03427,OUT009,2024-10-27,13:35:29,90000,GoPay,takeaway,STF051
ORD03520,OUT019,2024-10-27,17:49:58,21000,QRIS,delivery,STF113
ORD02933,OUT020,2024-10-27,18:30:01,151000,QRIS,takeaway,STF115
ORD02762,OUT007,2024-10-28,13:02:20,27000,OVO,takeaway,STF040
ORD02902,OUT003,2024-10-28,17:51:49,72000,Kartu Debit,takeaway,STF017
ORD03197,OUT005,2024-10-28,18:24:07,51000,OVO,takeaway,STF025
ORD03699,OUT016,2024-10-28,19:22:48,35000,OVO,dine_in,STF092
ORD03930,OUT016,2024-10-29,08:01:40,82000,OVO,dine_in,STF093
ORD03238,OUT014,2024-10-29,10:56:19,87000,OVO,takeaway,STF082
ORD02729,OUT003,2024-10-29,16:53:38,51000,QRIS,dine_in,STF017
ORD02763,OUT001,2024-10-29,17:17:27,25000,Tunai,delivery,STF006
ORD03931,OUT004,2024-10-29,17:56:41,24000,GoPay,dine_in,STF024
ORD02758,OUT012,2024-10-29,19:51:00,63000,GoPay,takeaway,STF070
ORD02577,OUT017,2024-10-29,20:46:16,131000,OVO,dine_in,STF101
ORD03205,OUT002,2024-10-29,22:21:49,36000,QRIS,takeaway,STF009
ORD02568,OUT012,2024-10-30,12:32:03,149000,Kartu Debit,dine_in,STF070
ORD03307,OUT012,2024-10-30,18:28:09,20000,OVO,dine_in,STF068
ORD03137,OUT005,2024-10-30,18:43:29,75000,QRIS,takeaway,STF029
ORD03891,OUT019,2024-10-30,20:27:32,104000,QRIS,takeaway,STF113
ORD02982,OUT019,2024-10-31,10:25:52,50000,Kartu Debit,takeaway,STF112
ORD03673,OUT009,2024-10-31,12:18:29,39000,GoPay,delivery,STF050
ORD04106,OUT003,2024-10-31,12:36:54,117000,Tunai,dine_in,STF013
ORD04181,OUT014,2024-10-31,21:24:48,23000,GoPay,takeaway,STF080
ORD03863,OUT001,2024-10-31,21:59:01,49000,OVO,delivery,STF005
ORD04128,OUT012,2024-11-01,10:16:27,39000,OVO,delivery,STF068
ORD04126,OUT020,2024-11-01,13:43:40,76000,GoPay,dine_in,STF120
ORD03308,OUT008,2024-11-01,15:57:53,28000,Kartu Debit,dine_in,STF047
ORD03800,OUT010,2024-11-01,19:54:34,65000,QRIS,takeaway,STF060
ORD03410,OUT020,2024-11-01,21:37:59,33000,QRIS,dine_in,STF120
ORD03681,OUT008,2024-11-01,22:29:13,29000,OVO,dine_in,STF044
ORD02856,OUT011,2024-11-02,08:24:00,49000,Tunai,dine_in,STF061
ORD04095,OUT016,2024-11-02,12:55:15,115000,QRIS,takeaway,STF096
ORD03528,OUT002,2024-11-02,12:59:48,137000,GoPay,delivery,STF011
ORD03176,OUT010,2024-11-02,19:22:43,30000,QRIS,dine_in,STF057
ORD03807,OUT008,2024-11-02,19:39:30,78000,Tunai,dine_in,STF048
ORD04089,OUT003,2024-11-03,08:14:23,83000,GoPay,dine_in,STF017
ORD03654,OUT012,2024-11-03,12:05:01,58000,Kartu Debit,dine_in,STF069
ORD03290,OUT007,2024-11-03,17:25:28,79000,Tunai,takeaway,STF042
ORD03415,OUT011,2024-11-03,19:09:31,207000,Kartu Debit,dine_in,STF065
ORD04061,OUT005,2024-11-03,19:23:06,101000,Kartu Debit,dine_in,STF026
ORD02579,OUT007,2024-11-03,19:55:42,146000,GoPay,takeaway,STF040
ORD03481,OUT011,2024-11-03,20:53:08,86000,QRIS,takeaway,STF062
ORD04175,OUT004,2024-11-04,13:05:02,94000,QRIS,delivery,STF019
ORD03784,OUT016,2024-11-04,20:04:41,57000,Tunai,dine_in,STF093
ORD03198,OUT007,2024-11-05,12:04:02,27000,QRIS,delivery,STF041
ORD02885,OUT014,2024-11-05,15:30:09,35000,Kartu Debit,dine_in,STF082
ORD02658,OUT009,2024-11-05,15:56:01,272000,Kartu Debit,dine_in,STF053
ORD02635,OUT005,2024-11-06,13:45:03,40000,GoPay,dine_in,STF027
ORD02907,OUT004,2024-11-06,13:48:19,65000,QRIS,delivery,STF020
ORD03887,OUT019,2024-11-06,18:00:30,52000,Kartu Debit,takeaway,STF114
ORD03629,OUT001,2024-11-06,18:01:41,122000,GoPay,takeaway,STF004
ORD02898,OUT006,2024-11-07,14:22:09,154000,QRIS,takeaway,STF035
ORD03975,OUT019,2024-11-07,19:09:14,137000,Tunai,takeaway,STF114
ORD03187,OUT007,2024-11-08,07:29:20,82000,GoPay,dine_in,STF038
ORD03269,OUT014,2024-11-08,07:32:46,305000,QRIS,dine_in,STF081
ORD04154,OUT013,2024-11-08,08:08:37,28000,GoPay,delivery,STF075
ORD03418,OUT003,2024-11-08,08:48:02,26000,Tunai,delivery,STF015
ORD03285,OUT010,2024-11-08,12:50:18,24000,OVO,takeaway,STF057
ORD04054,OUT011,2024-11-08,17:10:45,91000,GoPay,takeaway,STF061
ORD03840,OUT001,2024-11-09,14:06:16,40000,QRIS,dine_in,STF002
ORD03718,OUT007,2024-11-10,07:54:47,58000,GoPay,dine_in,STF037
ORD03825,OUT020,2024-11-10,19:05:12,191000,Tunai,delivery,STF118
ORD04189,OUT004,2024-11-11,18:23:36,27000,Tunai,takeaway,STF020
ORD03212,OUT013,2024-11-11,19:45:15,18000,QRIS,dine_in,STF077
ORD03326,OUT020,2024-11-12,12:07:34,29000,GoPay,dine_in,STF115
ORD03472,OUT004,2024-11-12,12:45:33,37000,Kartu Debit,takeaway,STF024
ORD02520,OUT005,2024-11-12,13:41:40,244000,Tunai,delivery,STF029
ORD03653,OUT004,2024-11-12,15:03:01,28000,Kartu Debit,dine_in,STF024
ORD03835,OUT012,2024-11-12,17:54:23,18000,Tunai,dine_in,STF071
ORD03426,OUT001,2024-11-12,18:15:46,65000,GoPay,delivery,STF002
ORD03493,OUT013,2024-11-12,20:30:56,37000,QRIS,dine_in,STF073
ORD03844,OUT009,2024-11-13,10:51:18,120000,QRIS,takeaway,STF050
ORD03275,OUT013,2024-11-13,17:29:21,99000,QRIS,dine_in,STF077
ORD03087,OUT012,2024-11-14,07:25:28,73000,QRIS,delivery,STF068
ORD03511,OUT013,2024-11-14,08:38:55,18000,GoPay,dine_in,STF077
ORD03508,OUT012,2024-11-14,12:31:27,322000,GoPay,takeaway,STF072
ORD03832,OUT003,2024-11-14,22:41:54,63000,GoPay,delivery,STF015
ORD04019,OUT008,2024-11-15,08:19:32,29000,Kartu Debit,takeaway,STF043
ORD03023,OUT016,2024-11-15,11:01:52,82000,QRIS,dine_in,STF096
ORD02723,OUT013,2024-11-15,12:23:13,101000,OVO,dine_in,STF078
ORD04202,OUT008,2024-11-15,12:30:55,107000,OVO,delivery,STF045
ORD03660,OUT001,2024-11-15,15:23:37,87000,Kartu Debit,delivery,STF005
ORD03943,OUT020,2024-11-16,08:50:20,37000,Tunai,takeaway,STF116
ORD03790,OUT019,2024-11-16,12:35:52,24000,Tunai,takeaway,STF113
ORD02949,OUT005,2024-11-17,08:55:30,34000,OVO,dine_in,STF027
ORD02876,OUT011,2024-11-18,17:17:29,120000,OVO,takeaway,STF064
ORD03850,OUT003,2024-11-18,18:12:22,106000,QRIS,dine_in,STF013
ORD02519,OUT003,2024-11-18,19:10:00,105000,GoPay,dine_in,STF014
ORD04090,OUT011,2024-11-19,12:34:46,120000,QRIS,delivery,STF064
ORD03318,OUT001,2024-11-19,12:58:34,35000,OVO,takeaway,STF005
ORD03118,OUT008,2024-11-19,13:45:04,219000,OVO,dine_in,STF043
ORD03582,OUT006,2024-11-19,13:46:45,117000,QRIS,takeaway,STF033
ORD02893,OUT017,2024-11-19,14:38:26,95000,QRIS,dine_in,STF100
ORD03388,OUT014,2024-11-20,18:04:57,113000,Kartu Debit,takeaway,STF083
ORD03445,OUT008,2024-11-20,18:44:55,131000,OVO,dine_in,STF048
ORD02916,OUT011,2024-11-20,18:55:35,134000,GoPay,delivery,STF064
ORD04169,OUT017,2024-11-20,19:57:40,34000,GoPay,delivery,STF100
ORD02773,OUT007,2024-11-20,21:45:00,70000,GoPay,dine_in,STF040
ORD02636,OUT008,2024-11-21,07:27:10,27000,QRIS,takeaway,STF048
ORD03661,OUT012,2024-11-21,13:13:30,75000,QRIS,takeaway,STF072
ORD02665,OUT017,2024-11-21,17:44:44,50000,GoPay,dine_in,STF102
ORD03798,OUT017,2024-11-22,08:10:41,120000,QRIS,takeaway,STF100
ORD02748,OUT007,2024-11-22,13:25:14,89000,QRIS,delivery,STF042
ORD02656,OUT009,2024-11-22,13:26:25,36000,GoPay,dine_in,STF051
ORD03865,OUT017,2024-11-22,14:45:08,22000,QRIS,dine_in,STF098
ORD03495,OUT003,2024-11-22,18:36:22,18000,QRIS,takeaway,STF014
ORD03715,OUT013,2024-11-22,21:30:18,60000,GoPay,dine_in,STF078
ORD03222,OUT020,2024-11-23,08:00:09,58000,GoPay,dine_in,STF120
ORD02910,OUT016,2024-11-23,08:14:32,144000,OVO,takeaway,STF093
ORD03263,OUT011,2024-11-23,08:26:35,60000,Tunai,takeaway,STF061
ORD03178,OUT002,2024-11-23,17:04:57,88000,OVO,dine_in,STF007
ORD04231,OUT003,2024-11-24,13:10:24,83000,QRIS,delivery,STF018
ORD02614,OUT011,2024-11-24,13:19:21,36000,OVO,dine_in,STF061
ORD03152,OUT007,2024-11-24,13:21:57,79000,QRIS,dine_in,STF041
ORD03280,OUT013,2024-11-24,13:22:28,206000,QRIS,dine_in,STF077
ORD03778,OUT008,2024-11-24,14:16:55,126000,GoPay,dine_in,STF046
ORD03117,OUT006,2024-11-24,14:28:06,82000,GoPay,takeaway,STF036
ORD02963,OUT017,2024-11-24,19:27:33,18000,QRIS,takeaway,STF099
ORD02710,OUT009,2024-11-24,19:29:48,45000,Kartu Debit,takeaway,STF051
ORD02551,OUT006,2024-11-25,11:51:06,47000,Kartu Debit,dine_in,STF036
ORD02935,OUT010,2024-11-25,15:17:41,146000,Tunai,takeaway,STF060
ORD03637,OUT002,2024-11-25,19:38:27,37000,Kartu Debit,delivery,STF008
ORD03341,OUT016,2024-11-26,18:41:49,118000,GoPay,takeaway,STF096
ORD04161,OUT003,2024-11-27,12:29:16,293000,Kartu Debit,takeaway,STF013
ORD02950,OUT009,2024-11-27,12:44:00,52000,QRIS,dine_in,STF051
ORD03304,OUT014,2024-11-27,18:32:05,63000,Kartu Debit,dine_in,STF083
ORD03916,OUT019,2024-11-27,22:39:27,37000,QRIS,delivery,STF113
ORD02781,OUT002,2024-11-28,18:26:48,27000,QRIS,dine_in,STF012
ORD02612,OUT016,2024-11-28,19:00:18,158000,OVO,takeaway,STF096
ORD03462,OUT019,2024-11-28,19:26:22,135000,Kartu Debit,dine_in,STF112
ORD03450,OUT001,2024-11-28,19:58:03,50000,Kartu Debit,takeaway,STF001
ORD03126,OUT017,2024-11-29,16:53:49,30000,Tunai,dine_in,STF100
ORD02525,OUT006,2024-11-29,18:57:58,28000,QRIS,delivery,STF036
ORD03142,OUT004,2024-11-29,19:14:18,39000,OVO,dine_in,STF022
ORD04234,OUT008,2024-11-29,19:18:32,27000,OVO,takeaway,STF048
ORD04075,OUT020,2024-11-29,21:30:20,64000,OVO,takeaway,STF116
ORD02691,OUT004,2024-11-30,13:17:55,39000,OVO,dine_in,STF019
ORD02564,OUT016,2024-11-30,14:47:48,47000,QRIS,dine_in,STF096
ORD02639,OUT013,2024-11-30,17:38:05,79000,GoPay,dine_in,STF076
ORD02598,OUT008,2024-11-30,17:39:57,105000,OVO,dine_in,STF046
ORD03042,OUT012,2024-11-30,19:13:50,72000,Kartu Debit,takeaway,STF071
ORD02613,OUT016,2024-11-30,19:52:42,333000,QRIS,delivery,STF093
ORD03010,OUT008,2024-12-01,07:01:30,179000,OVO,dine_in,STF045
ORD02769,OUT009,2024-12-01,12:22:40,139000,GoPay,dine_in,STF050
ORD04098,OUT001,2024-12-01,15:01:33,36000,GoPay,dine_in,STF005
ORD02934,OUT008,2024-12-01,17:13:25,129000,OVO,takeaway,STF044
ORD02668,OUT008,2024-12-02,07:55:55,40000,QRIS,delivery,STF044
ORD02895,OUT002,2024-12-02,08:13:49,220000,Kartu Debit,dine_in,STF008
ORD02999,OUT011,2024-12-02,08:38:22,23000,QRIS,takeaway,STF062
ORD02730,OUT013,2024-12-02,16:27:16,29000,Kartu Debit,dine_in,STF075
ORD03372,OUT007,2024-12-02,17:28:20,197000,Kartu Debit,dine_in,STF042
ORD04088,OUT010,2024-12-02,17:43:39,85000,Tunai,delivery,STF057
ORD03860,OUT004,2024-12-02,18:06:19,68000,Tunai,dine_in,STF019
ORD03340,OUT008,2024-12-02,19:01:06,68000,OVO,delivery,STF048
ORD03657,OUT013,2024-12-02,19:05:58,39000,Kartu Debit,takeaway,STF078
ORD02951,OUT006,2024-12-02,22:33:59,60000,GoPay,delivery,STF032
ORD04215,OUT017,2024-12-03,08:08:58,36000,GoPay,dine_in,STF101
ORD03136,OUT001,2024-12-03,08:38:31,27000,QRIS,delivery,STF004
ORD03254,OUT007,2024-12-03,12:44:32,124000,QRIS,dine_in,STF037
ORD02798,OUT002,2024-12-03,12:55:24,88000,GoPay,dine_in,STF011
ORD03571,OUT007,2024-12-03,13:03:08,72000,GoPay,dine_in,STF042
ORD02705,OUT017,2024-12-03,13:24:28,40000,QRIS,dine_in,STF100
ORD03423,OUT014,2024-12-03,13:57:41,88000,QRIS,dine_in,STF084
ORD03889,OUT008,2024-12-03,18:42:00,49000,GoPay,dine_in,STF045
ORD03428,OUT016,2024-12-03,21:33:05,28000,Kartu Debit,dine_in,STF096
ORD03448,OUT006,2024-12-03,22:25:57,23000,QRIS,dine_in,STF034
ORD03064,OUT003,2024-12-04,07:46:20,90000,QRIS,dine_in,STF015
ORD03106,OUT004,2024-12-04,07:49:09,49000,OVO,dine_in,STF024
ORD03527,OUT007,2024-12-04,12:09:37,200000,OVO,dine_in,STF040
ORD02747,OUT005,2024-12-04,12:12:58,81000,Tunai,delivery,STF025
ORD04164,OUT011,2024-12-04,13:27:38,27000,Tunai,dine_in,STF061
ORD03795,OUT002,2024-12-05,15:37:24,71000,GoPay,takeaway,STF011
ORD03604,OUT001,2024-12-05,21:08:38,144000,QRIS,takeaway,STF002
ORD02987,OUT003,2024-12-06,09:29:10,51000,GoPay,dine_in,STF015
ORD03317,OUT002,2024-12-06,13:21:56,48000,Tunai,dine_in,STF007
ORD03969,OUT016,2024-12-06,19:57:30,60000,Tunai,dine_in,STF096
ORD02580,OUT001,2024-12-07,07:17:46,41000,QRIS,dine_in,STF004
ORD03888,OUT007,2024-12-07,07:36:41,63000,GoPay,delivery,STF041
ORD03483,OUT008,2024-12-07,12:24:11,24000,QRIS,dine_in,STF045
ORD02750,OUT007,2024-12-07,13:09:45,135000,OVO,delivery,STF039
ORD03016,OUT004,2024-12-07,17:01:42,146000,Tunai,dine_in,STF024
ORD03671,OUT011,2024-12-07,19:09:53,54000,Tunai,dine_in,STF061
ORD03567,OUT017,2024-12-07,21:13:57,50000,QRIS,delivery,STF101
ORD03463,OUT007,2024-12-08,12:22:12,30000,Tunai,dine_in,STF041
ORD02772,OUT010,2024-12-08,13:01:33,41000,GoPay,takeaway,STF056
ORD04174,OUT020,2024-12-08,18:10:13,36000,Kartu Debit,dine_in,STF116
ORD03963,OUT003,2024-12-09,10:44:08,116000,OVO,dine_in,STF014
ORD03432,OUT002,2024-12-09,13:04:01,65000,OVO,dine_in,STF007
ORD02810,OUT009,2024-12-09,13:42:06,101000,OVO,takeaway,STF050
ORD03174,OUT009,2024-12-09,13:42:06,96000,QRIS,takeaway,STF051
ORD03460,OUT010,2024-12-09,19:45:04,105000,QRIS,delivery,STF056
ORD03707,OUT017,2024-12-10,07:51:44,83000,QRIS,takeaway,STF102
ORD02706,OUT009,2024-12-10,12:00:49,25000,OVO,dine_in,STF053
ORD04081,OUT001,2024-12-10,12:30:38,52000,Tunai,dine_in,STF004
ORD03112,OUT020,2024-12-10,12:32:59,88000,GoPay,takeaway,STF115
ORD03169,OUT013,2024-12-10,13:17:39,29000,QRIS,dine_in,STF075
ORD03597,OUT007,2024-12-10,14:04:44,75000,QRIS,dine_in,STF041
ORD03517,OUT016,2024-12-10,16:06:05,40000,Tunai,takeaway,STF092
ORD04208,OUT017,2024-12-10,17:11:56,75000,QRIS,dine_in,STF097
ORD03439,OUT004,2024-12-10,17:47:41,66000,Tunai,takeaway,STF020
ORD03820,OUT013,2024-12-11,12:59:15,40000,OVO,dine_in,STF073
ORD02882,OUT012,2024-12-11,13:31:28,27000,OVO,dine_in,STF069
ORD02861,OUT005,2024-12-11,18:36:34,72000,QRIS,dine_in,STF026
ORD03625,OUT004,2024-12-11,19:52:01,216000,QRIS,dine_in,STF020
ORD03903,OUT014,2024-12-11,19:58:06,60000,Kartu Debit,dine_in,STF083
ORD02626,OUT011,2024-12-12,07:12:34,29000,Tunai,takeaway,STF062
ORD03983,OUT003,2024-12-12,11:40:39,85000,QRIS,delivery,STF017
ORD03738,OUT001,2024-12-12,13:36:18,86000,GoPay,takeaway,STF005
ORD02688,OUT005,2024-12-12,17:35:14,85000,OVO,delivery,STF029
ORD03696,OUT006,2024-12-12,19:09:36,205000,GoPay,dine_in,STF033
ORD02737,OUT014,2024-12-12,19:26:26,234000,Tunai,takeaway,STF081
ORD02724,OUT012,2024-12-13,09:19:41,68000,QRIS,dine_in,STF070
ORD03303,OUT010,2024-12-13,12:13:21,67000,Tunai,dine_in,STF056
ORD02542,OUT005,2024-12-13,12:27:48,69000,Kartu Debit,takeaway,STF026
ORD03447,OUT004,2024-12-13,18:53:55,261000,QRIS,dine_in,STF024
ORD02663,OUT007,2024-12-13,19:00:37,50000,Tunai,dine_in,STF037
ORD03633,OUT012,2024-12-13,19:19:35,45000,OVO,takeaway,STF072
ORD03674,OUT005,2024-12-13,19:23:26,96000,OVO,takeaway,STF027
ORD04048,OUT016,2024-12-14,08:51:40,146000,QRIS,takeaway,STF092
ORD04176,OUT011,2024-12-14,09:49:16,84000,OVO,delivery,STF063
ORD04130,OUT020,2024-12-14,12:09:10,72000,OVO,delivery,STF118
ORD03952,OUT004,2024-12-14,13:24:26,120000,QRIS,dine_in,STF022
ORD03479,OUT016,2024-12-14,13:30:12,52000,GoPay,delivery,STF093
ORD03311,OUT011,2024-12-14,18:23:45,63000,OVO,delivery,STF064
ORD03525,OUT005,2024-12-15,12:32:59,55000,GoPay,dine_in,STF027
ORD04240,OUT017,2024-12-15,13:29:48,30000,OVO,dine_in,STF100
ORD03602,OUT016,2024-12-15,19:42:50,29000,Kartu Debit,dine_in,STF093
ORD03858,OUT013,2024-12-16,09:22:56,28000,QRIS,dine_in,STF075
ORD03988,OUT016,2024-12-16,12:43:41,24000,OVO,dine_in,STF096
ORD03751,OUT011,2024-12-16,13:22:57,134000,Kartu Debit,delivery,STF065
ORD03565,OUT003,2024-12-16,13:29:10,54000,GoPay,dine_in,STF018
ORD03843,OUT008,2024-12-16,18:47:51,72000,OVO,takeaway,STF047
ORD04187,OUT011,2024-12-16,19:12:39,89000,Tunai,dine_in,STF061
ORD03161,OUT016,2024-12-17,07:05:46,78000,OVO,dine_in,STF096
ORD02505,OUT010,2024-12-17,08:19:53,41000,OVO,dine_in,STF057
ORD02822,OUT007,2024-12-17,12:30:13,104000,QRIS,takeaway,STF042
ORD02955,OUT001,2024-12-17,13:41:27,37000,QRIS,delivery,STF006
ORD02616,OUT003,2024-12-17,18:44:02,57000,QRIS,takeaway,STF014
ORD03787,OUT014,2024-12-18,07:34:17,26000,Tunai,delivery,STF083
ORD03084,OUT009,2024-12-18,17:43:36,138000,GoPay,dine_in,STF053
ORD03189,OUT009,2024-12-19,12:46:33,39000,GoPay,dine_in,STF053
ORD04121,OUT012,2024-12-19,15:07:40,27000,QRIS,dine_in,STF071
ORD03742,OUT005,2024-12-19,17:53:20,60000,OVO,dine_in,STF027
ORD03777,OUT014,2024-12-19,22:50:17,29000,OVO,takeaway,STF082
ORD02623,OUT002,2024-12-20,17:47:37,88000,GoPay,delivery,STF011
ORD03115,OUT013,2024-12-20,18:40:08,24000,QRIS,dine_in,STF075
ORD03693,OUT003,2024-12-20,19:58:23,48000,QRIS,dine_in,STF017
ORD04049,OUT003,2024-12-21,07:26:08,27000,GoPay,delivery,STF013
ORD04163,OUT014,2024-12-21,12:17:11,27000,Kartu Debit,dine_in,STF084
ORD03500,OUT008,2024-12-21,12:52:46,36000,GoPay,dine_in,STF043
ORD02514,OUT012,2024-12-21,13:37:07,58000,OVO,dine_in,STF071
ORD03096,OUT012,2024-12-21,17:23:04,27000,OVO,dine_in,STF068
ORD04243,OUT014,2024-12-21,18:36:35,56000,GoPay,dine_in,STF083
ORD03518,OUT003,2024-12-21,19:25:31,119000,QRIS,delivery,STF013
ORD02866,OUT010,2024-12-22,07:01:47,59000,OVO,dine_in,STF056
ORD03389,OUT011,2024-12-22,16:03:08,108000,Tunai,takeaway,STF063
ORD03024,OUT011,2024-12-22,17:00:58,152000,QRIS,dine_in,STF065
ORD04043,OUT014,2024-12-22,18:29:58,45000,OVO,takeaway,STF084
ORD02597,OUT019,2024-12-22,18:34:20,179000,QRIS,dine_in,STF111
ORD04041,OUT006,2024-12-23,07:55:32,151000,OVO,dine_in,STF035
ORD04147,OUT011,2024-12-23,07:56:55,254000,OVO,dine_in,STF063
ORD02890,OUT013,2024-12-23,08:37:55,49000,Kartu Debit,dine_in,STF078
ORD02757,OUT003,2024-12-23,12:46:25,27000,Kartu Debit,takeaway,STF018
ORD03949,OUT017,2024-12-24,08:04:57,72000,Tunai,dine_in,STF097
ORD03149,OUT006,2024-12-24,13:39:37,100000,Tunai,takeaway,STF032
ORD04118,OUT003,2024-12-24,17:21:31,199000,OVO,delivery,STF013
ORD03033,OUT006,2024-12-24,17:29:25,51000,QRIS,dine_in,STF032
ORD04165,OUT008,2024-12-24,17:41:28,88000,GoPay,takeaway,STF046
ORD04185,OUT004,2024-12-24,18:31:33,74000,Kartu Debit,delivery,STF024
ORD03419,OUT019,2024-12-24,18:51:58,27000,QRIS,dine_in,STF112
ORD03387,OUT003,2024-12-24,22:51:29,36000,QRIS,dine_in,STF015
ORD03165,OUT014,2024-12-25,12:44:31,78000,Tunai,dine_in,STF082
ORD03598,OUT003,2024-12-25,12:55:13,99000,OVO,delivery,STF018
ORD02787,OUT006,2024-12-25,17:48:44,25000,GoPay,delivery,STF034
ORD03677,OUT014,2024-12-25,22:21:16,18000,QRIS,dine_in,STF083
ORD02531,OUT004,2024-12-26,10:01:38,90000,QRIS,takeaway,STF022
ORD03942,OUT004,2024-12-26,12:53:32,66000,GoPay,dine_in,STF019
ORD02684,OUT009,2024-12-26,14:19:28,47000,QRIS,dine_in,STF051
ORD02946,OUT001,2024-12-26,16:42:43,26000,GoPay,dine_in,STF005
ORD03025,OUT011,2024-12-26,18:44:46,117000,QRIS,delivery,STF061
ORD03837,OUT002,2024-12-26,19:09:05,109000,Kartu Debit,delivery,STF012
ORD04250,OUT014,2024-12-26,19:09:11,109000,GoPay,takeaway,STF079
ORD04116,OUT005,2024-12-26,20:16:23,27000,QRIS,takeaway,STF025
ORD03884,OUT006,2024-12-27,13:21:22,54000,OVO,takeaway,STF035
ORD03722,OUT006,2024-12-27,18:10:57,132000,Kartu Debit,dine_in,STF035
ORD02646,OUT008,2024-12-27,18:20:09,67000,GoPay,takeaway,STF046
ORD02812,OUT009,2024-12-31,08:45:16,87000,QRIS,takeaway,STF053
ORD02956,OUT004,2024-12-31,13:55:06,27000,QRIS,takeaway,STF024
ORD04518,OUT008,2025-01-01,07:04:06,40000,Tunai,delivery,STF047
ORD04566,OUT012,2025-01-01,08:55:48,54000,OVO,dine_in,STF068
ORD04479,OUT020,2025-01-01,10:26:42,263000,QRIS,dine_in,STF115
ORD04300,OUT005,2025-01-01,17:05:06,40000,QRIS,takeaway,STF027
ORD04862,OUT003,2025-01-01,17:40:38,37000,Tunai,dine_in,STF013
ORD04698,OUT008,2025-01-01,19:05:59,27000,QRIS,takeaway,STF048
ORD04652,OUT002,2025-01-01,21:05:38,187000,Kartu Debit,dine_in,STF009
ORD04359,OUT008,2025-01-02,12:39:17,225000,Tunai,dine_in,STF045
ORD04269,OUT016,2025-01-02,12:56:26,73000,QRIS,dine_in,STF096
ORD04951,OUT002,2025-01-02,16:54:59,26000,Tunai,dine_in,STF012
ORD04776,OUT003,2025-01-02,17:46:53,35000,Tunai,delivery,STF014
ORD04999,OUT006,2025-01-03,07:20:52,147000,OVO,takeaway,STF033
ORD04519,OUT007,2025-01-03,08:44:01,80000,QRIS,takeaway,STF042
ORD04562,OUT006,2025-01-03,09:51:08,268000,QRIS,takeaway,STF034
ORD04982,OUT014,2025-01-03,12:37:48,126000,OVO,delivery,STF079
ORD04886,OUT017,2025-01-03,13:23:30,254000,QRIS,takeaway,STF098
ORD04318,OUT020,2025-01-03,13:50:07,73000,Kartu Debit,dine_in,STF115
ORD04707,OUT008,2025-01-03,15:46:20,223000,QRIS,dine_in,STF048
ORD04775,OUT011,2025-01-03,19:55:19,91000,QRIS,takeaway,STF064
ORD04275,OUT016,2025-01-03,22:34:54,75000,OVO,dine_in,STF092
ORD04896,OUT009,2025-01-04,07:16:56,52000,GoPay,takeaway,STF050
ORD04735,OUT020,2025-01-04,08:15:12,104000,QRIS,takeaway,STF115
ORD04336,OUT002,2025-01-04,08:22:58,72000,Tunai,delivery,STF008
ORD04699,OUT003,2025-01-04,08:27:43,54000,Kartu Debit,dine_in,STF018
ORD04825,OUT004,2025-01-04,13:12:56,166000,GoPay,takeaway,STF020
ORD04382,OUT006,2025-01-04,17:14:57,103000,OVO,takeaway,STF036
ORD04881,OUT003,2025-01-05,07:19:07,36000,OVO,dine_in,STF018
ORD04877,OUT003,2025-01-05,18:17:21,77000,GoPay,dine_in,STF015
ORD04767,OUT017,2025-01-05,18:27:19,78000,Tunai,delivery,STF100
ORD04306,OUT004,2025-01-05,18:55:37,72000,GoPay,dine_in,STF023
ORD04410,OUT001,2025-01-05,19:23:34,106000,QRIS,dine_in,STF002
ORD04861,OUT009,2025-01-05,19:31:17,102000,Tunai,takeaway,STF051
ORD04620,OUT013,2025-01-06,07:06:41,50000,QRIS,delivery,STF073
ORD04899,OUT011,2025-01-06,07:15:49,72000,QRIS,delivery,STF063
ORD04550,OUT003,2025-01-06,07:43:02,58000,OVO,takeaway,STF017
ORD04537,OUT006,2025-01-06,08:16:11,150000,GoPay,dine_in,STF035
ORD04808,OUT013,2025-01-06,13:29:19,245000,OVO,dine_in,STF076
ORD04981,OUT020,2025-01-06,13:53:38,40000,Tunai,takeaway,STF120
ORD04398,OUT020,2025-01-06,18:07:46,265000,GoPay,dine_in,STF115
ORD04338,OUT012,2025-01-06,18:41:37,80000,Kartu Debit,dine_in,STF068
ORD04329,OUT005,2025-01-06,19:02:43,127000,Tunai,takeaway,STF025
ORD04944,OUT014,2025-01-06,19:34:25,132000,Tunai,takeaway,STF084
ORD04694,OUT002,2025-01-06,19:35:20,39000,Kartu Debit,dine_in,STF012
ORD04818,OUT014,2025-01-07,07:49:45,146000,QRIS,dine_in,STF084
ORD04617,OUT020,2025-01-07,07:57:37,211000,OVO,dine_in,STF116
ORD04669,OUT016,2025-01-07,13:56:05,71000,Tunai,dine_in,STF093
ORD04496,OUT017,2025-01-07,18:18:05,37000,GoPay,dine_in,STF100
ORD04413,OUT009,2025-01-07,18:45:13,244000,Kartu Debit,dine_in,STF050
ORD04580,OUT017,2025-01-07,20:27:31,44000,QRIS,takeaway,STF099
ORD04990,OUT017,2025-01-07,22:22:38,159000,QRIS,dine_in,STF097
ORD04659,OUT009,2025-01-07,22:42:04,81000,Tunai,dine_in,STF053
ORD04492,OUT006,2025-01-08,07:35:26,44000,GoPay,takeaway,STF035
ORD04470,OUT009,2025-01-08,08:07:02,104000,Tunai,dine_in,STF051
ORD04375,OUT017,2025-01-08,08:38:21,68000,QRIS,dine_in,STF097
ORD04908,OUT003,2025-01-08,13:06:31,47000,OVO,takeaway,STF017
ORD04980,OUT014,2025-01-08,19:02:40,50000,QRIS,dine_in,STF082
ORD04414,OUT009,2025-01-08,19:57:31,37000,OVO,dine_in,STF050
ORD04556,OUT013,2025-01-08,22:14:32,24000,QRIS,dine_in,STF076
ORD04535,OUT014,2025-01-09,12:01:02,27000,GoPay,delivery,STF084
ORD04882,OUT014,2025-01-09,12:35:14,48000,OVO,takeaway,STF084
ORD04498,OUT009,2025-01-09,14:05:43,54000,GoPay,delivery,STF053
ORD04754,OUT002,2025-01-10,08:11:12,94000,Kartu Debit,dine_in,STF007
ORD04569,OUT006,2025-01-10,09:22:56,94000,Kartu Debit,takeaway,STF033
ORD04928,OUT001,2025-01-10,12:01:18,40000,Tunai,delivery,STF002
ORD04676,OUT005,2025-01-10,12:05:19,112000,QRIS,dine_in,STF025
ORD04520,OUT002,2025-01-10,13:04:37,109000,GoPay,dine_in,STF011
ORD04672,OUT003,2025-01-10,13:26:53,34000,Tunai,dine_in,STF013
ORD04454,OUT020,2025-01-10,13:34:37,97000,OVO,dine_in,STF116
ORD04416,OUT005,2025-01-10,13:56:29,167000,GoPay,dine_in,STF027
ORD04449,OUT019,2025-01-10,18:54:02,63000,QRIS,delivery,STF111
ORD04327,OUT014,2025-01-10,18:56:57,68000,QRIS,dine_in,STF084
ORD04451,OUT016,2025-01-10,19:22:58,95000,QRIS,takeaway,STF092
ORD04622,OUT011,2025-01-10,19:34:07,122000,GoPay,dine_in,STF063
ORD04943,OUT003,2025-01-10,21:12:52,220000,Tunai,dine_in,STF013
ORD04983,OUT013,2025-01-11,07:11:50,86000,Tunai,takeaway,STF078
ORD04871,OUT010,2025-01-11,07:11:54,100000,QRIS,delivery,STF060
ORD04476,OUT002,2025-01-11,07:13:58,66000,OVO,dine_in,STF007
ORD04901,OUT002,2025-01-11,08:45:50,27000,GoPay,dine_in,STF008
ORD04611,OUT017,2025-01-11,08:53:05,25000,GoPay,delivery,STF097
ORD04991,OUT001,2025-01-11,13:04:09,219000,OVO,takeaway,STF005
ORD04363,OUT013,2025-01-11,13:41:05,29000,Tunai,dine_in,STF078
ORD04771,OUT012,2025-01-11,13:47:16,123000,Kartu Debit,dine_in,STF072
ORD04678,OUT007,2025-01-11,15:36:14,94000,QRIS,dine_in,STF041
ORD04906,OUT019,2025-01-11,17:56:51,163000,OVO,takeaway,STF114
ORD04824,OUT009,2025-01-11,18:31:04,45000,OVO,dine_in,STF053
ORD04401,OUT004,2025-01-11,19:21:16,78000,OVO,dine_in,STF022
ORD04657,OUT010,2025-01-12,12:55:35,25000,Tunai,dine_in,STF059
ORD04787,OUT005,2025-01-12,13:24:47,36000,OVO,takeaway,STF029
ORD04486,OUT019,2025-01-12,13:53:11,29000,Tunai,dine_in,STF112
ORD04996,OUT007,2025-01-12,16:37:16,29000,QRIS,dine_in,STF040
ORD04430,OUT004,2025-01-12,17:19:41,92000,OVO,dine_in,STF024
ORD04525,OUT019,2025-01-12,19:40:36,98000,QRIS,delivery,STF111
ORD04708,OUT009,2025-01-12,19:47:12,134000,GoPay,dine_in,STF051
ORD04689,OUT010,2025-01-13,08:05:27,171000,Kartu Debit,delivery,STF060
ORD04823,OUT007,2025-01-13,08:22:33,78000,QRIS,dine_in,STF041
ORD04370,OUT014,2025-01-13,12:16:28,70000,GoPay,delivery,STF080
ORD04949,OUT003,2025-01-13,19:24:19,311000,Kartu Debit,delivery,STF013
ORD04291,OUT013,2025-01-14,13:25:14,77000,OVO,dine_in,STF075
ORD04997,OUT005,2025-01-14,14:34:21,123000,GoPay,dine_in,STF026
ORD04984,OUT010,2025-01-14,15:46:22,95000,Tunai,dine_in,STF059
ORD04268,OUT013,2025-01-14,17:33:38,27000,GoPay,dine_in,STF077
ORD04849,OUT005,2025-01-14,17:52:31,27000,QRIS,dine_in,STF025
ORD04759,OUT004,2025-01-14,19:58:13,122000,Kartu Debit,dine_in,STF023
ORD04850,OUT019,2025-01-15,07:12:07,24000,Tunai,takeaway,STF113
ORD04405,OUT020,2025-01-15,08:14:50,36000,QRIS,dine_in,STF115
ORD04920,OUT017,2025-01-15,13:37:37,27000,OVO,dine_in,STF099
ORD04608,OUT016,2025-01-15,14:46:16,36000,GoPay,dine_in,STF093
ORD04879,OUT003,2025-01-15,21:49:48,78000,OVO,dine_in,STF018
ORD04352,OUT008,2025-01-15,21:51:15,48000,OVO,takeaway,STF048
ORD04644,OUT016,2025-01-16,07:16:23,352000,OVO,takeaway,STF092
ORD04540,OUT011,2025-01-16,07:18:15,22000,QRIS,dine_in,STF063
ORD04965,OUT012,2025-01-16,08:19:11,36000,GoPay,dine_in,STF072
ORD04755,OUT019,2025-01-16,08:31:14,26000,OVO,dine_in,STF112
ORD04915,OUT005,2025-01-16,09:44:39,50000,GoPay,dine_in,STF029
ORD04646,OUT016,2025-01-16,12:23:01,47000,QRIS,takeaway,STF092
ORD04642,OUT004,2025-01-16,12:55:19,74000,GoPay,delivery,STF019
ORD04804,OUT006,2025-01-16,15:52:12,27000,OVO,dine_in,STF034
ORD04892,OUT014,2025-01-16,19:01:03,22000,GoPay,dine_in,STF079
ORD04647,OUT019,2025-01-16,21:39:42,76000,OVO,dine_in,STF114
ORD04316,OUT007,2025-01-17,07:15:50,40000,QRIS,delivery,STF042
ORD04280,OUT001,2025-01-17,07:27:48,45000,QRIS,takeaway,STF002
ORD04814,OUT019,2025-01-17,08:01:47,81000,QRIS,dine_in,STF114
ORD04625,OUT013,2025-01-17,10:12:59,30000,Kartu Debit,dine_in,STF075
ORD04874,OUT004,2025-01-17,12:44:14,50000,GoPay,dine_in,STF020
ORD04389,OUT012,2025-01-17,13:00:01,40000,QRIS,dine_in,STF070
ORD04609,OUT005,2025-01-17,13:51:52,63000,Kartu Debit,dine_in,STF029
ORD04317,OUT010,2025-01-17,13:55:25,79000,QRIS,dine_in,STF058
ORD04467,OUT001,2025-01-17,14:54:10,103000,QRIS,takeaway,STF002
ORD04860,OUT002,2025-01-18,07:32:59,60000,Tunai,dine_in,STF008
ORD04957,OUT009,2025-01-18,08:24:20,48000,Kartu Debit,dine_in,STF050
ORD04274,OUT016,2025-01-18,09:47:03,79000,Tunai,delivery,STF093
ORD04453,OUT013,2025-01-18,11:42:15,29000,GoPay,dine_in,STF075
ORD04681,OUT017,2025-01-18,13:49:39,27000,QRIS,takeaway,STF097
ORD04831,OUT014,2025-01-18,13:58:47,253000,Tunai,delivery,STF082
ORD04751,OUT019,2025-01-18,16:17:43,144000,Kartu Debit,takeaway,STF111
ORD04667,OUT004,2025-01-18,17:36:08,82000,QRIS,dine_in,STF024
ORD04356,OUT009,2025-01-18,18:05:40,108000,Tunai,delivery,STF050
ORD04728,OUT001,2025-01-19,07:52:43,74000,GoPay,dine_in,STF004
ORD04838,OUT002,2025-01-19,12:08:50,79000,QRIS,dine_in,STF009
ORD04588,OUT014,2025-01-19,12:09:22,38000,Kartu Debit,takeaway,STF084
ORD04614,OUT010,2025-01-19,13:44:16,74000,Kartu Debit,dine_in,STF056
ORD04954,OUT017,2025-01-19,13:45:34,90000,GoPay,dine_in,STF098
ORD04811,OUT013,2025-01-19,17:21:46,78000,QRIS,delivery,STF073
ORD04903,OUT016,2025-01-19,19:01:27,29000,Tunai,takeaway,STF092
ORD04428,OUT004,2025-01-19,21:37:40,27000,GoPay,dine_in,STF020
ORD04853,OUT017,2025-01-20,08:35:33,103000,GoPay,delivery,STF098
ORD04259,OUT010,2025-01-20,08:54:29,27000,QRIS,dine_in,STF059
ORD04276,OUT004,2025-01-20,13:00:59,50000,Tunai,takeaway,STF023
ORD04507,OUT014,2025-01-20,17:33:36,21000,QRIS,dine_in,STF081
ORD04538,OUT016,2025-01-20,18:44:29,39000,OVO,dine_in,STF093
ORD04624,OUT004,2025-01-20,19:55:51,39000,Kartu Debit,dine_in,STF020
ORD04472,OUT016,2025-01-21,07:23:27,78000,Tunai,dine_in,STF096
ORD04971,OUT012,2025-01-21,09:15:31,100000,GoPay,delivery,STF070
ORD04636,OUT019,2025-01-21,11:17:55,28000,Kartu Debit,dine_in,STF112
ORD04649,OUT012,2025-01-21,11:39:28,27000,QRIS,dine_in,STF069
ORD04610,OUT012,2025-01-21,12:14:40,146000,OVO,delivery,STF070
ORD04458,OUT002,2025-01-21,12:33:56,104000,GoPay,dine_in,STF012
ORD04445,OUT016,2025-01-21,13:57:24,113000,Kartu Debit,dine_in,STF093
ORD04434,OUT003,2025-01-21,15:15:05,44000,GoPay,takeaway,STF017
ORD04489,OUT006,2025-01-21,17:11:44,73000,OVO,dine_in,STF033
ORD04340,OUT008,2025-01-21,18:33:55,27000,OVO,dine_in,STF043
ORD04953,OUT009,2025-01-21,19:52:09,28000,OVO,delivery,STF051
ORD04593,OUT001,2025-01-22,12:13:37,38000,QRIS,takeaway,STF005
ORD04876,OUT005,2025-01-22,12:40:12,58000,Kartu Debit,delivery,STF029
ORD04284,OUT007,2025-01-22,12:54:54,37000,Kartu Debit,dine_in,STF039
ORD04671,OUT002,2025-01-22,14:03:30,55000,QRIS,dine_in,STF009
ORD04942,OUT013,2025-01-22,18:21:01,69000,GoPay,dine_in,STF076
ORD04931,OUT013,2025-01-22,18:40:16,266000,OVO,dine_in,STF075
ORD04599,OUT007,2025-01-22,19:16:10,39000,OVO,dine_in,STF039
ORD04409,OUT007,2025-01-22,20:46:43,152000,Tunai,takeaway,STF039
ORD04320,OUT005,2025-01-23,07:57:18,18000,Kartu Debit,dine_in,STF025
ORD04570,OUT020,2025-01-23,08:23:06,55000,GoPay,dine_in,STF118
ORD04890,OUT013,2025-01-23,08:38:57,108000,OVO,dine_in,STF078
ORD04986,OUT011,2025-01-23,12:42:14,52000,GoPay,dine_in,STF064
ORD04962,OUT005,2025-01-23,13:59:14,99000,Kartu Debit,dine_in,STF029
ORD04993,OUT009,2025-01-23,16:31:18,36000,QRIS,takeaway,STF051
ORD04817,OUT009,2025-01-23,17:17:14,87000,QRIS,dine_in,STF051
ORD04273,OUT004,2025-01-24,07:51:12,64000,OVO,takeaway,STF024
ORD04969,OUT002,2025-01-24,08:30:53,99000,QRIS,delivery,STF009
ORD04395,OUT004,2025-01-24,09:29:25,173000,Kartu Debit,dine_in,STF024
ORD04261,OUT005,2025-01-24,12:05:27,29000,QRIS,dine_in,STF027
ORD04851,OUT019,2025-01-24,14:31:58,56000,Kartu Debit,dine_in,STF114
ORD04875,OUT004,2025-01-24,14:58:01,72000,QRIS,dine_in,STF024
ORD04321,OUT020,2025-01-24,16:41:34,100000,QRIS,takeaway,STF116
ORD04819,OUT009,2025-01-24,17:32:15,46000,Tunai,takeaway,STF051
ORD04685,OUT014,2025-01-24,19:33:40,24000,Kartu Debit,delivery,STF080
ORD04497,OUT007,2025-01-24,19:58:37,72000,GoPay,dine_in,STF042
ORD04494,OUT017,2025-01-24,22:53:41,91000,Kartu Debit,takeaway,STF098
ORD04417,OUT010,2025-01-25,08:32:29,47000,GoPay,delivery,STF057
ORD04407,OUT001,2025-01-25,08:41:51,174000,QRIS,takeaway,STF006
ORD04412,OUT016,2025-01-25,12:17:14,120000,GoPay,dine_in,STF096
ORD04914,OUT016,2025-01-25,12:26:31,81000,GoPay,dine_in,STF092
ORD04979,OUT006,2025-01-25,16:41:12,52000,Tunai,dine_in,STF034
ORD04615,OUT019,2025-01-25,17:02:53,71000,GoPay,dine_in,STF111
ORD04974,OUT012,2025-01-25,17:34:19,49000,GoPay,takeaway,STF072
ORD04917,OUT008,2025-01-25,17:48:54,52000,Tunai,dine_in,STF047
ORD04278,OUT009,2025-01-25,18:07:12,97000,GoPay,dine_in,STF051
ORD04712,OUT003,2025-01-25,18:38:05,81000,Tunai,delivery,STF018
ORD04639,OUT001,2025-01-25,20:32:57,58000,QRIS,dine_in,STF006
ORD04702,OUT010,2025-01-26,07:11:21,256000,GoPay,dine_in,STF056
ORD04565,OUT003,2025-01-26,07:27:04,215000,Tunai,takeaway,STF018
ORD04513,OUT009,2025-01-26,08:17:26,59000,Tunai,dine_in,STF051
ORD04782,OUT010,2025-01-26,08:32:58,23000,OVO,dine_in,STF057
ORD04837,OUT007,2025-01-26,08:51:11,68000,QRIS,delivery,STF039
ORD04858,OUT012,2025-01-26,12:19:17,41000,Tunai,takeaway,STF068
ORD04621,OUT012,2025-01-26,13:04:56,54000,OVO,dine_in,STF072
ORD04322,OUT008,2025-01-26,13:53:44,116000,Tunai,delivery,STF044
ORD04790,OUT005,2025-01-26,17:45:16,24000,OVO,delivery,STF029
ORD04973,OUT007,2025-01-26,19:31:29,51000,Tunai,dine_in,STF042
ORD04855,OUT004,2025-01-26,19:39:02,72000,QRIS,dine_in,STF020
ORD04342,OUT005,2025-01-26,19:55:01,49000,QRIS,dine_in,STF029
ORD04312,OUT009,2025-01-27,07:15:54,28000,QRIS,takeaway,STF051
ORD04571,OUT001,2025-01-27,13:34:42,173000,GoPay,dine_in,STF001
ORD04254,OUT010,2025-01-28,08:44:52,222000,QRIS,delivery,STF056
ORD04654,OUT001,2025-01-28,08:54:33,29000,QRIS,delivery,STF001
ORD04384,OUT007,2025-01-28,09:30:32,124000,QRIS,delivery,STF038
ORD04560,OUT011,2025-01-28,13:48:37,141000,GoPay,dine_in,STF063
ORD04332,OUT005,2025-01-28,17:42:40,142000,GoPay,dine_in,STF025
ORD04386,OUT016,2025-01-28,19:57:26,39000,QRIS,dine_in,STF092
ORD04684,OUT017,2025-01-28,22:53:08,120000,OVO,takeaway,STF097
ORD04294,OUT012,2025-01-29,08:32:15,39000,OVO,dine_in,STF071
ORD04745,OUT005,2025-01-29,08:42:28,108000,GoPay,dine_in,STF026
ORD04827,OUT001,2025-01-29,10:07:40,44000,Kartu Debit,delivery,STF002
ORD04768,OUT008,2025-01-29,12:14:12,47000,QRIS,dine_in,STF044
ORD04344,OUT009,2025-01-29,16:37:58,83000,GoPay,delivery,STF053
ORD04923,OUT020,2025-01-29,17:30:44,23000,OVO,takeaway,STF115
ORD04455,OUT014,2025-01-29,18:53:38,146000,QRIS,dine_in,STF081
ORD04935,OUT016,2025-01-29,19:51:32,101000,Kartu Debit,dine_in,STF096
ORD04287,OUT007,2025-01-29,22:40:13,123000,Tunai,dine_in,STF039
ORD04255,OUT005,2025-01-30,09:16:57,29000,QRIS,dine_in,STF029
ORD04963,OUT005,2025-01-30,11:09:26,99000,OVO,dine_in,STF025
ORD04638,OUT005,2025-01-30,11:37:18,78000,QRIS,delivery,STF029
ORD04905,OUT003,2025-01-30,13:04:58,117000,Tunai,dine_in,STF018
ORD04297,OUT007,2025-01-30,16:16:06,99000,OVO,dine_in,STF040
ORD04972,OUT012,2025-01-30,17:10:04,227000,Tunai,takeaway,STF068
ORD04362,OUT010,2025-01-30,17:13:19,154000,OVO,delivery,STF060
ORD04747,OUT011,2025-01-30,17:53:06,98000,GoPay,dine_in,STF061
ORD04555,OUT011,2025-01-30,18:33:18,120000,Tunai,takeaway,STF062
ORD04648,OUT006,2025-01-30,18:38:04,84000,Tunai,delivery,STF035
ORD04523,OUT008,2025-01-30,19:54:56,104000,Tunai,dine_in,STF044
ORD04376,OUT005,2025-01-31,08:25:22,24000,Kartu Debit,dine_in,STF029
ORD04679,OUT002,2025-01-31,13:28:15,74000,GoPay,dine_in,STF007
ORD04749,OUT003,2025-01-31,13:29:34,40000,GoPay,dine_in,STF017
ORD04961,OUT019,2025-01-31,17:07:28,134000,GoPay,dine_in,STF112
ORD04628,OUT012,2025-01-31,18:15:27,123000,Tunai,dine_in,STF068
ORD04531,OUT012,2025-01-31,18:47:16,36000,QRIS,delivery,STF069
ORD04948,OUT003,2025-02-01,07:54:25,25000,OVO,delivery,STF014
ORD04763,OUT007,2025-02-01,12:19:49,105000,Tunai,takeaway,STF040
ORD04440,OUT005,2025-02-01,12:55:56,78000,Tunai,delivery,STF026
ORD04933,OUT019,2025-02-01,14:19:47,39000,OVO,dine_in,STF114
ORD04865,OUT012,2025-02-01,17:56:06,23000,QRIS,takeaway,STF070
ORD04383,OUT009,2025-02-01,18:57:03,39000,Kartu Debit,takeaway,STF050
ORD04326,OUT007,2025-02-01,19:15:58,94000,QRIS,delivery,STF040
ORD04966,OUT001,2025-02-01,20:38:26,119000,OVO,dine_in,STF005
ORD04688,OUT014,2025-02-02,07:18:19,29000,QRIS,dine_in,STF081
ORD04331,OUT009,2025-02-02,08:31:18,73000,GoPay,dine_in,STF053
ORD04502,OUT012,2025-02-02,08:42:14,52000,OVO,dine_in,STF070
ORD04561,OUT007,2025-02-02,12:34:35,58000,Tunai,dine_in,STF041
ORD04670,OUT009,2025-02-02,15:39:13,56000,GoPay,takeaway,STF053
ORD04447,OUT006,2025-02-02,17:19:50,91000,Kartu Debit,dine_in,STF032
ORD04258,OUT008,2025-02-02,17:53:26,99000,Kartu Debit,dine_in,STF043
ORD04350,OUT004,2025-02-02,18:10:02,63000,GoPay,delivery,STF022
ORD04281,OUT010,2025-02-02,18:56:07,18000,Kartu Debit,takeaway,STF055
ORD04629,OUT011,2025-02-03,08:32:27,42000,Tunai,delivery,STF064
ORD04554,OUT019,2025-02-03,08:32:56,81000,OVO,dine_in,STF113
ORD04527,OUT011,2025-02-03,08:55:54,40000,QRIS,dine_in,STF062
ORD04822,OUT006,2025-02-03,12:34:00,27000,Tunai,takeaway,STF033
ORD04795,OUT001,2025-02-03,12:49:17,40000,GoPay,dine_in,STF001
ORD04549,OUT002,2025-02-03,18:18:12,39000,QRIS,dine_in,STF008
ORD04400,OUT006,2025-02-03,19:11:40,107000,Tunai,dine_in,STF032
ORD04396,OUT020,2025-02-03,21:01:46,47000,OVO,dine_in,STF120
ORD04307,OUT012,2025-02-03,21:57:11,27000,QRIS,delivery,STF069
ORD04797,OUT017,2025-02-03,22:23:33,71000,Kartu Debit,dine_in,STF102
ORD04921,OUT006,2025-02-04,07:19:10,262000,Tunai,delivery,STF036
ORD04302,OUT016,2025-02-04,07:22:48,36000,OVO,dine_in,STF096
ORD04791,OUT014,2025-02-04,08:27:06,98000,OVO,takeaway,STF084
ORD04283,OUT012,2025-02-04,08:29:15,218000,OVO,dine_in,STF070
ORD04733,OUT008,2025-02-04,17:16:27,41000,OVO,dine_in,STF046
ORD04816,OUT010,2025-02-04,17:49:22,29000,OVO,dine_in,STF059
ORD04309,OUT013,2025-02-04,18:33:10,69000,OVO,dine_in,STF078
ORD04603,OUT005,2025-02-05,08:37:22,113000,Kartu Debit,dine_in,STF025
ORD04839,OUT009,2025-02-05,12:36:27,72000,GoPay,dine_in,STF050
ORD04373,OUT016,2025-02-05,13:17:23,79000,QRIS,dine_in,STF096
ORD04378,OUT016,2025-02-05,13:48:53,52000,Kartu Debit,takeaway,STF092
ORD04351,OUT008,2025-02-05,13:52:28,36000,GoPay,delivery,STF048
ORD04606,OUT007,2025-02-06,09:16:09,70000,GoPay,dine_in,STF039
ORD04509,OUT013,2025-02-06,12:15:47,40000,GoPay,dine_in,STF077
ORD04446,OUT016,2025-02-06,13:50:46,52000,Tunai,dine_in,STF093
ORD04298,OUT004,2025-02-06,14:59:30,65000,OVO,delivery,STF022
ORD04945,OUT014,2025-02-06,17:26:51,155000,OVO,takeaway,STF084
ORD04633,OUT003,2025-02-06,18:22:38,24000,Kartu Debit,dine_in,STF018
ORD04339,OUT002,2025-02-06,19:01:56,38000,QRIS,takeaway,STF012
ORD04650,OUT011,2025-02-06,19:02:20,117000,OVO,delivery,STF065
ORD04585,OUT007,2025-02-06,19:35:12,56000,Tunai,delivery,STF042
ORD04463,OUT016,2025-02-07,07:09:29,69000,Tunai,takeaway,STF096
ORD04553,OUT005,2025-02-07,08:06:54,30000,OVO,dine_in,STF027
ORD04256,OUT011,2025-02-07,09:34:20,22000,Kartu Debit,dine_in,STF061
ORD04324,OUT017,2025-02-07,09:59:05,42000,OVO,takeaway,STF098
ORD04510,OUT019,2025-02-07,12:10:17,138000,QRIS,takeaway,STF111
ORD04600,OUT017,2025-02-07,12:52:52,262000,QRIS,takeaway,STF099
ORD04859,OUT003,2025-02-07,14:26:38,108000,GoPay,dine_in,STF013
ORD04435,OUT013,2025-02-07,17:51:52,27000,QRIS,delivery,STF075
ORD04774,OUT016,2025-02-07,17:52:58,33000,QRIS,delivery,STF092
ORD04393,OUT010,2025-02-07,20:05:44,65000,QRIS,dine_in,STF055
ORD04450,OUT001,2025-02-07,20:30:53,183000,GoPay,dine_in,STF004
ORD04970,OUT011,2025-02-07,21:24:15,85000,OVO,dine_in,STF064
ORD04889,OUT016,2025-02-08,10:16:19,73000,OVO,dine_in,STF096
ORD04828,OUT019,2025-02-08,10:34:43,41000,OVO,dine_in,STF114
ORD04552,OUT019,2025-02-08,13:05:27,18000,OVO,dine_in,STF112
ORD04594,OUT006,2025-02-08,15:18:15,91000,GoPay,dine_in,STF032
ORD04402,OUT014,2025-02-08,17:01:53,58000,Tunai,delivery,STF080
ORD04335,OUT001,2025-02-08,17:31:23,51000,Kartu Debit,takeaway,STF001
ORD04852,OUT005,2025-02-08,17:57:07,39000,Tunai,takeaway,STF029
ORD04522,OUT019,2025-02-08,19:18:04,23000,QRIS,dine_in,STF112
ORD04533,OUT004,2025-02-08,19:55:23,87000,Tunai,dine_in,STF019
ORD04325,OUT014,2025-02-09,11:49:27,40000,Tunai,dine_in,STF079
ORD04304,OUT016,2025-02-09,12:05:10,27000,GoPay,takeaway,STF096
ORD04260,OUT010,2025-02-09,12:31:31,117000,OVO,dine_in,STF055
ORD04677,OUT004,2025-02-09,13:10:10,44000,GoPay,takeaway,STF022
ORD04399,OUT014,2025-02-09,13:32:10,52000,GoPay,dine_in,STF081
ORD04517,OUT009,2025-02-09,13:33:38,39000,Tunai,delivery,STF051
ORD04637,OUT019,2025-02-09,17:15:37,104000,OVO,delivery,STF114
ORD04315,OUT005,2025-02-09,17:51:13,104000,Tunai,dine_in,STF025
ORD04438,OUT003,2025-02-09,19:17:10,28000,OVO,delivery,STF013
ORD04607,OUT013,2025-02-09,19:37:00,60000,QRIS,dine_in,STF075
ORD04548,OUT007,2025-02-09,20:24:55,135000,GoPay,dine_in,STF042
ORD04873,OUT014,2025-02-10,09:44:50,93000,QRIS,takeaway,STF080
ORD04854,OUT012,2025-02-10,12:01:51,68000,OVO,delivery,STF070
ORD04891,OUT003,2025-02-10,12:36:47,63000,Tunai,dine_in,STF017
ORD04444,OUT014,2025-02-10,13:04:55,27000,QRIS,dine_in,STF081
ORD04674,OUT009,2025-02-10,14:49:53,47000,Kartu Debit,dine_in,STF051
ORD04835,OUT019,2025-02-10,16:10:54,54000,GoPay,dine_in,STF113
ORD04264,OUT014,2025-02-10,18:32:09,144000,QRIS,takeaway,STF081
ORD04631,OUT019,2025-02-10,19:15:24,39000,QRIS,takeaway,STF114
ORD04752,OUT012,2025-02-10,22:03:17,58000,GoPay,takeaway,STF069
ORD04900,OUT004,2025-02-11,07:00:30,29000,OVO,takeaway,STF024
ORD04662,OUT009,2025-02-11,08:53:52,26000,Tunai,takeaway,STF051
ORD04501,OUT019,2025-02-11,09:14:07,54000,Kartu Debit,takeaway,STF113
ORD04703,OUT003,2025-02-11,12:04:09,39000,GoPay,delivery,STF018
ORD04796,OUT007,2025-02-11,12:12:36,79000,QRIS,dine_in,STF042
ORD04353,OUT016,2025-02-11,13:20:08,162000,QRIS,dine_in,STF092
ORD04423,OUT019,2025-02-11,17:33:56,24000,OVO,takeaway,STF111
ORD04503,OUT012,2025-02-12,07:33:33,58000,Tunai,dine_in,STF068
ORD04660,OUT011,2025-02-12,12:53:56,75000,OVO,delivery,STF061
ORD04421,OUT004,2025-02-12,13:30:45,128000,Tunai,delivery,STF022
ORD04934,OUT016,2025-02-12,13:41:56,26000,QRIS,takeaway,STF092
ORD04655,OUT016,2025-02-12,15:58:01,73000,OVO,dine_in,STF092
ORD04779,OUT012,2025-02-12,16:54:05,155000,OVO,dine_in,STF071
ORD04680,OUT007,2025-02-12,17:07:44,133000,OVO,delivery,STF037
ORD04512,OUT007,2025-02-12,18:58:59,73000,GoPay,dine_in,STF038
ORD04726,OUT011,2025-02-13,07:07:44,78000,Kartu Debit,dine_in,STF062
ORD04770,OUT009,2025-02-13,07:12:16,68000,OVO,dine_in,STF051
ORD04277,OUT001,2025-02-13,07:28:57,72000,QRIS,dine_in,STF005
ORD04491,OUT012,2025-02-13,10:18:14,68000,GoPay,dine_in,STF068
ORD04706,OUT005,2025-02-13,15:47:00,36000,GoPay,takeaway,STF029
ORD04738,OUT011,2025-02-13,16:02:53,87000,GoPay,dine_in,STF062
ORD04938,OUT012,2025-02-13,18:38:19,78000,OVO,dine_in,STF070
ORD04572,OUT009,2025-02-13,18:55:41,114000,GoPay,takeaway,STF050
ORD04461,OUT009,2025-02-13,20:46:55,254000,GoPay,dine_in,STF051
ORD04623,OUT009,2025-02-14,08:23:20,39000,Tunai,takeaway,STF053
ORD04474,OUT004,2025-02-14,13:40:44,96000,Kartu Debit,takeaway,STF022
ORD04279,OUT009,2025-02-14,15:21:34,38000,OVO,dine_in,STF050
ORD04265,OUT003,2025-02-14,22:14:40,115000,GoPay,delivery,STF014
ORD04701,OUT010,2025-02-15,07:35:04,108000,Tunai,takeaway,STF059
ORD04868,OUT017,2025-02-15,07:37:43,75000,QRIS,takeaway,STF100
ORD04452,OUT004,2025-02-15,07:46:30,26000,QRIS,takeaway,STF022
ORD04536,OUT003,2025-02-15,13:10:37,52000,Kartu Debit,dine_in,STF014
ORD04469,OUT017,2025-02-15,15:02:37,94000,QRIS,dine_in,STF102
ORD04664,OUT001,2025-02-15,17:14:11,40000,Tunai,delivery,STF004
ORD04722,OUT011,2025-02-15,19:37:50,66000,QRIS,dine_in,STF065
ORD04367,OUT009,2025-02-16,07:10:15,27000,Kartu Debit,delivery,STF050
ORD04913,OUT014,2025-02-16,07:18:11,36000,Tunai,delivery,STF083
ORD04267,OUT012,2025-02-16,08:31:59,28000,OVO,takeaway,STF072
ORD04842,OUT012,2025-02-16,12:14:58,174000,QRIS,takeaway,STF069
ORD04964,OUT001,2025-02-16,13:50:21,73000,Kartu Debit,takeaway,STF005
ORD04952,OUT001,2025-02-16,17:33:41,41000,Tunai,takeaway,STF002
ORD04379,OUT007,2025-02-16,18:51:55,67000,OVO,dine_in,STF038
ORD04844,OUT003,2025-02-16,19:07:33,27000,Tunai,takeaway,STF014
ORD04487,OUT020,2025-02-16,19:22:10,76000,QRIS,dine_in,STF115
ORD04691,OUT001,2025-02-17,07:44:53,29000,QRIS,delivery,STF004
ORD04627,OUT016,2025-02-17,08:27:58,100000,GoPay,dine_in,STF093
ORD04753,OUT004,2025-02-17,10:32:08,35000,GoPay,dine_in,STF022
ORD04581,OUT020,2025-02-17,17:23:29,98000,Tunai,dine_in,STF115
ORD04784,OUT002,2025-02-17,18:21:02,84000,OVO,dine_in,STF012
ORD04705,OUT016,2025-02-17,18:47:44,29000,Tunai,dine_in,STF096
ORD04992,OUT005,2025-02-17,19:51:55,50000,GoPay,takeaway,STF025
ORD04777,OUT010,2025-02-18,07:05:27,88000,QRIS,dine_in,STF057
ORD04480,OUT020,2025-02-18,07:08:06,102000,OVO,dine_in,STF118
ORD04985,OUT003,2025-02-18,09:58:26,21000,Tunai,dine_in,STF013
ORD04546,OUT008,2025-02-18,12:02:09,36000,GoPay,dine_in,STF043
ORD04840,OUT002,2025-02-18,12:27:48,56000,QRIS,dine_in,STF007
ORD04483,OUT012,2025-02-18,13:05:53,105000,Tunai,takeaway,STF069
ORD04348,OUT019,2025-02-18,18:21:25,124000,Kartu Debit,takeaway,STF113
ORD04960,OUT017,2025-02-19,07:59:31,20000,OVO,takeaway,STF098
ORD04605,OUT009,2025-02-19,08:28:18,35000,OVO,delivery,STF051
ORD04381,OUT014,2025-02-19,08:50:09,101000,GoPay,delivery,STF084
ORD04431,OUT003,2025-02-19,09:56:00,106000,QRIS,dine_in,STF014
ORD04547,OUT010,2025-02-19,12:12:58,44000,OVO,delivery,STF059
ORD04576,OUT003,2025-02-19,12:56:52,66000,GoPay,takeaway,STF013
ORD04663,OUT017,2025-02-19,13:00:42,112000,Tunai,dine_in,STF100
ORD04460,OUT013,2025-02-19,16:18:37,54000,OVO,dine_in,STF077
ORD04532,OUT013,2025-02-19,17:31:19,78000,Kartu Debit,takeaway,STF073
ORD04976,OUT014,2025-02-19,18:24:17,87000,Kartu Debit,takeaway,STF080
ORD04385,OUT004,2025-02-19,18:55:36,80000,QRIS,takeaway,STF023
ORD04270,OUT002,2025-02-19,18:56:04,85000,Kartu Debit,dine_in,STF011
ORD04626,OUT001,2025-02-19,19:18:26,33000,Kartu Debit,dine_in,STF002
ORD04888,OUT020,2025-02-19,20:38:00,39000,GoPay,takeaway,STF118
ORD04427,OUT007,2025-02-19,21:28:03,47000,OVO,dine_in,STF041
ORD04737,OUT007,2025-02-20,08:15:23,58000,Tunai,delivery,STF037
ORD04756,OUT003,2025-02-20,08:44:48,156000,GoPay,takeaway,STF018
ORD04464,OUT010,2025-02-20,11:06:30,34000,OVO,dine_in,STF060
ORD04544,OUT012,2025-02-20,12:03:22,29000,GoPay,takeaway,STF069
ORD04377,OUT013,2025-02-20,12:09:06,50000,QRIS,dine_in,STF078
ORD04573,OUT016,2025-02-20,17:05:53,104000,QRIS,delivery,STF096
ORD04598,OUT020,2025-02-20,17:06:38,38000,QRIS,dine_in,STF118
ORD04645,OUT008,2025-02-20,19:32:13,50000,Kartu Debit,takeaway,STF043
ORD04411,OUT010,2025-02-20,19:57:31,39000,OVO,dine_in,STF060
ORD04987,OUT004,2025-02-21,12:26:58,113000,GoPay,dine_in,STF020
ORD04394,OUT006,2025-02-21,13:52:03,48000,OVO,dine_in,STF035
ORD04441,OUT019,2025-02-21,16:25:01,159000,QRIS,takeaway,STF112
ORD04526,OUT016,2025-02-21,17:46:17,33000,OVO,dine_in,STF096
ORD04925,OUT009,2025-02-21,18:01:27,58000,GoPay,delivery,STF051
ORD04456,OUT001,2025-02-21,20:00:23,65000,Tunai,takeaway,STF001
ORD04870,OUT001,2025-02-22,08:01:26,27000,Tunai,takeaway,STF005
ORD04809,OUT001,2025-02-22,09:01:48,80000,Kartu Debit,delivery,STF001
ORD04602,OUT006,2025-02-22,09:24:35,65000,OVO,takeaway,STF032
ORD04869,OUT020,2025-02-22,10:24:20,50000,Tunai,dine_in,STF115
ORD04766,OUT001,2025-02-22,12:53:41,38000,Kartu Debit,takeaway,STF006
ORD04720,OUT013,2025-02-22,16:19:42,52000,QRIS,dine_in,STF076
ORD04789,OUT014,2025-02-22,19:47:30,41000,Tunai,dine_in,STF082
ORD04895,OUT001,2025-02-23,07:59:51,55000,GoPay,dine_in,STF004
ORD04715,OUT010,2025-02-23,08:59:12,51000,Tunai,dine_in,STF059
ORD04883,OUT008,2025-02-23,16:59:55,142000,QRIS,takeaway,STF047
ORD04288,OUT013,2025-02-23,18:48:12,36000,QRIS,dine_in,STF078
ORD04374,OUT008,2025-02-23,19:12:23,40000,Kartu Debit,dine_in,STF046
ORD04310,OUT020,2025-02-23,19:33:44,25000,OVO,dine_in,STF116
ORD04462,OUT014,2025-02-23,19:46:04,142000,QRIS,takeaway,STF080
ORD04719,OUT008,2025-02-23,19:56:53,114000,GoPay,delivery,STF044
ORD04530,OUT014,2025-02-23,21:02:31,85000,GoPay,delivery,STF081
ORD04392,OUT014,2025-02-24,08:35:41,70000,GoPay,dine_in,STF083
ORD04295,OUT011,2025-02-24,10:21:44,63000,QRIS,dine_in,STF062
ORD04448,OUT005,2025-02-24,12:17:53,27000,Kartu Debit,takeaway,STF029
ORD04810,OUT006,2025-02-24,13:14:02,71000,QRIS,dine_in,STF034
ORD04781,OUT002,2025-02-24,13:29:36,140000,QRIS,takeaway,STF008
ORD04433,OUT011,2025-02-24,13:57:41,33000,Kartu Debit,dine_in,STF062
ORD04765,OUT003,2025-02-24,15:20:43,64000,GoPay,dine_in,STF015
ORD04780,OUT004,2025-02-24,18:26:43,142000,QRIS,delivery,STF022
ORD04465,OUT020,2025-02-24,19:19:53,61000,OVO,delivery,STF115
ORD04478,OUT003,2025-02-25,08:15:02,104000,OVO,dine_in,STF015
ORD04506,OUT016,2025-02-25,12:12:08,40000,OVO,takeaway,STF096
ORD04534,OUT011,2025-02-25,12:24:36,173000,QRIS,dine_in,STF063
ORD04764,OUT020,2025-02-25,12:59:52,86000,GoPay,delivery,STF116
ORD04815,OUT010,2025-02-25,15:14:32,35000,Tunai,dine_in,STF055
ORD04666,OUT010,2025-02-25,18:22:10,102000,GoPay,dine_in,STF060
ORD04319,OUT011,2025-02-25,18:24:47,40000,Kartu Debit,dine_in,STF064
ORD04308,OUT020,2025-02-25,19:03:17,113000,Kartu Debit,delivery,STF116
ORD04495,OUT003,2025-02-26,07:41:14,107000,QRIS,dine_in,STF014
ORD04613,OUT013,2025-02-26,09:14:19,66000,Kartu Debit,takeaway,STF073
ORD04762,OUT014,2025-02-26,09:57:09,77000,QRIS,takeaway,STF081
ORD04783,OUT010,2025-02-26,12:04:31,131000,Kartu Debit,dine_in,STF056
ORD04941,OUT012,2025-02-26,13:06:52,119000,QRIS,dine_in,STF070
ORD04799,OUT011,2025-02-26,13:41:03,52000,GoPay,takeaway,STF065
ORD04989,OUT012,2025-02-26,19:01:09,128000,Kartu Debit,takeaway,STF072
ORD04682,OUT002,2025-02-26,19:48:43,117000,GoPay,dine_in,STF012
ORD04349,OUT005,2025-02-27,07:13:54,35000,GoPay,delivery,STF027
ORD04736,OUT016,2025-02-27,07:17:43,34000,GoPay,dine_in,STF096
ORD04262,OUT020,2025-02-27,12:11:47,85000,GoPay,delivery,STF116
ORD04432,OUT001,2025-02-27,13:11:03,76000,OVO,dine_in,STF002
ORD04786,OUT012,2025-02-27,16:27:51,83000,GoPay,dine_in,STF071
ORD04651,OUT013,2025-02-27,18:23:43,44000,Kartu Debit,dine_in,STF077
ORD04296,OUT014,2025-02-27,18:52:23,26000,Kartu Debit,delivery,STF082
ORD04967,OUT004,2025-02-27,20:42:45,54000,Kartu Debit,takeaway,STF019
ORD04579,OUT019,2025-02-28,07:21:28,18000,OVO,delivery,STF111
ORD04856,OUT020,2025-02-28,13:31:48,69000,QRIS,delivery,STF116
ORD04665,OUT002,2025-02-28,15:12:58,40000,QRIS,takeaway,STF008
ORD04528,OUT009,2025-02-28,18:25:51,223000,GoPay,dine_in,STF051
ORD04466,OUT012,2025-02-28,19:04:21,89000,Tunai,takeaway,STF071
ORD04586,OUT012,2025-03-01,07:27:35,96000,OVO,dine_in,STF068
ORD04426,OUT017,2025-03-01,07:34:57,123000,QRIS,dine_in,STF099
ORD04590,OUT013,2025-03-01,12:56:37,98000,Tunai,dine_in,STF076
ORD04732,OUT005,2025-03-01,12:57:50,49000,Kartu Debit,dine_in,STF026
ORD04734,OUT008,2025-03-01,13:07:19,63000,Kartu Debit,takeaway,STF044
ORD04539,OUT016,2025-03-01,13:32:58,106000,Tunai,dine_in,STF092
ORD04693,OUT016,2025-03-01,13:53:38,179000,QRIS,delivery,STF093
ORD04864,OUT006,2025-03-01,19:04:01,40000,Tunai,dine_in,STF031
ORD04482,OUT001,2025-03-01,19:19:59,40000,OVO,dine_in,STF004
ORD04557,OUT003,2025-03-01,19:59:55,59000,GoPay,dine_in,STF014
ORD04673,OUT008,2025-03-02,07:07:02,26000,OVO,takeaway,STF043
ORD04710,OUT014,2025-03-02,08:32:11,106000,Kartu Debit,dine_in,STF080
ORD04419,OUT005,2025-03-02,08:46:45,247000,OVO,takeaway,STF029
ORD04721,OUT012,2025-03-02,13:02:24,163000,GoPay,dine_in,STF070
ORD04343,OUT012,2025-03-02,13:10:32,40000,QRIS,dine_in,STF070
ORD04355,OUT020,2025-03-02,15:00:42,54000,QRIS,takeaway,STF120
ORD04424,OUT020,2025-03-02,17:38:37,81000,Tunai,dine_in,STF118
ORD04643,OUT004,2025-03-02,18:32:54,48000,QRIS,dine_in,STF024
ORD04884,OUT010,2025-03-02,19:49:48,186000,Tunai,dine_in,STF058
ORD04893,OUT020,2025-03-02,21:42:45,133000,QRIS,delivery,STF116
ORD04977,OUT009,2025-03-02,22:02:17,101000,GoPay,delivery,STF050
ORD04727,OUT003,2025-03-02,22:44:18,27000,Tunai,takeaway,STF014
ORD04793,OUT014,2025-03-03,08:52:15,27000,Tunai,delivery,STF079
ORD04683,OUT014,2025-03-03,11:53:23,18000,OVO,takeaway,STF082
ORD04918,OUT017,2025-03-03,13:12:10,81000,OVO,dine_in,STF100
ORD04575,OUT004,2025-03-03,16:30:58,54000,GoPay,dine_in,STF020
ORD04459,OUT004,2025-03-03,19:59:57,123000,QRIS,dine_in,STF024
ORD04500,OUT001,2025-03-03,21:39:27,90000,OVO,dine_in,STF005
ORD04975,OUT006,2025-03-04,07:03:24,27000,OVO,dine_in,STF035
ORD04592,OUT014,2025-03-04,12:08:28,107000,Kartu Debit,takeaway,STF079
ORD04488,OUT014,2025-03-04,12:17:06,139000,GoPay,takeaway,STF082
ORD04481,OUT009,2025-03-04,12:33:35,52000,GoPay,delivery,STF051
ORD04604,OUT004,2025-03-04,12:50:48,71000,QRIS,dine_in,STF023
ORD04364,OUT005,2025-03-04,13:14:22,134000,OVO,dine_in,STF026
ORD04630,OUT019,2025-03-04,17:00:30,29000,OVO,dine_in,STF111
ORD04564,OUT006,2025-03-04,18:09:04,81000,Kartu Debit,takeaway,STF033
ORD04929,OUT017,2025-03-04,19:50:46,144000,QRIS,dine_in,STF098
ORD04788,OUT002,2025-03-04,22:43:31,45000,Kartu Debit,dine_in,STF008
ORD04978,OUT019,2025-03-05,07:00:36,172000,QRIS,dine_in,STF113
ORD04940,OUT008,2025-03-05,07:14:38,138000,OVO,dine_in,STF043
ORD04897,OUT004,2025-03-05,08:12:31,108000,Tunai,delivery,STF023
ORD04272,OUT006,2025-03-05,08:52:44,45000,QRIS,dine_in,STF032
ORD04524,OUT003,2025-03-05,11:56:06,104000,GoPay,takeaway,STF014
ORD04695,OUT014,2025-03-05,12:07:09,72000,QRIS,dine_in,STF084
ORD04740,OUT006,2025-03-05,13:24:40,100000,Kartu Debit,dine_in,STF036
ORD04542,OUT008,2025-03-05,13:36:43,94000,GoPay,dine_in,STF045
ORD04290,OUT013,2025-03-05,13:54:20,51000,Tunai,dine_in,STF075
ORD04558,OUT014,2025-03-05,18:00:52,37000,OVO,delivery,STF084
ORD04926,OUT008,2025-03-05,21:10:04,99000,Tunai,dine_in,STF043
ORD04742,OUT001,2025-03-06,09:39:21,52000,Kartu Debit,dine_in,STF005
ORD04757,OUT017,2025-03-06,12:52:55,82000,Tunai,takeaway,STF097
ORD04687,OUT013,2025-03-06,12:59:32,209000,Tunai,takeaway,STF075
ORD04591,OUT002,2025-03-06,13:00:45,92000,QRIS,takeaway,STF008
ORD04668,OUT014,2025-03-06,13:01:45,73000,QRIS,takeaway,STF081
ORD04656,OUT006,2025-03-06,13:24:46,59000,GoPay,takeaway,STF032
ORD04916,OUT006,2025-03-06,13:27:31,71000,Kartu Debit,dine_in,STF032
ORD04471,OUT016,2025-03-06,14:13:11,219000,GoPay,dine_in,STF092
ORD04696,OUT014,2025-03-06,18:45:47,227000,QRIS,dine_in,STF079
ORD04485,OUT011,2025-03-06,21:09:24,102000,Kartu Debit,takeaway,STF061
ORD04429,OUT020,2025-03-07,07:19:48,27000,GoPay,takeaway,STF116
ORD04521,OUT003,2025-03-07,08:18:41,50000,QRIS,takeaway,STF014
ORD04878,OUT001,2025-03-07,10:05:44,136000,GoPay,dine_in,STF001
ORD04634,OUT006,2025-03-07,11:58:50,111000,QRIS,takeaway,STF031
ORD04404,OUT006,2025-03-07,12:33:36,37000,Tunai,dine_in,STF034
ORD04955,OUT017,2025-03-07,13:43:01,28000,OVO,delivery,STF102
ORD04357,OUT020,2025-03-07,13:46:14,37000,Kartu Debit,dine_in,STF118
ORD04924,OUT010,2025-03-07,13:52:18,23000,Kartu Debit,delivery,STF055
ORD04959,OUT009,2025-03-07,13:59:59,98000,Kartu Debit,delivery,STF051
ORD04661,OUT001,2025-03-07,14:38:22,100000,GoPay,dine_in,STF001
ORD04390,OUT007,2025-03-07,17:36:03,27000,GoPay,dine_in,STF040
ORD04330,OUT016,2025-03-08,07:05:39,58000,Kartu Debit,dine_in,STF093
ORD04760,OUT020,2025-03-08,07:26:16,83000,Kartu Debit,dine_in,STF120
ORD04263,OUT008,2025-03-08,08:24:09,132000,Kartu Debit,dine_in,STF043
ORD04499,OUT020,2025-03-08,08:33:28,188000,QRIS,dine_in,STF116
ORD04744,OUT019,2025-03-08,16:32:55,50000,Tunai,dine_in,STF113
ORD04846,OUT014,2025-03-08,17:02:51,210000,GoPay,dine_in,STF082
ORD04836,OUT008,2025-03-08,17:33:04,29000,OVO,dine_in,STF048
ORD04801,OUT005,2025-03-08,20:12:53,153000,QRIS,takeaway,STF029
ORD04436,OUT010,2025-03-08,20:32:53,141000,QRIS,dine_in,STF055
ORD04724,OUT013,2025-03-08,20:41:13,114000,QRIS,takeaway,STF073
ORD04493,OUT008,2025-03-08,21:55:12,143000,GoPay,dine_in,STF044
ORD04477,OUT014,2025-03-09,07:42:51,18000,Kartu Debit,delivery,STF083
ORD04813,OUT012,2025-03-09,08:51:47,26000,Kartu Debit,dine_in,STF071
ORD04910,OUT006,2025-03-09,11:08:16,30000,Tunai,takeaway,STF034
ORD04700,OUT003,2025-03-09,11:36:44,132000,QRIS,takeaway,STF015
ORD04773,OUT006,2025-03-09,19:06:51,94000,QRIS,delivery,STF035
ORD04380,OUT003,2025-03-09,19:41:57,27000,GoPay,takeaway,STF017
ORD04714,OUT020,2025-03-09,21:31:42,22000,Tunai,takeaway,STF115
ORD04504,OUT009,2025-03-10,07:21:38,52000,Tunai,delivery,STF053
ORD04829,OUT005,2025-03-10,07:32:09,59000,OVO,takeaway,STF025
ORD04909,OUT003,2025-03-10,17:12:10,187000,GoPay,dine_in,STF017
ORD04368,OUT009,2025-03-10,17:47:43,55000,GoPay,dine_in,STF050
ORD05000,OUT007,2025-03-10,17:58:32,39000,OVO,dine_in,STF037
ORD04922,OUT002,2025-03-10,19:35:11,98000,OVO,dine_in,STF008
ORD04723,OUT010,2025-03-10,19:46:48,28000,GoPay,takeaway,STF055
ORD04907,OUT017,2025-03-10,19:57:26,136000,OVO,dine_in,STF101
ORD04616,OUT003,2025-03-10,22:26:22,56000,OVO,takeaway,STF017
ORD04919,OUT014,2025-03-11,08:29:43,54000,QRIS,dine_in,STF081
ORD04388,OUT002,2025-03-11,08:36:25,62000,QRIS,dine_in,STF008
ORD04563,OUT017,2025-03-11,12:07:06,27000,GoPay,delivery,STF101
ORD04994,OUT009,2025-03-11,12:17:46,128000,QRIS,dine_in,STF051
ORD04731,OUT019,2025-03-11,17:28:51,70000,Kartu Debit,takeaway,STF113
ORD04541,OUT001,2025-03-11,17:48:25,99000,Kartu Debit,dine_in,STF005
ORD04826,OUT017,2025-03-11,17:54:14,52000,OVO,takeaway,STF101
ORD04289,OUT017,2025-03-11,17:54:44,97000,GoPay,dine_in,STF102
ORD04912,OUT004,2025-03-11,19:21:08,119000,GoPay,takeaway,STF019
ORD04271,OUT013,2025-03-12,09:38:52,29000,OVO,delivery,STF077
ORD04346,OUT011,2025-03-12,10:23:42,67000,QRIS,dine_in,STF062
ORD04697,OUT009,2025-03-12,14:01:53,199000,GoPay,dine_in,STF053
ORD04894,OUT011,2025-03-12,19:50:03,93000,Tunai,delivery,STF061
ORD04334,OUT014,2025-03-13,07:35:29,349000,QRIS,takeaway,STF084
ORD04887,OUT008,2025-03-13,08:54:32,75000,GoPay,dine_in,STF047
ORD04551,OUT017,2025-03-13,10:54:36,85000,Kartu Debit,takeaway,STF101
ORD04282,OUT001,2025-03-13,13:13:46,68000,OVO,dine_in,STF002
ORD04635,OUT006,2025-03-13,16:19:29,49000,QRIS,dine_in,STF034
ORD04950,OUT017,2025-03-13,17:01:03,29000,QRIS,dine_in,STF097
ORD04792,OUT003,2025-03-13,17:40:48,25000,GoPay,takeaway,STF013
ORD04939,OUT014,2025-03-13,19:14:13,68000,OVO,takeaway,STF080
ORD04337,OUT014,2025-03-13,19:20:57,168000,GoPay,dine_in,STF080
ORD04802,OUT007,2025-03-13,19:35:40,117000,OVO,takeaway,STF041
ORD04833,OUT003,2025-03-14,08:43:45,29000,OVO,delivery,STF015
ORD04589,OUT001,2025-03-14,12:12:11,47000,Kartu Debit,takeaway,STF002
ORD04947,OUT001,2025-03-14,13:23:12,79000,GoPay,takeaway,STF005
ORD04675,OUT003,2025-03-14,17:04:56,29000,GoPay,dine_in,STF018
ORD04946,OUT011,2025-03-15,09:05:01,27000,GoPay,takeaway,STF065
ORD04490,OUT012,2025-03-15,11:08:03,67000,Tunai,takeaway,STF071
ORD04619,OUT012,2025-03-15,15:04:38,49000,Kartu Debit,takeaway,STF068
ORD04468,OUT007,2025-03-15,17:29:43,258000,Kartu Debit,dine_in,STF039
ORD04750,OUT005,2025-03-15,18:20:23,29000,GoPay,takeaway,STF026
ORD04354,OUT011,2025-03-15,19:45:21,28000,QRIS,dine_in,STF065
ORD04717,OUT020,2025-03-15,19:52:13,52000,QRIS,dine_in,STF115
ORD04442,OUT014,2025-03-16,12:14:40,76000,Kartu Debit,takeaway,STF084
ORD04711,OUT019,2025-03-16,17:35:13,78000,Tunai,delivery,STF111
ORD04529,OUT005,2025-03-17,07:31:42,39000,Kartu Debit,takeaway,STF025
ORD04932,OUT005,2025-03-17,08:18:52,44000,QRIS,dine_in,STF026
ORD04904,OUT009,2025-03-17,13:07:40,98000,OVO,dine_in,STF050
ORD04880,OUT002,2025-03-17,17:00:28,25000,Tunai,takeaway,STF007
ORD04739,OUT017,2025-03-17,17:29:26,205000,Kartu Debit,dine_in,STF097
ORD04333,OUT008,2025-03-17,17:45:51,92000,GoPay,dine_in,STF045
ORD04567,OUT006,2025-03-17,18:09:31,30000,GoPay,dine_in,STF035
ORD04369,OUT002,2025-03-17,18:17:31,130000,GoPay,takeaway,STF007
ORD04595,OUT002,2025-03-17,18:21:52,29000,Kartu Debit,delivery,STF009
ORD04578,OUT020,2025-03-17,18:36:44,22000,GoPay,dine_in,STF115
ORD04690,OUT016,2025-03-17,19:56:28,50000,OVO,dine_in,STF092
ORD04936,OUT006,2025-03-18,08:22:51,29000,Tunai,takeaway,STF033
ORD04798,OUT020,2025-03-18,08:29:36,76000,Kartu Debit,dine_in,STF118
ORD04872,OUT010,2025-03-18,11:53:56,56000,Kartu Debit,takeaway,STF055
ORD04516,OUT007,2025-03-18,12:33:16,73000,GoPay,dine_in,STF039
ORD04425,OUT012,2025-03-18,12:43:41,37000,GoPay,dine_in,STF072
ORD04443,OUT003,2025-03-18,13:27:03,52000,OVO,delivery,STF015
ORD04863,OUT017,2025-03-19,07:20:02,53000,Kartu Debit,delivery,STF099
ORD04311,OUT012,2025-03-19,13:48:31,52000,GoPay,delivery,STF071
ORD04857,OUT017,2025-03-19,13:55:23,70000,OVO,takeaway,STF098
ORD04640,OUT006,2025-03-19,16:20:58,36000,OVO,takeaway,STF032
ORD04746,OUT009,2025-03-19,17:55:18,59000,GoPay,delivery,STF053
ORD04420,OUT014,2025-03-19,18:59:20,27000,Kartu Debit,dine_in,STF079
ORD04292,OUT010,2025-03-19,21:00:48,150000,QRIS,delivery,STF057
ORD04805,OUT010,2025-03-20,07:14:40,37000,QRIS,takeaway,STF055
ORD04995,OUT005,2025-03-20,07:17:07,211000,GoPay,dine_in,STF025
ORD04841,OUT005,2025-03-20,08:27:26,188000,OVO,dine_in,STF027
ORD04725,OUT012,2025-03-20,08:29:29,78000,OVO,takeaway,STF071
ORD04366,OUT010,2025-03-20,08:30:44,49000,OVO,dine_in,STF056
ORD04927,OUT010,2025-03-20,12:39:01,70000,Kartu Debit,dine_in,STF058
ORD04761,OUT007,2025-03-20,12:40:46,71000,Kartu Debit,dine_in,STF037
ORD04587,OUT020,2025-03-20,13:02:12,100000,QRIS,dine_in,STF118
ORD04584,OUT009,2025-03-20,20:28:23,71000,QRIS,delivery,STF050
ORD04323,OUT005,2025-03-21,07:04:14,116000,OVO,takeaway,STF025
ORD04843,OUT013,2025-03-21,07:45:46,36000,QRIS,takeaway,STF073
ORD04484,OUT006,2025-03-21,07:58:43,27000,Tunai,takeaway,STF034
ORD04475,OUT011,2025-03-21,08:55:08,82000,Kartu Debit,dine_in,STF061
ORD04358,OUT007,2025-03-21,11:00:22,97000,QRIS,dine_in,STF039
ORD04612,OUT017,2025-03-21,13:20:57,51000,QRIS,takeaway,STF099
ORD04848,OUT006,2025-03-21,13:37:10,120000,OVO,dine_in,STF032
ORD04473,OUT006,2025-03-21,13:43:49,127000,Tunai,delivery,STF033
ORD04313,OUT006,2025-03-21,13:46:23,130000,OVO,takeaway,STF034
ORD04937,OUT001,2025-03-21,13:49:16,57000,Tunai,takeaway,STF001
ORD04251,OUT005,2025-03-21,19:51:41,80000,QRIS,delivery,STF025
ORD04372,OUT007,2025-03-21,20:23:08,124000,QRIS,delivery,STF039
ORD04758,OUT004,2025-03-21,21:38:50,37000,QRIS,dine_in,STF023
ORD04998,OUT016,2025-03-22,07:16:55,65000,Tunai,delivery,STF096
ORD04457,OUT019,2025-03-22,08:09:23,73000,QRIS,dine_in,STF112
ORD04345,OUT014,2025-03-22,08:12:14,50000,GoPay,dine_in,STF079
ORD04785,OUT020,2025-03-22,08:40:43,22000,QRIS,dine_in,STF118
ORD04360,OUT009,2025-03-22,11:38:01,29000,OVO,dine_in,STF050
ORD04812,OUT004,2025-03-22,13:33:46,94000,Tunai,delivery,STF020
ORD04439,OUT009,2025-03-22,13:53:36,45000,QRIS,delivery,STF053
ORD04692,OUT004,2025-03-22,17:56:32,126000,QRIS,dine_in,STF023
ORD04314,OUT019,2025-03-22,18:02:07,282000,QRIS,takeaway,STF113
ORD04885,OUT002,2025-03-22,18:33:21,52000,QRIS,takeaway,STF007
ORD04820,OUT010,2025-03-22,19:13:50,207000,Kartu Debit,takeaway,STF060
ORD04422,OUT005,2025-03-22,19:33:04,182000,GoPay,dine_in,STF026
ORD04988,OUT001,2025-03-22,19:37:16,73000,Tunai,dine_in,STF005
ORD04365,OUT007,2025-03-22,21:11:03,27000,OVO,dine_in,STF038
ORD04729,OUT019,2025-03-22,22:30:32,28000,Kartu Debit,takeaway,STF113
ORD04437,OUT002,2025-03-22,22:44:52,72000,OVO,takeaway,STF008
ORD04545,OUT009,2025-03-23,07:07:58,25000,OVO,dine_in,STF053
ORD04713,OUT019,2025-03-23,07:17:15,229000,OVO,delivery,STF113
ORD04285,OUT013,2025-03-23,08:14:33,52000,OVO,takeaway,STF073
ORD04847,OUT016,2025-03-23,08:30:50,156000,QRIS,dine_in,STF093
ORD04574,OUT011,2025-03-23,09:50:28,35000,GoPay,takeaway,STF064
ORD04266,OUT010,2025-03-23,13:26:34,83000,QRIS,takeaway,STF055
ORD04748,OUT020,2025-03-23,17:24:00,28000,GoPay,dine_in,STF116
ORD04641,OUT003,2025-03-23,18:37:16,29000,GoPay,delivery,STF014
ORD04601,OUT006,2025-03-23,19:07:53,87000,Tunai,dine_in,STF031
ORD04303,OUT020,2025-03-23,19:07:54,49000,GoPay,takeaway,STF118
ORD04958,OUT006,2025-03-24,07:30:24,167000,GoPay,dine_in,STF032
ORD04391,OUT001,2025-03-24,07:31:30,91000,Tunai,takeaway,STF006
ORD04597,OUT020,2025-03-24,07:59:21,58000,Kartu Debit,dine_in,STF118
ORD04911,OUT017,2025-03-24,08:06:14,102000,GoPay,dine_in,STF102
ORD04361,OUT004,2025-03-24,13:22:23,105000,Tunai,takeaway,STF024
ORD04293,OUT012,2025-03-24,13:25:22,99000,GoPay,dine_in,STF071
ORD04559,OUT006,2025-03-24,15:39:06,47000,OVO,dine_in,STF036
ORD04845,OUT019,2025-03-24,17:23:30,168000,GoPay,dine_in,STF114
ORD04968,OUT013,2025-03-24,17:50:44,44000,Tunai,takeaway,STF077
ORD04252,OUT019,2025-03-24,18:15:21,142000,Kartu Debit,takeaway,STF112
ORD04769,OUT019,2025-03-25,07:03:45,27000,GoPay,delivery,STF111
ORD04821,OUT016,2025-03-25,08:22:40,29000,Kartu Debit,delivery,STF093
ORD04686,OUT002,2025-03-25,12:25:34,29000,OVO,delivery,STF009
ORD04709,OUT007,2025-03-25,12:27:06,27000,Tunai,dine_in,STF037
ORD04305,OUT007,2025-03-25,17:07:03,33000,Kartu Debit,dine_in,STF039
ORD04328,OUT010,2025-03-26,12:10:59,76000,OVO,dine_in,STF060
ORD04568,OUT007,2025-03-26,12:30:16,67000,Tunai,takeaway,STF039
ORD04406,OUT008,2025-03-26,13:34:39,23000,GoPay,dine_in,STF048
ORD04741,OUT017,2025-03-26,14:44:15,27000,QRIS,dine_in,STF097
ORD04347,OUT020,2025-03-26,18:38:51,179000,Tunai,dine_in,STF115
ORD04543,OUT011,2025-03-26,19:22:15,54000,QRIS,dine_in,STF063
ORD04866,OUT012,2025-03-26,19:43:46,24000,GoPay,dine_in,STF070
ORD04514,OUT007,2025-03-26,22:30:50,44000,GoPay,delivery,STF037
ORD04582,OUT003,2025-03-27,07:25:32,34000,Tunai,takeaway,STF015
ORD04834,OUT002,2025-03-27,08:21:42,66000,Tunai,delivery,STF012
ORD04387,OUT016,2025-03-27,12:37:14,146000,Tunai,takeaway,STF096
ORD04577,OUT001,2025-03-27,15:49:10,152000,GoPay,delivery,STF005
ORD04618,OUT002,2025-03-27,17:37:20,40000,GoPay,dine_in,STF007
ORD04415,OUT001,2025-03-27,17:59:03,27000,Tunai,delivery,STF006
ORD04301,OUT017,2025-03-27,18:48:29,30000,Kartu Debit,dine_in,STF102
ORD04806,OUT005,2025-03-27,21:02:09,56000,OVO,dine_in,STF029
ORD04658,OUT009,2025-03-27,21:16:21,44000,GoPay,dine_in,STF053
ORD04718,OUT014,2025-03-28,07:17:03,78000,Kartu Debit,dine_in,STF081
ORD04930,OUT019,2025-03-28,07:41:35,22000,QRIS,dine_in,STF111
ORD04403,OUT012,2025-03-28,11:03:46,67000,Tunai,delivery,STF069
ORD04418,OUT016,2025-03-28,11:34:46,25000,OVO,dine_in,STF096
ORD04898,OUT004,2025-03-28,12:07:54,24000,QRIS,takeaway,STF022
ORD04778,OUT010,2025-03-28,13:20:37,39000,GoPay,dine_in,STF057
ORD04794,OUT020,2025-03-28,13:36:25,258000,Kartu Debit,dine_in,STF118
ORD04956,OUT016,2025-03-28,13:42:52,29000,OVO,dine_in,STF092
ORD04515,OUT020,2025-03-28,13:54:07,54000,Kartu Debit,dine_in,STF120
ORD04800,OUT012,2025-03-28,17:10:53,67000,OVO,dine_in,STF071
ORD04803,OUT011,2025-03-28,18:15:17,27000,OVO,dine_in,STF064
ORD04807,OUT004,2025-03-28,22:25:40,40000,Tunai,delivery,STF019
ORD04583,OUT013,2025-03-28,22:54:34,36000,QRIS,dine_in,STF076
ORD04716,OUT006,2025-03-29,07:56:09,157000,Tunai,dine_in,STF034
ORD04341,OUT006,2025-03-29,08:13:30,50000,Kartu Debit,takeaway,STF031
ORD04902,OUT014,2025-03-29,12:45:51,27000,QRIS,dine_in,STF084
ORD04286,OUT017,2025-03-29,17:08:10,119000,GoPay,dine_in,STF102
ORD04704,OUT002,2025-03-29,19:15:41,136000,GoPay,takeaway,STF012
ORD04505,OUT016,2025-03-29,19:21:16,29000,QRIS,takeaway,STF093
ORD04830,OUT008,2025-03-30,07:17:28,121000,Kartu Debit,dine_in,STF044
ORD04632,OUT006,2025-03-30,08:13:34,37000,Tunai,takeaway,STF033
ORD04832,OUT004,2025-03-30,08:33:03,68000,Tunai,takeaway,STF020
ORD04397,OUT013,2025-03-30,08:37:26,100000,QRIS,delivery,STF078
ORD04596,OUT004,2025-03-30,10:34:03,63000,OVO,delivery,STF022
ORD04867,OUT008,2025-03-30,11:33:34,202000,OVO,dine_in,STF046
ORD04743,OUT014,2025-03-30,12:09:59,29000,Tunai,delivery,STF081
ORD04371,OUT012,2025-03-30,12:40:35,170000,GoPay,dine_in,STF068
ORD04257,OUT004,2025-03-30,15:48:17,50000,OVO,dine_in,STF019
ORD04408,OUT019,2025-03-30,17:13:46,168000,Kartu Debit,dine_in,STF112
ORD04511,OUT007,2025-03-30,19:33:30,27000,QRIS,dine_in,STF039
ORD04653,OUT012,2025-03-30,19:53:30,54000,OVO,takeaway,STF071
ORD04299,OUT013,2025-03-30,20:28:44,134000,OVO,dine_in,STF077
ORD04253,OUT007,2025-03-31,13:25:08,39000,QRIS,dine_in,STF038
ORD04730,OUT001,2025-03-31,17:26:25,30000,QRIS,dine_in,STF005
ORD04508,OUT003,2025-03-31,18:04:24,59000,OVO,takeaway,STF013
ORD04772,OUT010,2025-03-31,19:08:48,20000,Kartu Debit,dine_in,STF059
